x position,y position,Simulation Output (°C),Analytical Output (°C),Absolute error (%),Relative error (%)
-0.9661016949152542,-0.0847457627118644,0.9519417950712178,0.9550006868903631,0.0,0.32
-0.9661016949152542,-0.05084745762711865,0.9524545853168892,0.9620938944505892,0.01,1.01
-0.9661016949152542,-0.01694915254237288,0.9523128291251911,0.965655744647197,0.01,1.4
-0.9661016949152542,0.01694915254237288,0.9522606258740034,0.965655744647197,0.01,1.41
-0.9661016949152542,0.05084745762711865,0.9525191593158377,0.9620938944505892,0.01,1.01
-0.9661016949152542,0.0847457627118644,0.9519079610292918,0.9550006868903631,0.0,0.32
-0.9322033898305084,-0.15254237288135594,0.9207979071084214,0.8953339821420567,0.03,2.77
-0.9322033898305084,-0.11864406779661017,0.923120216733541,0.9097644946962988,0.01,1.45
-0.9322033898305084,-0.0847457627118644,0.9225163084358441,0.920702502127307,0.0,0.2
-0.9322033898305084,-0.05084745762711865,0.9217342020877949,0.9280503467241089,0.01,0.69
-0.9322033898305084,-0.01694915254237288,0.9215789496907207,0.9317412293316142,0.01,1.1
-0.9322033898305084,0.01694915254237288,0.9217758609329062,0.9317412293316142,0.01,1.08
-0.9322033898305084,0.05084745762711865,0.9219525450145621,0.9280503467241089,0.01,0.66
-0.9322033898305084,0.0847457627118644,0.9225880499969602,0.920702502127307,0.0,0.2
-0.9322033898305084,0.11864406779661017,0.9231438422136293,0.9097644946962988,0.01,1.45
-0.9322033898305084,0.15254237288135594,0.920790694196071,0.8953339821420567,0.03,2.76
-0.8983050847457628,-0.15254237288135594,0.8931754853563953,0.8600890784585583,0.03,3.7
-0.8983050847457628,-0.11864406779661017,0.8923051829631298,0.8750360754056127,0.02,1.94
-0.8983050847457628,-0.0847457627118644,0.8911890211855639,0.8863745876418302,0.0,0.54
-0.8983050847457628,-0.05084745762711865,0.8907552689158289,0.8939958964035942,0.0,0.36
-0.8983050847457628,-0.01694915254237288,0.8899197905908931,0.8978254913372722,0.01,0.89
-0.8983050847457628,0.01694915254237288,0.8902462818444545,0.8978254913372722,0.01,0.85
-0.8983050847457628,0.05084745762711865,0.8903748270269043,0.8939958964035942,0.0,0.41
-0.8983050847457628,0.0847457627118644,0.8910242775836306,0.8863745876418302,0.0,0.52
-0.8983050847457628,0.11864406779661017,0.8919714811947006,0.8750360754056127,0.02,1.9
-0.8983050847457628,0.15254237288135594,0.8931269260015224,0.8600890784585583,0.03,3.7
-0.864406779661017,-0.1864406779661017,0.8628837206323098,0.8056670619222915,0.06,6.63
-0.864406779661017,-0.15254237288135594,0.8625186178615533,0.8247439575344636,0.04,4.38
-0.864406779661017,-0.11864406779661017,0.8607666382214332,0.8402445833002502,0.02,2.38
-0.864406779661017,-0.0847457627118644,0.8601563718764677,0.8520135196773242,0.01,0.95
-0.864406779661017,-0.05084745762711865,0.8592542704443925,0.8599292706113625,0.0,0.08
-0.864406779661017,-0.01694915254237288,0.8586809379595977,0.8639083869416696,0.01,0.61
-0.864406779661017,0.01694915254237288,0.859107031825834,0.8639083869416696,0.0,0.56
-0.864406779661017,0.05084745762711865,0.859220413772303,0.8599292706113625,0.0,0.08
-0.864406779661017,0.0847457627118644,0.8597436493975167,0.8520135196773242,0.01,0.9
-0.864406779661017,0.11864406779661017,0.8612588850278294,0.8402445833002502,0.02,2.44
-0.864406779661017,0.15254237288135594,0.8624793470960782,0.8247439575344636,0.04,4.38
-0.864406779661017,0.1864406779661017,0.8629522538368286,0.8056670619222915,0.06,6.64
-0.8305084745762712,-0.22033898305084745,0.8307467232971503,0.7462350042018292,0.08,10.17
-0.8305084745762712,-0.1864406779661017,0.8324858520037646,0.7695029591052718,0.06,7.57
-0.8305084745762712,-0.15254237288135594,0.8306195038724923,0.7892872451256714,0.04,4.98
-0.8305084745762712,-0.11864406779661017,0.8294233422500776,0.8053826389107794,0.02,2.9
-0.8305084745762712,-0.0847457627118644,0.8281512622644458,0.8176153312536452,0.01,1.27
-0.8305084745762712,-0.05084745762711865,0.8270498190284122,0.8258489907602931,0.0,0.15
-0.8305084745762712,-0.01694915254237288,0.8269333572422877,0.8299897489838364,0.0,0.37
-0.8305084745762712,0.01694915254237288,0.8272323962098959,0.8299897489838364,0.0,0.33
-0.8305084745762712,0.05084745762711865,0.8271518670557756,0.8258489907602931,0.0,0.16
-0.8305084745762712,0.0847457627118644,0.8278582705820167,0.8176153312536452,0.01,1.24
-0.8305084745762712,0.11864406779661017,0.8290755582045668,0.8053826389107794,0.02,2.86
-0.8305084745762712,0.15254237288135594,0.8305250354405516,0.7892872451256714,0.04,4.97
-0.8305084745762712,0.1864406779661017,0.832429994686256,0.7695029591052718,0.06,7.56
-0.8305084745762712,0.22033898305084745,0.8309744856969126,0.7462350042018292,0.08,10.2
-0.7966101694915254,-0.22033898305084745,0.801785059046996,0.7090424397109858,0.09,11.57
-0.7966101694915254,-0.1864406779661017,0.8008060320255984,0.7331629705470369,0.07,8.45
-0.7966101694915254,-0.15254237288135594,0.7986968831757782,0.7537058234210195,0.04,5.63
-0.7966101694915254,-0.11864406779661017,0.7968781324022152,0.7704416820139651,0.03,3.32
-0.7966101694915254,-0.0847457627118644,0.7957095080555481,0.7831754007872994,0.01,1.58
-0.7966101694915254,-0.05084745762711865,0.7949185991638723,0.791753329354482,0.0,0.4
-0.7966101694915254,-0.01694915254237288,0.7948257502603054,0.7960693818846014,0.0,0.16
-0.7966101694915254,0.01694915254237288,0.7945553901635191,0.7960693818846014,0.0,0.19
-0.7966101694915254,0.05084745762711865,0.7953514339000561,0.791753329354482,0.0,0.45
-0.7966101694915254,0.0847457627118644,0.7958723779527282,0.7831754007872994,0.01,1.6
-0.7966101694915254,0.11864406779661017,0.7970944101614503,0.7704416820139651,0.03,3.34
-0.7966101694915254,0.15254237288135594,0.7986476065281856,0.7537058234210195,0.04,5.63
-0.7966101694915254,0.1864406779661017,0.8006207500060011,0.7331629705470369,0.07,8.43
-0.7966101694915254,0.22033898305084745,0.8015996551352966,0.7090424397109858,0.09,11.55
-0.7627118644067796,-0.22033898305084745,0.7703869426424457,0.6715953006979888,0.1,12.82
-0.7627118644067796,-0.1864406779661017,0.7682218544314617,0.6966266321543745,0.07,9.32
-0.7627118644067796,-0.15254237288135594,0.7661865870059188,0.7179844947431823,0.05,6.29
-0.7627118644067796,-0.11864406779661017,0.7644440555098745,0.7354117298135019,0.03,3.8
-0.7627118644067796,-0.0847457627118644,0.7635439586649537,0.748688312371841,0.01,1.95
-0.7627118644067796,-0.05084745762711865,0.7623378231400808,0.7576402554572217,0.0,0.62
-0.7627118644067796,-0.01694915254237288,0.7617990050335421,0.7621470553413102,0.0,0.05
-0.7627118644067796,0.01694915254237288,0.76237191063654,0.7621470553413102,0.0,0.03
-0.7627118644067796,0.05084745762711865,0.7626411731210578,0.7576402554572217,0.01,0.66
-0.7627118644067796,0.0847457627118644,0.7633621761118905,0.748688312371841,0.01,1.92
-0.7627118644067796,0.11864406779661017,0.764506354135434,0.7354117298135019,0.03,3.81
-0.7627118644067796,0.15254237288135594,0.7661742254526925,0.7179844947431823,0.05,6.29
-0.7627118644067796,0.1864406779661017,0.7684243600111286,0.6966266321543745,0.07,9.34
-0.7627118644067796,0.22033898305084745,0.7706130040721871,0.6715953006979888,0.1,12.85
-0.7288135593220338,-0.2542372881355932,0.7366001544103628,0.6044072111422708,0.13,17.95
-0.7288135593220338,-0.22033898305084745,0.7381141784784881,0.6338648789364065,0.1,14.12
-0.7288135593220338,-0.1864406779661017,0.7357224980591257,0.6598703481818027,0.08,10.31
-0.7288135593220338,-0.15254237288135594,0.7333156547879864,0.6821055677757477,0.05,6.98
-0.7288135593220338,-0.11864406779661017,0.7312348529544979,0.7002810744481351,0.03,4.23
-0.7288135593220338,-0.0847457627118644,0.7300698208359764,0.7141476790183234,0.02,2.18
-0.7288135593220338,-0.05084745762711865,0.7289297342058286,0.7235073652103453,0.01,0.74
-0.7288135593220338,-0.01694915254237288,0.7287863431231212,0.7282224962663661,0.0,0.08
-0.7288135593220338,0.01694915254237288,0.7292875478184959,0.7282224962663661,0.0,0.15
-0.7288135593220338,0.05084745762711865,0.7295847083633193,0.7235073652103453,0.01,0.83
-0.7288135593220338,0.0847457627118644,0.7299033388531526,0.7141476790183234,0.02,2.16
-0.7288135593220338,0.11864406779661017,0.7319559325296462,0.7002810744481351,0.03,4.33
-0.7288135593220338,0.15254237288135594,0.7334790621769505,0.6821055677757477,0.05,7.0
-0.7288135593220338,0.1864406779661017,0.7356582711508706,0.6598703481818027,0.08,10.3
-0.7288135593220338,0.22033898305084745,0.7380988450485964,0.6338648789364065,0.1,14.12
-0.7288135593220338,0.2542372881355932,0.7364077759495311,0.6044072111422708,0.13,17.92
-0.6949152542372882,-0.2542372881355932,0.7051833026133474,0.565259558779325,0.14,19.84
-0.6949152542372882,-0.22033898305084745,0.7054568214097949,0.5958184060361179,0.11,15.54
-0.6949152542372882,-0.1864406779661017,0.7024534735818588,0.622866815248484,0.08,11.33
-0.6949152542372882,-0.15254237288135594,0.7007243826229435,0.6460483460417586,0.05,7.8
-0.6949152542372882,-0.11864406779661017,0.698147025856142,0.6650359017912296,0.03,4.74
-0.6949152542372882,-0.0847457627118644,0.6969543962194266,0.6795459170002776,0.02,2.5
-0.6949152542372882,-0.05084745762711865,0.6954885655907974,0.6893517924121944,0.01,0.88
-0.6949152542372882,-0.01694915254237288,0.6957180321425005,0.6942953783713617,0.0,0.2
-0.6949152542372882,0.01694915254237288,0.6952060257026385,0.6942953783713617,0.0,0.13
-0.6949152542372882,0.05084745762711865,0.6956458820949172,0.6893517924121944,0.01,0.9
-0.6949152542372882,0.0847457627118644,0.6970038919233742,0.6795459170002776,0.02,2.5
-0.6949152542372882,0.11864406779661017,0.6981632261917851,0.6650359017912296,0.03,4.74
-0.6949152542372882,0.15254237288135594,0.7001504700651144,0.6460483460417586,0.05,7.73
-0.6949152542372882,0.1864406779661017,0.702580579265466,0.622866815248484,0.08,11.35
-0.6949152542372882,0.22033898305084745,0.7055305649141529,0.5958184060361179,0.11,15.55
-0.6949152542372882,0.2542372881355932,0.7054641294381424,0.565259558779325,0.14,19.87
-0.6610169491525424,-0.2542372881355932,0.6732601941731573,0.5256913974963778,0.15,21.92
-0.6610169491525424,-0.22033898305084745,0.6718615543410877,0.5574184350127313,0.11,17.03
-0.6610169491525424,-0.1864406779661017,0.669121184610109,0.5855843313259302,0.08,12.48
-0.6610169491525424,-0.15254237288135594,0.6661269788553258,0.6097884927423958,0.06,8.46
-0.6610169491525424,-0.11864406779661017,0.6645147047741784,0.6296598073424587,0.03,5.25
-0.6610169491525424,-0.0847457627118644,0.6629051680448399,0.6448739549630735,0.02,2.72
-0.6610169491525424,-0.05084745762711865,0.6620778324411393,0.6551700921679232,0.01,1.04
-0.6610169491525424,-0.01694915254237288,0.6613654950553436,0.6603653085538512,0.0,0.15
-0.6610169491525424,0.01694915254237288,0.6617160066701532,0.6603653085538512,0.0,0.2
-0.6610169491525424,0.05084745762711865,0.6623693255479269,0.6551700921679232,0.01,1.09
-0.6610169491525424,0.0847457627118644,0.6629068345251469,0.6448739549630735,0.02,2.72
-0.6610169491525424,0.11864406779661017,0.6641746804779599,0.6296598073424587,0.03,5.2
-0.6610169491525424,0.15254237288135594,0.6662609018149093,0.6097884927423958,0.06,8.48
-0.6610169491525424,0.1864406779661017,0.6687889307748148,0.5855843313259302,0.08,12.44
-0.6610169491525424,0.22033898305084745,0.6724520279853846,0.5574184350127313,0.12,17.11
-0.6610169491525424,0.2542372881355932,0.6731621469658864,0.5256913974963778,0.15,21.91
-0.6271186440677966,-0.2542372881355932,0.6399189663918081,0.4856572253080967,0.15,24.11
-0.6271186440677966,-0.22033898305084745,0.6380813342456191,0.5186221564733661,0.12,18.72
-0.6271186440677966,-0.1864406779661017,0.6347704997817895,0.5479859700578373,0.09,13.67
-0.6271186440677966,-0.15254237288135594,0.6326672467428074,0.5732972390621107,0.06,9.38
-0.6271186440677966,-0.11864406779661017,0.6300014470635569,0.5941331765094499,0.04,5.69
-0.6271186440677966,-0.0847457627118644,0.6283459700817747,0.6101208550029659,0.02,2.9
-0.6271186440677966,-0.05084745762711865,0.6275502008962156,0.6209580876939804,0.01,1.05
-0.6271186440677966,-0.01694915254237288,0.6270579576433237,0.626431808880469,0.0,0.1
-0.6271186440677966,0.01694915254237288,0.6269669000959148,0.626431808880469,0.0,0.09
-0.6271186440677966,0.05084745762711865,0.6275816665204758,0.6209580876939804,0.01,1.06
-0.6271186440677966,0.0847457627118644,0.6284974999451229,0.6101208550029659,0.02,2.92
-0.6271186440677966,0.11864406779661017,0.6300218844514885,0.5941331765094499,0.04,5.7
-0.6271186440677966,0.15254237288135594,0.632645337066809,0.5732972390621107,0.06,9.38
-0.6271186440677966,0.1864406779661017,0.6354162016554515,0.5479859700578373,0.09,13.76
-0.6271186440677966,0.22033898305084745,0.6383647571630979,0.5186221564733661,0.12,18.76
-0.6271186440677966,0.2542372881355932,0.63981859209655,0.4856572253080967,0.15,24.09
-0.5932203389830508,-0.2542372881355932,0.6057839446433795,0.44510655206685595,0.16,26.52
-0.5932203389830508,-0.22033898305084745,0.6038852661276545,0.47938067178804467,0.12,20.62
-0.5932203389830508,-0.1864406779661017,0.6002497913412072,0.5100286021593152,0.09,15.03
-0.5932203389830508,-0.15254237288135594,0.597130249701421,0.5365403946202403,0.06,10.15
-0.5932203389830508,-0.11864406779661017,0.5950646931952066,0.5584323848002529,0.04,6.16
-0.5932203389830508,-0.0847457627118644,0.5933736470886128,0.5752733135076995,0.02,3.05
-0.5932203389830508,-0.05084745762711865,0.5922776579720803,0.5867106659732538,0.01,0.94
-0.5932203389830508,-0.01694915254237288,0.591517556399285,0.5924942924106006,0.0,0.17
-0.5932203389830508,0.01694915254237288,0.5924549143015054,0.5924942924106006,0.0,0.01
-0.5932203389830508,0.05084745762711865,0.591942594547106,0.5867106659732538,0.01,0.88
-0.5932203389830508,0.0847457627118644,0.5934604062656913,0.5752733135076995,0.02,3.06
-0.5932203389830508,0.11864406779661017,0.5953241609093701,0.5584323848002529,0.04,6.2
-0.5932203389830508,0.15254237288135594,0.5972914172653537,0.5365403946202403,0.06,10.17
-0.5932203389830508,0.1864406779661017,0.600475861643847,0.5100286021593152,0.09,15.06
-0.5932203389830508,0.22033898305084745,0.6040229932940238,0.47938067178804467,0.12,20.64
-0.5932203389830508,0.2542372881355932,0.6054945327672845,0.44510655206685595,0.16,26.49
-0.559322033898305,-0.2542372881355932,0.5704650118271607,0.40398389138556257,0.17,29.18
-0.559322033898305,-0.22033898305084745,0.5692003880209416,0.43963827498290925,0.13,22.76
-0.559322033898305,-0.1864406779661017,0.5650165614374852,0.4716617527030802,0.09,16.52
-0.559322033898305,-0.15254237288135594,0.5622879056089836,0.49947710930027417,0.06,11.17
-0.559322033898305,-0.11864406779661017,0.5591952731642975,0.5225287571168662,0.04,6.56
-0.559322033898305,-0.0847457627118644,0.5576166853861266,0.540314995631819,0.02,3.1
-0.559322033898305,-0.05084745762711865,0.5564437551534178,0.5524215012763841,0.0,0.72
-0.559322033898305,-0.01694915254237288,0.5559648967004779,0.5585520302568951,0.0,0.47
-0.559322033898305,0.01694915254237288,0.5556596225705229,0.5585520302568951,0.0,0.52
-0.559322033898305,0.05084745762711865,0.5569512708730274,0.5524215012763841,0.0,0.81
-0.559322033898305,0.0847457627118644,0.5579423591574061,0.540314995631819,0.02,3.16
-0.559322033898305,0.11864406779661017,0.55984910578928,0.5225287571168662,0.04,6.67
-0.559322033898305,0.15254237288135594,0.5623434673558204,0.49947710930027417,0.06,11.18
-0.559322033898305,0.1864406779661017,0.5652768064359075,0.4716617527030802,0.09,16.56
-0.559322033898305,0.22033898305084745,0.5692778813983417,0.43963827498290925,0.13,22.77
-0.559322033898305,0.2542372881355932,0.5703020545538071,0.40398389138556257,0.17,29.16
-0.5254237288135594,-0.2542372881355932,0.5340664626231886,0.36222920122570706,0.17,32.18
-0.5254237288135594,-0.22033898305084745,0.5336418078776012,0.39933184822755435,0.13,25.17
-0.5254237288135594,-0.1864406779661017,0.5296866103207483,0.43282630191593613,0.1,18.29
-0.5254237288135594,-0.15254237288135594,0.5263242520268889,0.4620583267048602,0.06,12.21
-0.5254237288135594,-0.11864406779661017,0.5237446998501059,0.48638720278061687,0.04,7.13
-0.5254237288135594,-0.0847457627118644,0.5221171685128205,0.5052256364062536,0.02,3.24
-0.5254237288135594,-0.05084745762711865,0.5203229274022827,0.5180826751802328,0.0,0.43
-0.5254237288135594,-0.01694915254237288,0.51953575937645,0.5246041059410124,0.01,0.98
-0.5254237288135594,0.01694915254237288,0.5194328370927094,0.5246041059410124,0.01,1.0
-0.5254237288135594,0.05084745762711865,0.5204740631572001,0.5180826751802328,0.0,0.46
-0.5254237288135594,0.0847457627118644,0.5216496226304861,0.5052256364062536,0.02,3.15
-0.5254237288135594,0.11864406779661017,0.5233813780016879,0.48638720278061687,0.04,7.07
-0.5254237288135594,0.15254237288135594,0.5263652620774277,0.4620583267048602,0.06,12.22
-0.5254237288135594,0.1864406779661017,0.5297948328779757,0.43282630191593613,0.1,18.3
-0.5254237288135594,0.22033898305084745,0.5336806648511986,0.39933184822755435,0.13,25.17
-0.5254237288135594,0.2542372881355932,0.5340724434399654,0.36222920122570706,0.17,32.18
-0.4915254237288136,-0.2542372881355932,0.49600235284830524,0.31977911641383056,0.18,35.53
-0.4915254237288136,-0.22033898305084745,0.497577780795853,0.3583905704699284,0.14,27.97
-0.4915254237288136,-0.1864406779661017,0.49344813344558347,0.39345307945575936,0.1,20.26
-0.4915254237288136,-0.15254237288135594,0.49026086795183443,0.42422486497752215,0.07,13.47
-0.4915254237288136,-0.11864406779661017,0.48680915134249664,0.4499644121508141,0.04,7.57
-0.4915254237288136,-0.0847457627118644,0.4852613710403233,0.46997980972962483,0.02,3.15
-0.4915254237288136,-0.05084745762711865,0.4833399207515134,0.48368414521548253,0.0,0.07
-0.4915254237288136,-0.01694915254237288,0.4821745402510881,0.4906493509392248,0.01,1.76
-0.4915254237288136,0.01694915254237288,0.4826296267672327,0.4906493509392248,0.01,1.66
-0.4915254237288136,0.05084745762711865,0.4835665588192321,0.48368414521548253,0.0,0.02
-0.4915254237288136,0.0847457627118644,0.4844063922442767,0.46997980972962483,0.01,2.98
-0.4915254237288136,0.11864406779661017,0.48700402054043523,0.4499644121508141,0.04,7.61
-0.4915254237288136,0.15254237288135594,0.4896803900849013,0.42422486497752215,0.07,13.37
-0.4915254237288136,0.1864406779661017,0.49344732249204915,0.39345307945575936,0.1,20.26
-0.4915254237288136,0.22033898305084745,0.49792779287696476,0.3583905704699284,0.14,28.02
-0.4915254237288136,0.2542372881355932,0.4961049166677669,0.31977911641383056,0.18,35.54
-0.4576271186440678,-0.2542372881355932,0.4549119558776623,0.2765695336881701,0.18,39.2
-0.4576271186440678,-0.22033898305084745,0.4607308794831768,0.3167363057533559,0.14,31.25
-0.4576271186440678,-0.1864406779661017,0.4566485966176974,0.3534614907343912,0.1,22.6
-0.4576271186440678,-0.15254237288135594,0.4522909640228325,0.3859050703934293,0.07,14.68
-0.4576271186440678,-0.11864406779661017,0.44964654098243556,0.41320645998289046,0.04,8.1
-0.4576271186440678,-0.0847457627118644,0.44721966222277276,0.4345452175198117,0.01,2.83
-0.4576271186440678,-0.05084745762711865,0.44606509561717556,0.44921298742310467,0.0,0.71
-0.4576271186440678,-0.01694915254237288,0.4451244471543914,0.4566862517151327,0.01,2.6
-0.4576271186440678,0.01694915254237288,0.44490521269441324,0.4566862517151327,0.01,2.65
-0.4576271186440678,0.05084745762711865,0.4458566382607976,0.44921298742310467,0.0,0.75
-0.4576271186440678,0.0847457627118644,0.44718401114447986,0.4345452175198117,0.01,2.83
-0.4576271186440678,0.11864406779661017,0.4498024763074924,0.41320645998289046,0.04,8.14
-0.4576271186440678,0.15254237288135594,0.45277695121101635,0.3859050703934293,0.07,14.77
-0.4576271186440678,0.1864406779661017,0.4563575502843231,0.3534614907343912,0.1,22.55
-0.4576271186440678,0.22033898305084745,0.46065008270259417,0.3167363057533559,0.14,31.24
-0.4576271186440678,0.2542372881355932,0.45500031738056457,0.2765695336881701,0.18,39.22
-0.423728813559322,-0.22033898305084745,0.42229003843949336,0.2742853297376104,0.15,35.05
-0.423728813559322,-0.1864406779661017,0.41825786077614896,0.3127584924346264,0.11,25.22
-0.423728813559322,-0.15254237288135594,0.41394408364418595,0.34701203529260155,0.07,16.17
-0.423728813559322,-0.11864406779661017,0.4113923188754131,0.3760456104104194,0.04,8.59
-0.423728813559322,-0.0847457627118644,0.4088889841849751,0.39888027485732347,0.01,2.45
-0.423728813559322,-0.05084745762711865,0.4069841104540239,0.41465229322572467,0.01,1.88
-0.423728813559322,-0.01694915254237288,0.40668440043656917,0.42271281236772645,0.02,3.94
-0.423728813559322,0.01694915254237288,0.4063533081055346,0.42271281236772645,0.02,4.03
-0.423728813559322,0.05084745762711865,0.4077003027300485,0.41465229322572467,0.01,1.71
-0.423728813559322,0.0847457627118644,0.40864234088855306,0.39888027485732347,0.01,2.39
-0.423728813559322,0.11864406779661017,0.411248331869526,0.3760456104104194,0.04,8.56
-0.423728813559322,0.15254237288135594,0.41435629403945357,0.34701203529260155,0.07,16.25
-0.423728813559322,0.1864406779661017,0.418963457238443,0.3127584924346264,0.11,25.35
-0.423728813559322,0.22033898305084745,0.4223034565019278,0.2742853297376104,0.15,35.05
-0.3898305084745763,-0.22033898305084745,0.381201405706298,0.230952558540345,0.15,39.41
-0.3898305084745763,-0.1864406779661017,0.37965016671329044,0.27123858690298003,0.11,28.56
-0.3898305084745763,-0.15254237288135594,0.37520556883012546,0.30744050501708003,0.07,18.06
-0.3898305084745763,-0.11864406779661017,0.3717992742556132,0.33839606676923517,0.03,8.98
-0.3898305084745763,-0.0847457627118644,0.36945625926076664,0.36293064658591867,0.01,1.77
-0.3898305084745763,-0.05084745762711865,0.3685319840152688,0.37997952381491173,0.01,3.11
-0.3898305084745763,-0.01694915254237288,0.36768215234835516,0.3887263460659333,0.02,5.72
-0.3898305084745763,0.01694915254237288,0.36714992790183193,0.3887263460659333,0.02,5.88
-0.3898305084745763,0.05084745762711865,0.36867372988611946,0.37997952381491173,0.01,3.07
-0.3898305084745763,0.0847457627118644,0.3694989203110769,0.36293064658591867,0.01,1.78
-0.3898305084745763,0.11864406779661017,0.3723313620283098,0.33839606676923517,0.03,9.11
-0.3898305084745763,0.15254237288135594,0.3751207179702683,0.30744050501708003,0.07,18.04
-0.3898305084745763,0.1864406779661017,0.37986388258831855,0.27123858690298003,0.11,28.6
-0.3898305084745763,0.22033898305084745,0.38138293362988923,0.230952558540345,0.15,39.44
-0.3559322033898305,-0.22033898305084745,0.3349736005392673,0.18666030661751284,0.15,44.28
-0.3559322033898305,-0.1864406779661017,0.339855753953803,0.2287861915170701,0.11,32.68
-0.3559322033898305,-0.15254237288135594,0.3351275165191546,0.26706393124011363,0.07,20.31
-0.3559322033898305,-0.11864406779661017,0.33232619876466896,0.30014838808377836,0.03,9.68
-0.3559322033898305,-0.0847457627118644,0.32996543079364904,0.32662420121800856,0.0,1.01
-0.3559322033898305,-0.05084745762711865,0.3280590680457044,0.34516398810461973,0.02,5.21
-0.3559322033898305,-0.01694915254237288,0.327466075721492,0.35472314818301254,0.03,8.32
-0.3559322033898305,0.01694915254237288,0.32723432164127086,0.35472314818301254,0.03,8.4
-0.3559322033898305,0.05084745762711865,0.32811109457504606,0.34516398810461973,0.02,5.2
-0.3559322033898305,0.0847457627118644,0.3300001445223844,0.32662420121800856,0.0,1.02
-0.3559322033898305,0.11864406779661017,0.33218750338931324,0.30014838808377836,0.03,9.64
-0.3559322033898305,0.15254237288135594,0.3357819516385888,0.26706393124011363,0.07,20.47
-0.3559322033898305,0.1864406779661017,0.3397755618120651,0.2287861915170701,0.11,32.67
-0.3559322033898305,0.22033898305084745,0.33514491312118794,0.18666030661751284,0.15,44.3
-0.3220338983050847,-0.1864406779661017,0.2971595585706627,0.1852830584437735,0.11,37.65
-0.3220338983050847,-0.15254237288135594,0.293801588570145,0.22573291248009894,0.07,23.17
-0.3220338983050847,-0.11864406779661017,0.29095942869125835,0.2611624018259932,0.03,10.24
-0.3220338983050847,-0.0847457627118644,0.28883678815909397,0.28986355443376377,0.0,0.36
-0.3220338983050847,-0.05084745762711865,0.28754732038492603,0.310162857980225,0.02,7.86
-0.3220338983050847,-0.01694915254237288,0.2871671652364368,0.320697964816863,0.03,11.68
-0.3220338983050847,0.01694915254237288,0.2872930933854039,0.320697964816863,0.03,11.63
-0.3220338983050847,0.05084745762711865,0.2875539796865521,0.310162857980225,0.02,7.86
-0.3220338983050847,0.0847457627118644,0.2892518454177998,0.28986355443376377,0.0,0.21
-0.3220338983050847,0.11864406779661017,0.29093079185101,0.2611624018259932,0.03,10.23
-0.3220338983050847,0.15254237288135594,0.29388988304279934,0.22573291248009894,0.07,23.19
-0.3220338983050847,0.1864406779661017,0.2968687156269631,0.1852830584437735,0.11,37.59
-0.288135593220339,-0.1864406779661017,0.2479884019685214,0.14062590867553484,0.11,43.29
-0.288135593220339,-0.15254237288135594,0.2517265428951493,0.18327805244286022,0.07,27.19
-0.288135593220339,-0.11864406779661017,0.24851868195937588,0.22125896673373072,0.03,10.97
-0.288135593220339,-0.0847457627118644,0.2467928186556742,0.25251494757209925,0.01,2.32
-0.288135593220339,-0.05084745762711865,0.24681902289114074,0.2749146525114879,0.03,11.38
-0.288135593220339,-0.01694915254237288,0.24675766432172702,0.2866430902037875,0.04,16.16
-0.288135593220339,0.01694915254237288,0.2461700872684907,0.2866430902037875,0.04,16.44
-0.288135593220339,0.05084745762711865,0.24670658086865122,0.2749146525114879,0.03,11.43
-0.288135593220339,0.0847457627118644,0.24695225973310028,0.25251494757209925,0.01,2.25
-0.288135593220339,0.11864406779661017,0.2487101896134743,0.22125896673373072,0.03,11.04
-0.288135593220339,0.15254237288135594,0.251720232978262,0.18327805244286022,0.07,27.19
-0.288135593220339,0.1864406779661017,0.24782794096526634,0.14062590867553484,0.11,43.26
-0.2542372881355932,-0.7288135593220338,-0.7366176548253215,-0.6044072111422707,0.13,17.95
-0.2542372881355932,-0.6949152542372882,-0.7053689823218346,-0.565259558779325,0.14,19.86
-0.2542372881355932,-0.6610169491525424,-0.6730371247709545,-0.5256913974963777,0.15,21.89
-0.2542372881355932,-0.6271186440677966,-0.6396908552512233,-0.48565722530809685,0.15,24.08
-0.2542372881355932,-0.5932203389830508,-0.605685217834745,-0.44510655206685595,0.16,26.51
-0.2542372881355932,-0.559322033898305,-0.5703891539801649,-0.4039838913855625,0.17,29.17
-0.2542372881355932,-0.5254237288135594,-0.5342274624265297,-0.3622292012257068,0.17,32.2
-0.2542372881355932,-0.4915254237288136,-0.4961561944639524,-0.3197791164138308,0.18,35.55
-0.2542372881355932,-0.4576271186440678,-0.4549265497087399,-0.27656953368817033,0.18,39.21
-0.2542372881355932,-0.15254237288135594,0.20524101875433076,0.13952427265831227,0.07,32.02
-0.2542372881355932,-0.11864406779661017,0.20506716385245632,0.18021269224764605,0.02,12.12
-0.2542372881355932,-0.0847457627118644,0.20444760118433672,0.2143917057741274,0.01,4.86
-0.2542372881355932,-0.05084745762711865,0.20483329044441553,0.23932816491439407,0.03,16.84
-0.2542372881355932,-0.01694915254237288,0.20531674928765006,0.2525467518190739,0.05,23.0
-0.2542372881355932,0.01694915254237288,0.20520874330132194,0.2525467518190739,0.05,23.07
-0.2542372881355932,0.05084745762711865,0.204684456916333,0.23932816491439407,0.03,16.93
-0.2542372881355932,0.0847457627118644,0.20438768694981416,0.2143917057741274,0.01,4.89
-0.2542372881355932,0.11864406779661017,0.2048864931536511,0.18021269224764605,0.02,12.04
-0.2542372881355932,0.15254237288135594,0.20451754379491788,0.13952427265831227,0.06,31.78
-0.2542372881355932,0.4576271186440678,-0.4549345187933791,-0.27656953368817033,0.18,39.21
-0.2542372881355932,0.4915254237288136,-0.4960763750849145,-0.3197791164138308,0.18,35.54
-0.2542372881355932,0.5254237288135594,-0.5341476620977945,-0.3622292012257068,0.17,32.19
-0.2542372881355932,0.559322033898305,-0.5702380809403287,-0.4039838913855625,0.17,29.16
-0.2542372881355932,0.5932203389830508,-0.6057224455505065,-0.44510655206685595,0.16,26.52
-0.2542372881355932,0.6271186440677966,-0.6400097588826241,-0.48565722530809685,0.15,24.12
-0.2542372881355932,0.6610169491525424,-0.6728295347314651,-0.5256913974963777,0.15,21.87
-0.2542372881355932,0.6949152542372882,-0.705445346595595,-0.565259558779325,0.14,19.87
-0.2542372881355932,0.7288135593220338,-0.7366050926075326,-0.6044072111422707,0.13,17.95
-0.22033898305084745,-0.8305084745762712,-0.830909397862742,-0.7462350042018289,0.08,10.19
-0.22033898305084745,-0.7966101694915254,-0.8015497375804344,-0.7090424397109856,0.09,11.54
-0.22033898305084745,-0.7627118644067796,-0.7703568463180898,-0.6715953006979888,0.1,12.82
-0.22033898305084745,-0.7288135593220338,-0.7386366203034467,-0.6338648789364065,0.1,14.18
-0.22033898305084745,-0.6949152542372882,-0.7053707764364369,-0.5958184060361177,0.11,15.53
-0.22033898305084745,-0.6610169491525424,-0.6720099977673328,-0.5574184350127313,0.11,17.05
-0.22033898305084745,-0.6271186440677966,-0.6381207798838145,-0.518622156473366,0.12,18.73
-0.22033898305084745,-0.5932203389830508,-0.6041695499281833,-0.47938067178804467,0.12,20.65
-0.22033898305084745,-0.559322033898305,-0.569076211205469,-0.43963827498290897,0.13,22.75
-0.22033898305084745,-0.5254237288135594,-0.5338075357555943,-0.3993318482275541,0.13,25.19
-0.22033898305084745,-0.4915254237288136,-0.4977827013639763,-0.3583905704699282,0.14,28.0
-0.22033898305084745,-0.4576271186440678,-0.46053263799325156,-0.31673630575335565,0.14,31.22
-0.22033898305084745,-0.423728813559322,-0.42256247163359595,-0.27428532973761044,0.15,35.09
-0.22033898305084745,-0.3898305084745763,-0.3813362262459914,-0.23095255854034516,0.15,39.44
-0.22033898305084745,-0.3559322033898305,-0.33501668346550323,-0.18666030661751268,0.15,44.28
-0.22033898305084745,-0.15254237288135594,0.1490144210982423,0.09433235054061594,0.05,36.7
-0.22033898305084745,-0.11864406779661017,0.1593505040215119,0.1377529752159857,0.02,13.55
-0.22033898305084745,-0.0847457627118644,0.1612718639183751,0.1752304658321259,0.01,8.66
-0.22033898305084745,-0.05084745762711865,0.1624088179706657,0.20326283091413191,0.04,25.16
-0.22033898305084745,-0.01694915254237288,0.16466963977312837,0.2183900307226411,0.05,32.62
-0.22033898305084745,0.01694915254237288,0.1644713091633197,0.2183900307226411,0.05,32.78
-0.22033898305084745,0.05084745762711865,0.16314206447813723,0.20326283091413191,0.04,24.59
-0.22033898305084745,0.0847457627118644,0.1611466519766243,0.1752304658321259,0.01,8.74
-0.22033898305084745,0.11864406779661017,0.15950030190573225,0.1377529752159857,0.02,13.63
-0.22033898305084745,0.15254237288135594,0.148908284003706,0.09433235054061594,0.05,36.65
-0.22033898305084745,0.3559322033898305,-0.33525391363494145,-0.18666030661751268,0.15,44.32
-0.22033898305084745,0.3898305084745763,-0.3810306493451679,-0.23095255854034516,0.15,39.39
-0.22033898305084745,0.423728813559322,-0.422091674495657,-0.27428532973761044,0.15,35.02
-0.22033898305084745,0.4576271186440678,-0.46087124226589504,-0.31673630575335565,0.14,31.27
-0.22033898305084745,0.4915254237288136,-0.49786580795636964,-0.3583905704699282,0.14,28.01
-0.22033898305084745,0.5254237288135594,-0.5336066347717301,-0.3993318482275541,0.13,25.16
-0.22033898305084745,0.559322033898305,-0.5690949812505847,-0.43963827498290897,0.13,22.75
-0.22033898305084745,0.5932203389830508,-0.6041280273789635,-0.47938067178804467,0.12,20.65
-0.22033898305084745,0.6271186440677966,-0.6381225067788274,-0.518622156473366,0.12,18.73
-0.22033898305084745,0.6610169491525424,-0.6719858136928998,-0.5574184350127313,0.11,17.05
-0.22033898305084745,0.6949152542372882,-0.7057421913760191,-0.5958184060361177,0.11,15.58
-0.22033898305084745,0.7288135593220338,-0.7382124089977944,-0.6338648789364065,0.1,14.14
-0.22033898305084745,0.7627118644067796,-0.7705077441676269,-0.6715953006979888,0.1,12.84
-0.22033898305084745,0.7966101694915254,-0.8016035510727686,-0.7090424397109856,0.09,11.55
-0.22033898305084745,0.8305084745762712,-0.8309460275716223,-0.7462350042018289,0.08,10.19
-0.1864406779661017,-0.864406779661017,-0.862983339070445,-0.8056670619222915,0.06,6.64
-0.1864406779661017,-0.8305084745762712,-0.8321590295125455,-0.7695029591052718,0.06,7.53
-0.1864406779661017,-0.7966101694915254,-0.8005412568252807,-0.7331629705470367,0.07,8.42
-0.1864406779661017,-0.7627118644067796,-0.7683697706082102,-0.6966266321543745,0.07,9.34
-0.1864406779661017,-0.7288135593220338,-0.7356098405678914,-0.6598703481818027,0.08,10.3
-0.1864406779661017,-0.6949152542372882,-0.7022407891326699,-0.6228668152484839,0.08,11.3
-0.1864406779661017,-0.6610169491525424,-0.6688155845900334,-0.58558433132593,0.08,12.44
-0.1864406779661017,-0.6271186440677966,-0.6351356277022226,-0.5479859700578373,0.09,13.72
-0.1864406779661017,-0.5932203389830508,-0.6005277400541033,-0.5100286021593152,0.09,15.07
-0.1864406779661017,-0.559322033898305,-0.5653480669566083,-0.4716617527030802,0.09,16.57
-0.1864406779661017,-0.5254237288135594,-0.5296266091392624,-0.43282630191593613,0.1,18.28
-0.1864406779661017,-0.4915254237288136,-0.4934639812282834,-0.3934530794557592,0.1,20.27
-0.1864406779661017,-0.4576271186440678,-0.4567531371168136,-0.35346149073439104,0.1,22.61
-0.1864406779661017,-0.423728813559322,-0.4190008033136463,-0.3127584924346262,0.11,25.36
-0.1864406779661017,-0.3898305084745763,-0.3797977940518553,-0.27123858690297986,0.11,28.58
-0.1864406779661017,-0.3559322033898305,-0.3397530870735056,-0.22878619151706991,0.11,32.66
-0.1864406779661017,-0.3220338983050847,-0.2971311881823861,-0.1852830584437736,0.11,37.64
-0.1864406779661017,-0.288135593220339,-0.24809178177412053,-0.14062590867553465,0.11,43.32
-0.1864406779661017,-0.11864406779661017,0.10970381035537471,0.09359572745256041,0.02,14.68
-0.1864406779661017,-0.0847457627118644,0.11815018007382849,0.13466129712852087,0.02,13.97
-0.1864406779661017,-0.05084745762711865,0.12230197806360717,0.16649236976675807,0.04,36.13
-0.1864406779661017,-0.01694915254237288,0.12496786316410272,0.1841405004254614,0.06,47.35
-0.1864406779661017,0.01694915254237288,0.12472159721635703,0.1841405004254614,0.06,47.64
-0.1864406779661017,0.05084745762711865,0.12211630422377664,0.16649236976675807,0.04,36.34
-0.1864406779661017,0.0847457627118644,0.1181599287322295,0.13466129712852087,0.02,13.97
-0.1864406779661017,0.11864406779661017,0.10943946802652771,0.09359572745256041,0.02,14.48
-0.1864406779661017,0.288135593220339,-0.24786164086701895,-0.14062590867553465,0.11,43.26
-0.1864406779661017,0.3220338983050847,-0.2970649941552449,-0.1852830584437736,0.11,37.63
-0.1864406779661017,0.3559322033898305,-0.3395227953631742,-0.22878619151706991,0.11,32.62
-0.1864406779661017,0.3898305084745763,-0.3799171487839492,-0.27123858690297986,0.11,28.61
-0.1864406779661017,0.423728813559322,-0.4186335777259512,-0.3127584924346262,0.11,25.29
-0.1864406779661017,0.4576271186440678,-0.45646385692985225,-0.35346149073439104,0.1,22.57
-0.1864406779661017,0.4915254237288136,-0.49313451806586456,-0.3934530794557592,0.1,20.21
-0.1864406779661017,0.5254237288135594,-0.5295977348782787,-0.43282630191593613,0.1,18.27
-0.1864406779661017,0.559322033898305,-0.5654112489944231,-0.4716617527030802,0.09,16.58
-0.1864406779661017,0.5932203389830508,-0.6002034512141833,-0.5100286021593152,0.09,15.02
-0.1864406779661017,0.6271186440677966,-0.6350487919035613,-0.5479859700578373,0.09,13.71
-0.1864406779661017,0.6610169491525424,-0.6692120092001582,-0.58558433132593,0.08,12.5
-0.1864406779661017,0.6949152542372882,-0.7024405604503405,-0.6228668152484839,0.08,11.33
-0.1864406779661017,0.7288135593220338,-0.7355292559906959,-0.6598703481818027,0.08,10.29
-0.1864406779661017,0.7627118644067796,-0.7680191246534406,-0.6966266321543745,0.07,9.3
-0.1864406779661017,0.7966101694915254,-0.800616641287953,-0.7331629705470367,0.07,8.43
-0.1864406779661017,0.8305084745762712,-0.8323664346036901,-0.7695029591052718,0.06,7.55
-0.1864406779661017,0.864406779661017,-0.8629393449828868,-0.8056670619222915,0.06,6.64
-0.15254237288135594,-0.9322033898305084,-0.920742866272233,-0.8953339821420567,0.03,2.76
-0.15254237288135594,-0.8983050847457628,-0.8931617525818496,-0.8600890784585582,0.03,3.7
-0.15254237288135594,-0.864406779661017,-0.8622202818060792,-0.8247439575344635,0.04,4.35
-0.15254237288135594,-0.8305084745762712,-0.830843973694267,-0.7892872451256714,0.04,5.0
-0.15254237288135594,-0.7966101694915254,-0.7986589504886995,-0.7537058234210194,0.04,5.63
-0.15254237288135594,-0.7627118644067796,-0.7662475487363096,-0.7179844947431822,0.05,6.3
-0.15254237288135594,-0.7288135593220338,-0.7337371584181706,-0.6821055677757475,0.05,7.04
-0.15254237288135594,-0.6949152542372882,-0.7001246380719891,-0.6460483460417585,0.05,7.72
-0.15254237288135594,-0.6610169491525424,-0.666289039604267,-0.6097884927423957,0.06,8.48
-0.15254237288135594,-0.6271186440677966,-0.632463615239909,-0.5732972390621107,0.06,9.35
-0.15254237288135594,-0.5932203389830508,-0.5975213620666577,-0.5365403946202402,0.06,10.21
-0.15254237288135594,-0.559322033898305,-0.562060808875781,-0.49947710930027417,0.06,11.13
-0.15254237288135594,-0.5254237288135594,-0.5264569895996234,-0.4620583267048602,0.06,12.23
-0.15254237288135594,-0.4915254237288136,-0.4899190446424937,-0.4242248649775221,0.07,13.41
-0.15254237288135594,-0.4576271186440678,-0.4526188809441109,-0.3859050703934293,0.07,14.74
-0.15254237288135594,-0.423728813559322,-0.41427483441799656,-0.34701203529260155,0.07,16.24
-0.15254237288135594,-0.3898305084745763,-0.3758456650111307,-0.30744050501707987,0.07,18.2
-0.15254237288135594,-0.3559322033898305,-0.3353408270461793,-0.26706393124011363,0.07,20.36
-0.15254237288135594,-0.3220338983050847,-0.29399494892562633,-0.22573291248009877,0.07,23.22
-0.15254237288135594,-0.288135593220339,-0.25144098970453427,-0.18327805244286027,0.07,27.11
-0.15254237288135594,-0.2542372881355932,-0.20480258520908934,-0.13952427265831235,0.07,31.87
-0.15254237288135594,-0.22033898305084745,-0.1489305932848382,-0.09433235054061602,0.05,36.66
-0.15254237288135594,-0.11864406779661017,0.052719224070102745,0.04756924850478809,0.01,9.77
-0.15254237288135594,-0.0847457627118644,0.07487506516091297,0.09218984456272339,0.02,23.12
-0.15254237288135594,-0.05084745762711865,0.08407164009386145,0.12863502346447644,0.04,53.01
-0.15254237288135594,-0.01694915254237288,0.0877633318461276,0.14973766247436823,0.06,70.62
-0.15254237288135594,0.01694915254237288,0.08812496268323745,0.14973766247436823,0.06,69.92
-0.15254237288135594,0.05084745762711865,0.08418945084705062,0.12863502346447644,0.04,52.79
-0.15254237288135594,0.0847457627118644,0.07508596410724955,0.09218984456272339,0.02,22.78
-0.15254237288135594,0.11864406779661017,0.053198429861018595,0.04756924850478809,0.01,10.58
-0.15254237288135594,0.22033898305084745,-0.14905721386378476,-0.09433235054061602,0.05,36.71
-0.15254237288135594,0.2542372881355932,-0.2050309967826524,-0.13952427265831235,0.07,31.95
-0.15254237288135594,0.288135593220339,-0.25149006548541425,-0.18327805244286027,0.07,27.12
-0.15254237288135594,0.3220338983050847,-0.2942854762334411,-0.22573291248009877,0.07,23.29
-0.15254237288135594,0.3559322033898305,-0.3353416236439092,-0.26706393124011363,0.07,20.36
-0.15254237288135594,0.3898305084745763,-0.3754928234659782,-0.30744050501707987,0.07,18.12
-0.15254237288135594,0.423728813559322,-0.414217736290549,-0.34701203529260155,0.07,16.22
-0.15254237288135594,0.4576271186440678,-0.45204933103300177,-0.3859050703934293,0.07,14.63
-0.15254237288135594,0.4915254237288136,-0.49005207354719715,-0.4242248649775221,0.07,13.43
-0.15254237288135594,0.5254237288135594,-0.5265601079608025,-0.4620583267048602,0.06,12.25
-0.15254237288135594,0.559322033898305,-0.5621344482367089,-0.49947710930027417,0.06,11.15
-0.15254237288135594,0.5932203389830508,-0.5978241602369747,-0.5365403946202402,0.06,10.25
-0.15254237288135594,0.6271186440677966,-0.6324061998607462,-0.5732972390621107,0.06,9.35
-0.15254237288135594,0.6610169491525424,-0.6664542952733358,-0.6097884927423957,0.06,8.5
-0.15254237288135594,0.6949152542372882,-0.7003724094589626,-0.6460483460417585,0.05,7.76
-0.15254237288135594,0.7288135593220338,-0.7333544912644667,-0.6821055677757475,0.05,6.99
-0.15254237288135594,0.7627118644067796,-0.7659220378825253,-0.7179844947431822,0.05,6.26
-0.15254237288135594,0.7966101694915254,-0.7986129765222783,-0.7537058234210194,0.04,5.62
-0.15254237288135594,0.8305084745762712,-0.830572933833815,-0.7892872451256714,0.04,4.97
-0.15254237288135594,0.864406779661017,-0.8624198489712972,-0.8247439575344635,0.04,4.37
-0.15254237288135594,0.8983050847457628,-0.8933400885310103,-0.8600890784585582,0.03,3.72
-0.15254237288135594,0.9322033898305084,-0.9208413993430842,-0.8953339821420567,0.03,2.77
-0.11864406779661017,-0.9322033898305084,-0.922769573588198,-0.9097644946962988,0.01,1.41
-0.11864406779661017,-0.8983050847457628,-0.892591910965522,-0.8750360754056127,0.02,1.97
-0.11864406779661017,-0.864406779661017,-0.8609705756128208,-0.8402445833002502,0.02,2.41
-0.11864406779661017,-0.8305084745762712,-0.8290856644353667,-0.8053826389107795,0.02,2.86
-0.11864406779661017,-0.7966101694915254,-0.7970220940729693,-0.7704416820139651,0.03,3.33
-0.11864406779661017,-0.7627118644067796,-0.7646815760672923,-0.7354117298135019,0.03,3.83
-0.11864406779661017,-0.7288135593220338,-0.7313309556100277,-0.700281074448135,0.03,4.25
-0.11864406779661017,-0.6949152542372882,-0.6984403844974345,-0.6650359017912297,0.03,4.78
-0.11864406779661017,-0.6610169491525424,-0.6642979554454219,-0.6296598073424586,0.03,5.21
-0.11864406779661017,-0.6271186440677966,-0.6301998743955026,-0.5941331765094501,0.04,5.72
-0.11864406779661017,-0.5932203389830508,-0.5954329806904886,-0.5584323848002528,0.04,6.21
-0.11864406779661017,-0.559322033898305,-0.5595186278821433,-0.5225287571168662,0.04,6.61
-0.11864406779661017,-0.5254237288135594,-0.5236463551622792,-0.4863872027806169,0.04,7.12
-0.11864406779661017,-0.4915254237288136,-0.48714513475993443,-0.44996441215081423,0.04,7.63
-0.11864406779661017,-0.4576271186440678,-0.4495823829665587,-0.41320645998289046,0.04,8.09
-0.11864406779661017,-0.423728813559322,-0.4113303621857717,-0.37604561041041934,0.04,8.58
-0.11864406779661017,-0.3898305084745763,-0.3725161435067815,-0.3383960667692351,0.03,9.16
-0.11864406779661017,-0.3559322033898305,-0.3320580462949958,-0.30014838808377836,0.03,9.61
-0.11864406779661017,-0.3220338983050847,-0.29082448596774796,-0.2611624018259931,0.03,10.2
-0.11864406779661017,-0.288135593220339,-0.2483677278907634,-0.22125896673373063,0.03,10.91
-0.11864406779661017,-0.2542372881355932,-0.20495137615054704,-0.1802126922476459,0.02,12.07
-0.11864406779661017,-0.22033898305084745,-0.15944513765305243,-0.1377529752159856,0.02,13.6
-0.11864406779661017,-0.1864406779661017,-0.10909184621811012,-0.09359572745256049,0.02,14.2
-0.11864406779661017,-0.15254237288135594,-0.052725607915815695,-0.04756924850478799,0.01,9.78
-0.11864406779661017,-0.0847457627118644,0.033320238604942654,0.04728717508223157,0.01,41.92
-0.11864406779661017,-0.05084745762711865,0.0487686750958429,0.0890213104133712,0.04,82.54
-0.11864406779661017,-0.01694915254237288,0.055299384672607824,0.11505466270153991,0.06,108.06
-0.11864406779661017,0.01694915254237288,0.05513019023634711,0.11505466270153991,0.06,108.7
-0.11864406779661017,0.05084745762711865,0.04874270512667568,0.0890213104133712,0.04,82.64
-0.11864406779661017,0.0847457627118644,0.03333130149777323,0.04728717508223157,0.01,41.87
-0.11864406779661017,0.15254237288135594,-0.05297996634164268,-0.04756924850478799,0.01,10.21
-0.11864406779661017,0.1864406779661017,-0.10946598691215252,-0.09359572745256049,0.02,14.5
-0.11864406779661017,0.22033898305084745,-0.1594848621279256,-0.1377529752159856,0.02,13.63
-0.11864406779661017,0.2542372881355932,-0.2047693130032313,-0.1802126922476459,0.02,11.99
-0.11864406779661017,0.288135593220339,-0.24841612230614846,-0.22125896673373063,0.03,10.93
-0.11864406779661017,0.3220338983050847,-0.29104354066622307,-0.2611624018259931,0.03,10.27
-0.11864406779661017,0.3559322033898305,-0.3318608529906359,-0.30014838808377836,0.03,9.56
-0.11864406779661017,0.3898305084745763,-0.3719753170829841,-0.3383960667692351,0.03,9.03
-0.11864406779661017,0.423728813559322,-0.41129605507847866,-0.37604561041041934,0.04,8.57
-0.11864406779661017,0.4576271186440678,-0.44962395517201,-0.41320645998289046,0.04,8.1
-0.11864406779661017,0.4915254237288136,-0.4869477308791291,-0.44996441215081423,0.04,7.59
-0.11864406779661017,0.5254237288135594,-0.5237186241293786,-0.4863872027806169,0.04,7.13
-0.11864406779661017,0.559322033898305,-0.5597016206302335,-0.5225287571168662,0.04,6.64
-0.11864406779661017,0.5932203389830508,-0.5953012623229306,-0.5584323848002528,0.04,6.19
-0.11864406779661017,0.6271186440677966,-0.6301430983140942,-0.5941331765094501,0.04,5.71
-0.11864406779661017,0.6610169491525424,-0.6641013599280432,-0.6296598073424586,0.03,5.19
-0.11864406779661017,0.6949152542372882,-0.6981847676009073,-0.6650359017912297,0.03,4.75
-0.11864406779661017,0.7288135593220338,-0.7317268554525477,-0.700281074448135,0.03,4.3
-0.11864406779661017,0.7627118644067796,-0.7643902144040666,-0.7354117298135019,0.03,3.79
-0.11864406779661017,0.7966101694915254,-0.7971051169883807,-0.7704416820139651,0.03,3.35
-0.11864406779661017,0.8305084745762712,-0.8292978489194619,-0.8053826389107795,0.02,2.88
-0.11864406779661017,0.864406779661017,-0.8610029816502095,-0.8402445833002502,0.02,2.41
-0.11864406779661017,0.8983050847457628,-0.8923280623478685,-0.8750360754056127,0.02,1.94
-0.11864406779661017,0.9322033898305084,-0.9229847724981637,-0.9097644946962988,0.01,1.43
-0.0847457627118644,-0.9661016949152542,-0.9520063882186038,-0.9550006868903631,0.0,0.31
-0.0847457627118644,-0.9322033898305084,-0.9226015370446993,-0.920702502127307,0.0,0.21
-0.0847457627118644,-0.8983050847457628,-0.8911310805937902,-0.8863745876418302,0.0,0.53
-0.0847457627118644,-0.864406779661017,-0.8596576475709174,-0.8520135196773241,0.01,0.89
-0.0847457627118644,-0.8305084745762712,-0.8281825207524444,-0.8176153312536452,0.01,1.28
-0.0847457627118644,-0.7966101694915254,-0.795668820117474,-0.7831754007872993,0.01,1.57
-0.0847457627118644,-0.7627118644067796,-0.7630359666222897,-0.7486883123718409,0.01,1.88
-0.0847457627118644,-0.7288135593220338,-0.7298966317243395,-0.7141476790183234,0.02,2.16
-0.0847457627118644,-0.6949152542372882,-0.6966814525898487,-0.6795459170002776,0.02,2.46
-0.0847457627118644,-0.6610169491525424,-0.6628786518132908,-0.6448739549630736,0.02,2.72
-0.0847457627118644,-0.6271186440677966,-0.6286115980054869,-0.6101208550029659,0.02,2.94
-0.0847457627118644,-0.5932203389830508,-0.5932163915013847,-0.5752733135076996,0.02,3.02
-0.0847457627118644,-0.559322033898305,-0.5577700118687822,-0.540314995631819,0.02,3.13
-0.0847457627118644,-0.5254237288135594,-0.5218079929732388,-0.5052256364062535,0.02,3.18
-0.0847457627118644,-0.4915254237288136,-0.4848455268524641,-0.4699798097296248,0.01,3.07
-0.0847457627118644,-0.4576271186440678,-0.44737434898536305,-0.4345452175198117,0.01,2.87
-0.0847457627118644,-0.423728813559322,-0.4088721349571113,-0.3988802748573234,0.01,2.44
-0.0847457627118644,-0.3898305084745763,-0.3694449659439697,-0.36293064658591867,0.01,1.76
-0.0847457627118644,-0.3559322033898305,-0.3296012892007018,-0.3266242012180085,0.0,0.9
-0.0847457627118644,-0.3220338983050847,-0.2890740493944402,-0.28986355443376377,0.0,0.27
-0.0847457627118644,-0.288135593220339,-0.2472280951583162,-0.25251494757209914,0.01,2.14
-0.0847457627118644,-0.2542372881355932,-0.20442569686527845,-0.2143917057741274,0.01,4.88
-0.0847457627118644,-0.22033898305084745,-0.16114495953958813,-0.17523046583212587,0.01,8.74
-0.0847457627118644,-0.1864406779661017,-0.11821992638351102,-0.13466129712852085,0.02,13.91
-0.0847457627118644,-0.15254237288135594,-0.0750661065129676,-0.09218984456272344,0.02,22.81
-0.0847457627118644,-0.11864406779661017,-0.03329376115246787,-0.04728717508223162,0.01,42.03
-0.0847457627118644,-0.05084745762711865,0.019846270068750452,0.046508090886104095,0.03,134.34
-0.0847457627118644,-0.01694915254237288,0.028696387158693472,0.0797760549714647,0.05,178.0
-0.0847457627118644,0.01694915254237288,0.028789080122011684,0.0797760549714647,0.05,177.11
-0.0847457627118644,0.05084745762711865,0.019948733836588788,0.046508090886104095,0.03,133.14
-0.0847457627118644,0.11864406779661017,-0.03342570138667528,-0.04728717508223162,0.01,41.47
-0.0847457627118644,0.15254237288135594,-0.0748777628217511,-0.09218984456272344,0.02,23.12
-0.0847457627118644,0.1864406779661017,-0.11800610888726029,-0.13466129712852085,0.02,14.11
-0.0847457627118644,0.22033898305084745,-0.161530031356464,-0.17523046583212587,0.01,8.48
-0.0847457627118644,0.2542372881355932,-0.20446053050139623,-0.2143917057741274,0.01,4.86
-0.0847457627118644,0.288135593220339,-0.24735544675762888,-0.25251494757209914,0.01,2.09
-0.0847457627118644,0.3220338983050847,-0.2885708879414453,-0.28986355443376377,0.0,0.45
-0.0847457627118644,0.3559322033898305,-0.32984324508826396,-0.3266242012180085,0.0,0.98
-0.0847457627118644,0.3898305084745763,-0.36973040715757033,-0.36293064658591867,0.01,1.84
-0.0847457627118644,0.423728813559322,-0.4090557728040376,-0.3988802748573234,0.01,2.49
-0.0847457627118644,0.4576271186440678,-0.4471095610844076,-0.4345452175198117,0.01,2.81
-0.0847457627118644,0.4915254237288136,-0.48490888162363033,-0.4699798097296248,0.01,3.08
-0.0847457627118644,0.5254237288135594,-0.522042343926019,-0.5052256364062535,0.02,3.22
-0.0847457627118644,0.559322033898305,-0.5577683615017606,-0.540314995631819,0.02,3.13
-0.0847457627118644,0.5932203389830508,-0.5931373450473247,-0.5752733135076996,0.02,3.01
-0.0847457627118644,0.6271186440677966,-0.6288751232345691,-0.6101208550029659,0.02,2.98
-0.0847457627118644,0.6610169491525424,-0.6628919861503466,-0.6448739549630736,0.02,2.72
-0.0847457627118644,0.6949152542372882,-0.6965370473272137,-0.6795459170002776,0.02,2.44
-0.0847457627118644,0.7288135593220338,-0.7302680348221268,-0.7141476790183234,0.02,2.21
-0.0847457627118644,0.7627118644067796,-0.7635732991139039,-0.7486883123718409,0.01,1.95
-0.0847457627118644,0.7966101694915254,-0.7959094457980624,-0.7831754007872993,0.01,1.6
-0.0847457627118644,0.8305084745762712,-0.8280029729335838,-0.8176153312536452,0.01,1.25
-0.0847457627118644,0.864406779661017,-0.859737160730661,-0.8520135196773241,0.01,0.9
-0.0847457627118644,0.8983050847457628,-0.891279770314716,-0.8863745876418302,0.0,0.55
-0.0847457627118644,0.9322033898305084,-0.9225457117149805,-0.920702502127307,0.0,0.2
-0.0847457627118644,0.9661016949152542,-0.9517882575389394,-0.9550006868903631,0.0,0.34
-0.05084745762711865,-0.9661016949152542,-0.9525247273341254,-0.9620938944505892,0.01,1.0
-0.05084745762711865,-0.9322033898305084,-0.9218708924573848,-0.9280503467241089,0.01,0.67
-0.05084745762711865,-0.8983050847457628,-0.8905518236567079,-0.8939958964035942,0.0,0.39
-0.05084745762711865,-0.864406779661017,-0.8591906464273587,-0.8599292706113625,0.0,0.09
-0.05084745762711865,-0.8305084745762712,-0.8268004832270061,-0.8258489907602931,0.0,0.12
-0.05084745762711865,-0.7966101694915254,-0.7953282801923136,-0.791753329354482,0.0,0.45
-0.05084745762711865,-0.7627118644067796,-0.7621261446789132,-0.7576402554572217,0.0,0.59
-0.05084745762711865,-0.7288135593220338,-0.7293711401172018,-0.7235073652103453,0.01,0.8
-0.05084745762711865,-0.6949152542372882,-0.695883956994446,-0.6893517924121944,0.01,0.94
-0.05084745762711865,-0.6610169491525424,-0.6618701861769665,-0.6551700921679232,0.01,1.01
-0.05084745762711865,-0.6271186440677966,-0.6274631799313768,-0.6209580876939804,0.01,1.04
-0.05084745762711865,-0.5932203389830508,-0.5925241214958678,-0.5867106659732538,0.01,0.98
-0.05084745762711865,-0.559322033898305,-0.5566375602659595,-0.5524215012763841,0.0,0.76
-0.05084745762711865,-0.5254237288135594,-0.520955657548028,-0.5180826751802328,0.0,0.55
-0.05084745762711865,-0.4915254237288136,-0.4834979176211386,-0.48368414521548253,0.0,0.04
-0.05084745762711865,-0.4576271186440678,-0.4456082988189027,-0.4492129874231046,0.0,0.81
-0.05084745762711865,-0.423728813559322,-0.40735080546651004,-0.4146522932257247,0.01,1.79
-0.05084745762711865,-0.3898305084745763,-0.36818970238363374,-0.3799795238149118,0.01,3.2
-0.05084745762711865,-0.3559322033898305,-0.32786608346231355,-0.3451639881046198,0.02,5.28
-0.05084745762711865,-0.3220338983050847,-0.2875472350231489,-0.310162857980225,0.02,7.87
-0.05084745762711865,-0.288135593220339,-0.24642503512706884,-0.27491465251148783,0.03,11.56
-0.05084745762711865,-0.2542372881355932,-0.20497716914476388,-0.23932816491439401,0.03,16.76
-0.05084745762711865,-0.22033898305084745,-0.1632357977920946,-0.2032628309141319,0.04,24.52
-0.05084745762711865,-0.1864406779661017,-0.12252151063187958,-0.16649236976675807,0.04,35.89
-0.05084745762711865,-0.15254237288135594,-0.08390021030835099,-0.12863502346447644,0.04,53.32
-0.05084745762711865,-0.11864406779661017,-0.04898713274814307,-0.0890213104133712,0.04,81.72
-0.05084745762711865,-0.0847457627118644,-0.019997631242699106,-0.04650809088610412,0.03,132.57
-0.05084745762711865,-0.01694915254237288,0.009807361682277405,0.04287834115482548,0.03,337.21
-0.05084745762711865,0.01694915254237288,0.009638244105722508,0.04287834115482548,0.03,344.88
-0.05084745762711865,0.0847457627118644,-0.01966760719706298,-0.04650809088610412,0.03,136.47
-0.05084745762711865,0.11864406779661017,-0.04915977002971363,-0.0890213104133712,0.04,81.09
-0.05084745762711865,0.15254237288135594,-0.083632609512977,-0.12863502346447644,0.05,53.81
-0.05084745762711865,0.1864406779661017,-0.12243880898162822,-0.16649236976675807,0.04,35.98
-0.05084745762711865,0.22033898305084745,-0.16270409315086537,-0.2032628309141319,0.04,24.93
-0.05084745762711865,0.2542372881355932,-0.20480749690431538,-0.23932816491439401,0.03,16.86
-0.05084745762711865,0.288135593220339,-0.2466547296519525,-0.27491465251148783,0.03,11.46
-0.05084745762711865,0.3220338983050847,-0.2877329206410066,-0.310162857980225,0.02,7.8
-0.05084745762711865,0.3559322033898305,-0.3284304654588718,-0.3451639881046198,0.02,5.09
-0.05084745762711865,0.3898305084745763,-0.368095386429381,-0.3799795238149118,0.01,3.23
-0.05084745762711865,0.423728813559322,-0.40754349591790484,-0.4146522932257247,0.01,1.74
-0.05084745762711865,0.4576271186440678,-0.44615497631212514,-0.4492129874231046,0.0,0.69
-0.05084745762711865,0.4915254237288136,-0.48340308089763423,-0.48368414521548253,0.0,0.06
-0.05084745762711865,0.5254237288135594,-0.5200913204109148,-0.5180826751802328,0.0,0.39
-0.05084745762711865,0.559322033898305,-0.5565968342656935,-0.5524215012763841,0.0,0.75
-0.05084745762711865,0.5932203389830508,-0.5922587535202586,-0.5867106659732538,0.01,0.94
-0.05084745762711865,0.6271186440677966,-0.6273889441321531,-0.6209580876939804,0.01,1.03
-0.05084745762711865,0.6610169491525424,-0.6616555080963907,-0.6551700921679232,0.01,0.98
-0.05084745762711865,0.6949152542372882,-0.6960335394951611,-0.6893517924121944,0.01,0.96
-0.05084745762711865,0.7288135593220338,-0.7290356528963391,-0.7235073652103453,0.01,0.76
-0.05084745762711865,0.7627118644067796,-0.7624026067396565,-0.7576402554572217,0.0,0.62
-0.05084745762711865,0.7966101694915254,-0.7949328266360214,-0.791753329354482,0.0,0.4
-0.05084745762711865,0.8305084745762712,-0.8271429428354804,-0.8258489907602931,0.0,0.16
-0.05084745762711865,0.864406779661017,-0.8592428683653447,-0.8599292706113625,0.0,0.08
-0.05084745762711865,0.8983050847457628,-0.8907317780134208,-0.8939958964035942,0.0,0.37
-0.05084745762711865,0.9322033898305084,-0.9217534230570743,-0.9280503467241089,0.01,0.68
-0.05084745762711865,0.9661016949152542,-0.9522448839894248,-0.9620938944505892,0.01,1.03
-0.01694915254237288,-0.9661016949152542,-0.952433092381629,-0.965655744647197,0.01,1.39
-0.01694915254237288,-0.9322033898305084,-0.9216167931715635,-0.9317412293316142,0.01,1.1
-0.01694915254237288,-0.8983050847457628,-0.8904642662600635,-0.8978254913372722,0.01,0.83
-0.01694915254237288,-0.864406779661017,-0.8588790161037101,-0.8639083869416696,0.01,0.59
-0.01694915254237288,-0.8305084745762712,-0.8268387865692846,-0.8299897489838364,0.0,0.38
-0.01694915254237288,-0.7966101694915254,-0.7947212901884906,-0.7960693818846014,0.0,0.17
-0.01694915254237288,-0.7627118644067796,-0.7620568417938164,-0.7621470553413102,0.0,0.01
-0.01694915254237288,-0.7288135593220338,-0.728888707494933,-0.7282224962663661,0.0,0.09
-0.01694915254237288,-0.6949152542372882,-0.6954762169376018,-0.6942953783713617,0.0,0.17
-0.01694915254237288,-0.6610169491525424,-0.661510100078423,-0.6603653085538511,0.0,0.17
-0.01694915254237288,-0.6271186440677966,-0.6263141533499234,-0.6264318088804689,0.0,0.02
-0.01694915254237288,-0.5932203389830508,-0.5916385604394042,-0.5924942924106006,0.0,0.14
-0.01694915254237288,-0.559322033898305,-0.5555225772646812,-0.558552030256895,0.0,0.55
-0.01694915254237288,-0.5254237288135594,-0.5200983792391538,-0.5246041059410125,0.0,0.87
-0.01694915254237288,-0.4915254237288136,-0.48273899411074284,-0.4906493509392248,0.01,1.64
-0.01694915254237288,-0.4576271186440678,-0.4448117356539155,-0.4566862517151327,0.01,2.67
-0.01694915254237288,-0.423728813559322,-0.40673103271946315,-0.42271281236772645,0.02,3.93
-0.01694915254237288,-0.3898305084745763,-0.36797443577538047,-0.3887263460659333,0.02,5.64
-0.01694915254237288,-0.3559322033898305,-0.32702959290216604,-0.35472314818301254,0.03,8.47
-0.01694915254237288,-0.3220338983050847,-0.2872822376022313,-0.320697964816863,0.03,11.63
-0.01694915254237288,-0.288135593220339,-0.2466286131105666,-0.2866430902037875,0.04,16.22
-0.01694915254237288,-0.2542372881355932,-0.20550317870874854,-0.2525467518190739,0.05,22.89
-0.01694915254237288,-0.22033898305084745,-0.16460482771475313,-0.2183900307226411,0.05,32.68
-0.01694915254237288,-0.1864406779661017,-0.12476499590373905,-0.1841405004254614,0.06,47.59
-0.01694915254237288,-0.15254237288135594,-0.08795240443816488,-0.1497376624743682,0.06,70.25
-0.01694915254237288,-0.11864406779661017,-0.05509153555350529,-0.11505466270153993,0.06,108.84
-0.01694915254237288,-0.0847457627118644,-0.02821589770345198,-0.07977605497146469,0.05,182.73
-0.01694915254237288,-0.05084745762711865,-0.009666254319248007,-0.04287834115482548,0.03,343.59
-0.01694915254237288,0.05084745762711865,-0.009379998723474729,-0.04287834115482548,0.03,357.13
-0.01694915254237288,0.0847457627118644,-0.02849170369373576,-0.07977605497146469,0.05,180.0
-0.01694915254237288,0.11864406779661017,-0.05517096446344496,-0.11505466270153993,0.06,108.54
-0.01694915254237288,0.15254237288135594,-0.0877100618045129,-0.1497376624743682,0.06,70.72
-0.01694915254237288,0.1864406779661017,-0.1247150636560502,-0.1841405004254614,0.06,47.65
-0.01694915254237288,0.22033898305084745,-0.16414878585387616,-0.2183900307226411,0.05,33.04
-0.01694915254237288,0.2542372881355932,-0.2053927926976505,-0.2525467518190739,0.05,22.96
-0.01694915254237288,0.288135593220339,-0.24605995878973985,-0.2866430902037875,0.04,16.49
-0.01694915254237288,0.3220338983050847,-0.2872277713130068,-0.320697964816863,0.03,11.65
-0.01694915254237288,0.3559322033898305,-0.32807289610554974,-0.35472314818301254,0.03,8.12
-0.01694915254237288,0.3898305084745763,-0.36763758582650796,-0.3887263460659333,0.02,5.74
-0.01694915254237288,0.423728813559322,-0.4068817010341161,-0.42271281236772645,0.02,3.89
-0.01694915254237288,0.4576271186440678,-0.44514752120515244,-0.4566862517151327,0.01,2.59
-0.01694915254237288,0.4915254237288136,-0.48241307859215227,-0.4906493509392248,0.01,1.71
-0.01694915254237288,0.5254237288135594,-0.5194099826594478,-0.5246041059410125,0.01,1.0
-0.01694915254237288,0.559322033898305,-0.5555563469215999,-0.558552030256895,0.0,0.54
-0.01694915254237288,0.5932203389830508,-0.5918097806913118,-0.5924942924106006,0.0,0.12
-0.01694915254237288,0.6271186440677966,-0.6271560611757783,-0.6264318088804689,0.0,0.12
-0.01694915254237288,0.6610169491525424,-0.661362090680687,-0.6603653085538511,0.0,0.15
-0.01694915254237288,0.6949152542372882,-0.6954964039925216,-0.6942953783713617,0.0,0.17
-0.01694915254237288,0.7288135593220338,-0.7285545894254637,-0.7282224962663661,0.0,0.05
-0.01694915254237288,0.7627118644067796,-0.7621535024843512,-0.7621470553413102,0.0,0.0
-0.01694915254237288,0.7966101694915254,-0.7945980531925292,-0.7960693818846014,0.0,0.19
-0.01694915254237288,0.8305084745762712,-0.8270059416580272,-0.8299897489838364,0.0,0.36
-0.01694915254237288,0.864406779661017,-0.8586869078106394,-0.8639083869416696,0.01,0.61
-0.01694915254237288,0.8983050847457628,-0.8905041585780239,-0.8978254913372722,0.01,0.82
-0.01694915254237288,0.9322033898305084,-0.9213675101303528,-0.9317412293316142,0.01,1.13
-0.01694915254237288,0.9661016949152542,-0.9522283395109522,-0.965655744647197,0.01,1.41
0.01694915254237288,-0.9661016949152542,-0.952095714047495,-0.965655744647197,0.01,1.42
0.01694915254237288,-0.9322033898305084,-0.9214802358827603,-0.9317412293316142,0.01,1.11
0.01694915254237288,-0.8983050847457628,-0.8899826554921126,-0.8978254913372722,0.01,0.88
0.01694915254237288,-0.864406779661017,-0.8587924099423203,-0.8639083869416696,0.01,0.6
0.01694915254237288,-0.8305084745762712,-0.8268760875312676,-0.8299897489838364,0.0,0.38
0.01694915254237288,-0.7966101694915254,-0.794798278295531,-0.7960693818846014,0.0,0.16
0.01694915254237288,-0.7627118644067796,-0.7618361180966917,-0.7621470553413102,0.0,0.04
0.01694915254237288,-0.7288135593220338,-0.7289228879736094,-0.7282224962663661,0.0,0.1
0.01694915254237288,-0.6949152542372882,-0.6950288178680465,-0.6942953783713617,0.0,0.11
0.01694915254237288,-0.6610169491525424,-0.6613696622268367,-0.6603653085538512,0.0,0.15
0.01694915254237288,-0.6271186440677966,-0.6268893271302429,-0.6264318088804689,0.0,0.07
0.01694915254237288,-0.5932203389830508,-0.591473115947011,-0.5924942924106006,0.0,0.17
0.01694915254237288,-0.559322033898305,-0.5562538374539509,-0.558552030256895,0.0,0.41
0.01694915254237288,-0.5254237288135594,-0.5203085550690209,-0.5246041059410125,0.0,0.83
0.01694915254237288,-0.4915254237288136,-0.4826790605132113,-0.4906493509392248,0.01,1.65
0.01694915254237288,-0.4576271186440678,-0.4449659185653675,-0.4566862517151327,0.01,2.63
0.01694915254237288,-0.423728813559322,-0.40640407147330126,-0.4227128123677265,0.02,4.01
0.01694915254237288,-0.3898305084745763,-0.3667594269674011,-0.3887263460659333,0.02,5.99
0.01694915254237288,-0.3559322033898305,-0.32764282370228615,-0.35472314818301254,0.03,8.27
0.01694915254237288,-0.3220338983050847,-0.2870808351020565,-0.320697964816863,0.03,11.71
0.01694915254237288,-0.288135593220339,-0.2465685864667213,-0.2866430902037875,0.04,16.25
0.01694915254237288,-0.2542372881355932,-0.2052876345038602,-0.2525467518190739,0.05,23.02
0.01694915254237288,-0.22033898305084745,-0.16434388155153049,-0.2183900307226411,0.05,32.89
0.01694915254237288,-0.1864406779661017,-0.12492211442796246,-0.1841405004254614,0.06,47.4
0.01694915254237288,-0.15254237288135594,-0.08788877044322033,-0.1497376624743682,0.06,70.37
0.01694915254237288,-0.11864406779661017,-0.054779601381235964,-0.11505466270153994,0.06,110.03
0.01694915254237288,-0.0847457627118644,-0.028532473335010754,-0.0797760549714647,0.05,179.6
0.01694915254237288,-0.05084745762711865,-0.009905089366062422,-0.042878341154825486,0.03,332.89
0.01694915254237288,0.05084745762711865,-0.009540977637620986,-0.042878341154825486,0.03,349.41
0.01694915254237288,0.0847457627118644,-0.028490696373389336,-0.0797760549714647,0.05,180.01
0.01694915254237288,0.11864406779661017,-0.055047564265068925,-0.11505466270153994,0.06,109.01
0.01694915254237288,0.15254237288135594,-0.08791331484018018,-0.1497376624743682,0.06,70.32
0.01694915254237288,0.1864406779661017,-0.12533835035726099,-0.1841405004254614,0.06,46.91
0.01694915254237288,0.22033898305084745,-0.16422126299472387,-0.2183900307226411,0.05,32.99
0.01694915254237288,0.2542372881355932,-0.20495102431098725,-0.2525467518190739,0.05,23.22
0.01694915254237288,0.288135593220339,-0.24602325236524317,-0.2866430902037875,0.04,16.51
0.01694915254237288,0.3220338983050847,-0.2869707803061415,-0.320697964816863,0.03,11.75
0.01694915254237288,0.3559322033898305,-0.32806554172660973,-0.35472314818301254,0.03,8.13
0.01694915254237288,0.3898305084745763,-0.3676592277773695,-0.3887263460659333,0.02,5.73
0.01694915254237288,0.423728813559322,-0.40654608443561757,-0.4227128123677265,0.02,3.98
0.01694915254237288,0.4576271186440678,-0.44496151854734445,-0.4566862517151327,0.01,2.63
0.01694915254237288,0.4915254237288136,-0.4820048412139693,-0.4906493509392248,0.01,1.79
0.01694915254237288,0.5254237288135594,-0.5195056105780209,-0.5246041059410125,0.01,0.98
0.01694915254237288,0.559322033898305,-0.5561048949052648,-0.558552030256895,0.0,0.44
0.01694915254237288,0.5932203389830508,-0.5919456348626937,-0.5924942924106006,0.0,0.09
0.01694915254237288,0.6271186440677966,-0.626513476021062,-0.6264318088804689,0.0,0.01
0.01694915254237288,0.6610169491525424,-0.6615546110702452,-0.6603653085538512,0.0,0.18
0.01694915254237288,0.6949152542372882,-0.6956025039084243,-0.6942953783713617,0.0,0.19
0.01694915254237288,0.7288135593220338,-0.7289848125610627,-0.7282224962663661,0.0,0.1
0.01694915254237288,0.7627118644067796,-0.7618168590424543,-0.7621470553413102,0.0,0.04
0.01694915254237288,0.7966101694915254,-0.7947958321008175,-0.7960693818846014,0.0,0.16
0.01694915254237288,0.8305084745762712,-0.8267315827317612,-0.8299897489838364,0.0,0.39
0.01694915254237288,0.864406779661017,-0.8589127656396988,-0.8639083869416696,0.0,0.58
0.01694915254237288,0.8983050847457628,-0.8906102116986885,-0.8978254913372722,0.01,0.81
0.01694915254237288,0.9322033898305084,-0.9214667166252795,-0.9317412293316142,0.01,1.12
0.01694915254237288,0.9661016949152542,-0.9524744075712637,-0.965655744647197,0.01,1.38
0.05084745762711865,-0.9661016949152542,-0.9523408887278965,-0.9620938944505892,0.01,1.02
0.05084745762711865,-0.9322033898305084,-0.9222157581771799,-0.9280503467241089,0.01,0.63
0.05084745762711865,-0.8983050847457628,-0.8907832576009878,-0.8939958964035942,0.0,0.36
0.05084745762711865,-0.864406779661017,-0.8592565667588774,-0.8599292706113625,0.0,0.08
0.05084745762711865,-0.8305084745762712,-0.8274738417775158,-0.8258489907602931,0.0,0.2
0.05084745762711865,-0.7966101694915254,-0.795754624621689,-0.7917533293544821,0.0,0.5
0.05084745762711865,-0.7627118644067796,-0.7625242948624693,-0.7576402554572217,0.0,0.64
0.05084745762711865,-0.7288135593220338,-0.7297211604039431,-0.7235073652103453,0.01,0.85
0.05084745762711865,-0.6949152542372882,-0.6958190684593214,-0.6893517924121944,0.01,0.93
0.05084745762711865,-0.6610169491525424,-0.6619935312342189,-0.6551700921679232,0.01,1.03
0.05084745762711865,-0.6271186440677966,-0.6272223173183201,-0.6209580876939804,0.01,1.0
0.05084745762711865,-0.5932203389830508,-0.5925774468672038,-0.5867106659732538,0.01,0.99
0.05084745762711865,-0.559322033898305,-0.556413784126662,-0.5524215012763841,0.0,0.72
0.05084745762711865,-0.5254237288135594,-0.5201134140793595,-0.5180826751802328,0.0,0.39
0.05084745762711865,-0.4915254237288136,-0.48332676030699295,-0.48368414521548253,0.0,0.07
0.05084745762711865,-0.4576271186440678,-0.4458051141120051,-0.4492129874231046,0.0,0.76
0.05084745762711865,-0.423728813559322,-0.4075247920740024,-0.4146522932257247,0.01,1.75
0.05084745762711865,-0.3898305084745763,-0.367829191413786,-0.3799795238149118,0.01,3.3
0.05084745762711865,-0.3559322033898305,-0.32831706735388144,-0.34516398810461985,0.02,5.13
0.05084745762711865,-0.3220338983050847,-0.2877175823477054,-0.310162857980225,0.02,7.8
0.05084745762711865,-0.288135593220339,-0.24658399122103153,-0.27491465251148783,0.03,11.49
0.05084745762711865,-0.2542372881355932,-0.20496157273718368,-0.23932816491439404,0.03,16.77
0.05084745762711865,-0.22033898305084745,-0.1628977188296999,-0.20326283091413191,0.04,24.78
0.05084745762711865,-0.1864406779661017,-0.122587748452979,-0.1664923697667581,0.04,35.81
0.05084745762711865,-0.15254237288135594,-0.08387463860256819,-0.12863502346447647,0.04,53.37
0.05084745762711865,-0.11864406779661017,-0.048688823779387644,-0.08902131041337122,0.04,82.84
0.05084745762711865,-0.0847457627118644,-0.019970953032892043,-0.0465080908861041,0.03,132.88
0.05084745762711865,-0.01694915254237288,0.009526427728281783,0.042878341154825486,0.03,350.1
0.05084745762711865,0.01694915254237288,0.009512400564915743,0.042878341154825486,0.03,350.76
0.05084745762711865,0.0847457627118644,-0.01978439902210521,-0.0465080908861041,0.03,135.07
0.05084745762711865,0.11864406779661017,-0.04888955164655632,-0.08902131041337122,0.04,82.09
0.05084745762711865,0.15254237288135594,-0.083934995042989,-0.12863502346447647,0.04,53.26
0.05084745762711865,0.1864406779661017,-0.12262716697746397,-0.1664923697667581,0.04,35.77
0.05084745762711865,0.22033898305084745,-0.16297606957268596,-0.20326283091413191,0.04,24.72
0.05084745762711865,0.2542372881355932,-0.20443389385731647,-0.23932816491439404,0.03,17.07
0.05084745762711865,0.288135593220339,-0.24682474239199598,-0.27491465251148783,0.03,11.38
0.05084745762711865,0.3220338983050847,-0.2873724026475615,-0.310162857980225,0.02,7.93
0.05084745762711865,0.3559322033898305,-0.3284677247863229,-0.34516398810461985,0.02,5.08
0.05084745762711865,0.3898305084745763,-0.3683729553762194,-0.3799795238149118,0.01,3.15
0.05084745762711865,0.423728813559322,-0.4070585695975688,-0.4146522932257247,0.01,1.87
0.05084745762711865,0.4576271186440678,-0.445963096201848,-0.4492129874231046,0.0,0.73
0.05084745762711865,0.4915254237288136,-0.48390148529501553,-0.48368414521548253,0.0,0.04
0.05084745762711865,0.5254237288135594,-0.5203518869331557,-0.5180826751802328,0.0,0.44
0.05084745762711865,0.559322033898305,-0.5566904736079705,-0.5524215012763841,0.0,0.77
0.05084745762711865,0.5932203389830508,-0.5918733094403856,-0.5867106659732538,0.01,0.87
0.05084745762711865,0.6271186440677966,-0.6273217091462732,-0.6209580876939804,0.01,1.01
0.05084745762711865,0.6610169491525424,-0.6621375699319421,-0.6551700921679232,0.01,1.05
0.05084745762711865,0.6949152542372882,-0.6955953263356908,-0.6893517924121944,0.01,0.9
0.05084745762711865,0.7288135593220338,-0.7293230242736477,-0.7235073652103453,0.01,0.8
0.05084745762711865,0.7627118644067796,-0.7627949291634766,-0.7576402554572217,0.01,0.68
0.05084745762711865,0.7966101694915254,-0.7951740252957322,-0.7917533293544821,0.0,0.43
0.05084745762711865,0.8305084745762712,-0.8271648625286716,-0.8258489907602931,0.0,0.16
0.05084745762711865,0.864406779661017,-0.8591655085211951,-0.8599292706113625,0.0,0.09
0.05084745762711865,0.8983050847457628,-0.8910975491203672,-0.8939958964035942,0.0,0.33
0.05084745762711865,0.9322033898305084,-0.9217019802177543,-0.9280503467241089,0.01,0.69
0.05084745762711865,0.9661016949152542,-0.9524704492491333,-0.9620938944505892,0.01,1.01
0.0847457627118644,-0.9661016949152542,-0.9519992236730911,-0.9550006868903632,0.0,0.32
0.0847457627118644,-0.9322033898305084,-0.9227061599510133,-0.920702502127307,0.0,0.22
0.0847457627118644,-0.8983050847457628,-0.8908151970378947,-0.8863745876418302,0.0,0.5
0.0847457627118644,-0.864406779661017,-0.8596752410753629,-0.8520135196773242,0.01,0.89
0.0847457627118644,-0.8305084745762712,-0.8278495164444261,-0.8176153312536452,0.01,1.24
0.0847457627118644,-0.7966101694915254,-0.7960151391280371,-0.7831754007872994,0.01,1.61
0.0847457627118644,-0.7627118644067796,-0.7633451067844195,-0.7486883123718409,0.01,1.92
0.0847457627118644,-0.7288135593220338,-0.7303431007419562,-0.7141476790183234,0.02,2.22
0.0847457627118644,-0.6949152542372882,-0.6971981374063632,-0.6795459170002776,0.02,2.53
0.0847457627118644,-0.6610169491525424,-0.6630647370914358,-0.6448739549630736,0.02,2.74
0.0847457627118644,-0.6271186440677966,-0.628410457407069,-0.610120855002966,0.02,2.91
0.0847457627118644,-0.5932203389830508,-0.5932827654687851,-0.5752733135076997,0.02,3.04
0.0847457627118644,-0.559322033898305,-0.5578616476715769,-0.5403149956318191,0.02,3.15
0.0847457627118644,-0.5254237288135594,-0.5218146335196006,-0.5052256364062536,0.02,3.18
0.0847457627118644,-0.4915254237288136,-0.48481945401426624,-0.46997980972962483,0.01,3.06
0.0847457627118644,-0.4576271186440678,-0.44715492439199345,-0.4345452175198117,0.01,2.82
0.0847457627118644,-0.423728813559322,-0.4089434163208049,-0.3988802748573234,0.01,2.46
0.0847457627118644,-0.3898305084745763,-0.36992435223818043,-0.36293064658591867,0.01,1.89
0.0847457627118644,-0.3559322033898305,-0.33005189926907147,-0.32662420121800856,0.0,1.04
0.0847457627118644,-0.3220338983050847,-0.2889274894405644,-0.2898635544337638,0.0,0.32
0.0847457627118644,-0.288135593220339,-0.24738547556996204,-0.25251494757209914,0.01,2.07
0.0847457627118644,-0.2542372881355932,-0.2044499229127205,-0.21439170577412742,0.01,4.86
0.0847457627118644,-0.22033898305084745,-0.1608222638870205,-0.1752304658321259,0.01,8.96
0.0847457627118644,-0.1864406779661017,-0.11819367865501951,-0.13466129712852087,0.02,13.93
0.0847457627118644,-0.15254237288135594,-0.07494961753882326,-0.0921898445627234,0.02,23.0
0.0847457627118644,-0.11864406779661017,-0.03350057640699118,-0.04728717508223158,0.01,41.15
0.0847457627118644,-0.05084745762711865,0.020122474314706085,0.046508090886104074,0.03,131.13
0.0847457627118644,-0.01694915254237288,0.028515896103266068,0.07977605497146469,0.05,179.76
0.0847457627118644,0.01694915254237288,0.02834151341760744,0.07977605497146469,0.05,181.48
0.0847457627118644,0.05084745762711865,0.019880217208056876,0.046508090886104074,0.03,133.94
0.0847457627118644,0.11864406779661017,-0.03357059470147304,-0.04728717508223158,0.01,40.86
0.0847457627118644,0.15254237288135594,-0.07527076330982005,-0.0921898445627234,0.02,22.48
0.0847457627118644,0.1864406779661017,-0.1177625836363364,-0.13466129712852087,0.02,14.35
0.0847457627118644,0.22033898305084745,-0.16130408876705288,-0.1752304658321259,0.01,8.63
0.0847457627118644,0.2542372881355932,-0.20484157255189955,-0.21439170577412742,0.01,4.66
0.0847457627118644,0.288135593220339,-0.2471196943610236,-0.25251494757209914,0.01,2.18
0.0847457627118644,0.3220338983050847,-0.28871233920935274,-0.2898635544337638,0.0,0.4
0.0847457627118644,0.3559322033898305,-0.3298572426088845,-0.32662420121800856,0.0,0.98
0.0847457627118644,0.3898305084745763,-0.3699411660428351,-0.36293064658591867,0.01,1.9
0.0847457627118644,0.423728813559322,-0.4093396842412703,-0.3988802748573234,0.01,2.56
0.0847457627118644,0.4576271186440678,-0.4473501315789222,-0.4345452175198117,0.01,2.86
0.0847457627118644,0.4915254237288136,-0.4841107476769492,-0.46997980972962483,0.01,2.92
0.0847457627118644,0.5254237288135594,-0.5219560033334116,-0.5052256364062536,0.02,3.21
0.0847457627118644,0.559322033898305,-0.557826167139425,-0.5403149956318191,0.02,3.14
0.0847457627118644,0.5932203389830508,-0.5933692710255356,-0.5752733135076997,0.02,3.05
0.0847457627118644,0.6271186440677966,-0.6282319795317901,-0.610120855002966,0.02,2.88
0.0847457627118644,0.6610169491525424,-0.6628980922889196,-0.6448739549630736,0.02,2.72
0.0847457627118644,0.6949152542372882,-0.6969832287683455,-0.6795459170002776,0.02,2.5
0.0847457627118644,0.7288135593220338,-0.7303822937899218,-0.7141476790183234,0.02,2.22
0.0847457627118644,0.7627118644067796,-0.7634437844605497,-0.7486883123718409,0.01,1.93
0.0847457627118644,0.7966101694915254,-0.7958399468388337,-0.7831754007872994,0.01,1.59
0.0847457627118644,0.8305084745762712,-0.8281425019922724,-0.8176153312536452,0.01,1.27
0.0847457627118644,0.864406779661017,-0.8599473143485099,-0.8520135196773242,0.01,0.92
0.0847457627118644,0.8983050847457628,-0.8914693016578749,-0.8863745876418302,0.01,0.57
0.0847457627118644,0.9322033898305084,-0.9223797055611476,-0.920702502127307,0.0,0.18
0.0847457627118644,0.9661016949152542,-0.9519477923873735,-0.9550006868903632,0.0,0.32
0.11864406779661017,-0.9322033898305084,-0.9230479664000566,-0.9097644946962988,0.01,1.44
0.11864406779661017,-0.8983050847457628,-0.8923655701969413,-0.8750360754056127,0.02,1.94
0.11864406779661017,-0.864406779661017,-0.8607631355208138,-0.8402445833002502,0.02,2.38
0.11864406779661017,-0.8305084745762712,-0.8294179572824826,-0.8053826389107797,0.02,2.9
0.11864406779661017,-0.7966101694915254,-0.7970140065768939,-0.7704416820139651,0.03,3.33
0.11864406779661017,-0.7627118644067796,-0.7645059632553076,-0.7354117298135019,0.03,3.81
0.11864406779661017,-0.7288135593220338,-0.7319380497703771,-0.7002810744481351,0.03,4.33
0.11864406779661017,-0.6949152542372882,-0.698125239192179,-0.6650359017912297,0.03,4.74
0.11864406779661017,-0.6610169491525424,-0.6643275905879991,-0.6296598073424587,0.03,5.22
0.11864406779661017,-0.6271186440677966,-0.6300603142332547,-0.5941331765094501,0.04,5.7
0.11864406779661017,-0.5932203389830508,-0.595096708218531,-0.5584323848002529,0.04,6.16
0.11864406779661017,-0.559322033898305,-0.5598170018499818,-0.5225287571168663,0.04,6.66
0.11864406779661017,-0.5254237288135594,-0.5235053611502176,-0.486387202780617,0.04,7.09
0.11864406779661017,-0.4915254237288136,-0.4871520532337278,-0.44996441215081423,0.04,7.63
0.11864406779661017,-0.4576271186440678,-0.4495074040578622,-0.4132064599828905,0.04,8.08
0.11864406779661017,-0.423728813559322,-0.41179493487301827,-0.3760456104104194,0.04,8.68
0.11864406779661017,-0.3898305084745763,-0.372307618945641,-0.33839606676923517,0.03,9.11
0.11864406779661017,-0.3559322033898305,-0.3316940541611154,-0.3001483880837784,0.03,9.51
0.11864406779661017,-0.3220338983050847,-0.2909183872666684,-0.26116240182599315,0.03,10.23
0.11864406779661017,-0.288135593220339,-0.2484889231240815,-0.2212589667337307,0.03,10.96
0.11864406779661017,-0.2542372881355932,-0.20479424191844556,-0.18021269224764605,0.02,12.0
0.11864406779661017,-0.22033898305084745,-0.15908282600206236,-0.13775297521598565,0.02,13.41
0.11864406779661017,-0.1864406779661017,-0.10955857765613045,-0.09359572745256044,0.02,14.57
0.11864406779661017,-0.15254237288135594,-0.052723737084032204,-0.047569248504788025,0.01,9.78
0.11864406779661017,-0.0847457627118644,0.03376438003497226,0.0472871750822316,0.01,40.05
0.11864406779661017,-0.05084745762711865,0.0488342110990965,0.08902131041337122,0.04,82.29
0.11864406779661017,-0.01694915254237288,0.05508397516600553,0.11505466270153993,0.06,108.87
0.11864406779661017,0.01694915254237288,0.055192418080070485,0.11505466270153993,0.06,108.46
0.11864406779661017,0.05084745762711865,0.0487662930702338,0.08902131041337122,0.04,82.55
0.11864406779661017,0.0847457627118644,0.0334791771611785,0.0472871750822316,0.01,41.24
0.11864406779661017,0.15254237288135594,-0.05324085500515491,-0.047569248504788025,0.01,10.65
0.11864406779661017,0.1864406779661017,-0.10930487131655084,-0.09359572745256044,0.02,14.37
0.11864406779661017,0.22033898305084745,-0.15932302657519373,-0.13775297521598565,0.02,13.54
0.11864406779661017,0.2542372881355932,-0.20498345704098792,-0.18021269224764605,0.02,12.08
0.11864406779661017,0.288135593220339,-0.24861175618662315,-0.2212589667337307,0.03,11.0
0.11864406779661017,0.3220338983050847,-0.2907422504895481,-0.26116240182599315,0.03,10.17
0.11864406779661017,0.3559322033898305,-0.33185211216353094,-0.3001483880837784,0.03,9.55
0.11864406779661017,0.3898305084745763,-0.3719454193894356,-0.33839606676923517,0.03,9.02
0.11864406779661017,0.423728813559322,-0.4110424055699201,-0.3760456104104194,0.03,8.51
0.11864406779661017,0.4576271186440678,-0.44927039343607955,-0.4132064599828905,0.04,8.03
0.11864406779661017,0.4915254237288136,-0.48687356561845574,-0.44996441215081423,0.04,7.58
0.11864406779661017,0.5254237288135594,-0.5239487472563196,-0.486387202780617,0.04,7.17
0.11864406779661017,0.559322033898305,-0.5596619463607089,-0.5225287571168663,0.04,6.63
0.11864406779661017,0.5932203389830508,-0.5951053800552673,-0.5584323848002529,0.04,6.16
0.11864406779661017,0.6271186440677966,-0.6297568547601224,-0.5941331765094501,0.04,5.66
0.11864406779661017,0.6610169491525424,-0.6645022408062222,-0.6296598073424587,0.03,5.24
0.11864406779661017,0.6949152542372882,-0.6979856765970912,-0.6650359017912297,0.03,4.72
0.11864406779661017,0.7288135593220338,-0.731862996989548,-0.7002810744481351,0.03,4.32
0.11864406779661017,0.7627118644067796,-0.7644872811405987,-0.7354117298135019,0.03,3.8
0.11864406779661017,0.7966101694915254,-0.7971640356766305,-0.7704416820139651,0.03,3.35
0.11864406779661017,0.8305084745762712,-0.8292255074984975,-0.8053826389107797,0.02,2.88
0.11864406779661017,0.864406779661017,-0.8610485928939354,-0.8402445833002502,0.02,2.42
0.11864406779661017,0.8983050847457628,-0.8922926004147497,-0.8750360754056127,0.02,1.93
0.11864406779661017,0.9322033898305084,-0.9231094727750179,-0.9097644946962988,0.01,1.45
0.15254237288135594,-0.9322033898305084,-0.9208991777289371,-0.8953339821420568,0.03,2.78
0.15254237288135594,-0.8983050847457628,-0.893275448424595,-0.8600890784585582,0.03,3.72
0.15254237288135594,-0.864406779661017,-0.8622741536695774,-0.8247439575344635,0.04,4.35
0.15254237288135594,-0.8305084745762712,-0.8307960241061533,-0.7892872451256714,0.04,5.0
0.15254237288135594,-0.7966101694915254,-0.7985499619665044,-0.7537058234210195,0.04,5.62
0.15254237288135594,-0.7627118644067796,-0.7656556759542005,-0.7179844947431823,0.05,6.23
0.15254237288135594,-0.7288135593220338,-0.7331111988198467,-0.6821055677757476,0.05,6.96
0.15254237288135594,-0.6949152542372882,-0.7003193590395176,-0.6460483460417585,0.05,7.75
0.15254237288135594,-0.6610169491525424,-0.6664600638599641,-0.6097884927423958,0.06,8.5
0.15254237288135594,-0.6271186440677966,-0.632097875049996,-0.5732972390621107,0.06,9.3
0.15254237288135594,-0.5932203389830508,-0.5973461410681646,-0.5365403946202403,0.06,10.18
0.15254237288135594,-0.559322033898305,-0.5625121877733968,-0.4994771093002742,0.06,11.21
0.15254237288135594,-0.5254237288135594,-0.526559834652384,-0.46205832670486024,0.06,12.25
0.15254237288135594,-0.4915254237288136,-0.4899870445205261,-0.42422486497752215,0.07,13.42
0.15254237288135594,-0.4576271186440678,-0.4527297692033163,-0.38590507039342936,0.07,14.76
0.15254237288135594,-0.423728813559322,-0.4145772518102156,-0.3470120352926016,0.07,16.3
0.15254237288135594,-0.3898305084745763,-0.37494032363119734,-0.3074405050170799,0.07,18.0
0.15254237288135594,-0.3559322033898305,-0.3353615032143054,-0.26706393124011363,0.07,20.37
0.15254237288135594,-0.3220338983050847,-0.29434202355811206,-0.22573291248009886,0.07,23.31
0.15254237288135594,-0.288135593220339,-0.25137352594491386,-0.18327805244286025,0.07,27.09
0.15254237288135594,-0.2542372881355932,-0.20479579823285157,-0.1395242726583123,0.07,31.87
0.15254237288135594,-0.22033898305084745,-0.1490536254947659,-0.09433235054061606,0.05,36.71
0.15254237288135594,-0.11864406779661017,0.052706660667579494,0.04756924850478805,0.01,9.75
0.15254237288135594,-0.0847457627118644,0.07513865411714778,0.09218984456272339,0.02,22.69
0.15254237288135594,-0.05084745762711865,0.0840026493074763,0.12863502346447647,0.04,53.13
0.15254237288135594,-0.01694915254237288,0.08819437290858621,0.1497376624743682,0.06,69.78
0.15254237288135594,0.01694915254237288,0.08785824257627037,0.1497376624743682,0.06,70.43
0.15254237288135594,0.05084745762711865,0.0837740244649535,0.12863502346447647,0.04,53.55
0.15254237288135594,0.0847457627118644,0.07476878653449384,0.09218984456272339,0.02,23.3
0.15254237288135594,0.11864406779661017,0.05302722715141843,0.04756924850478805,0.01,10.29
0.15254237288135594,0.22033898305084745,-0.14925178529918473,-0.09433235054061606,0.05,36.8
0.15254237288135594,0.2542372881355932,-0.20486735906379136,-0.1395242726583123,0.07,31.9
0.15254237288135594,0.288135593220339,-0.25126519865033314,-0.18327805244286025,0.07,27.06
0.15254237288135594,0.3220338983050847,-0.2941501298456367,-0.22573291248009886,0.07,23.26
0.15254237288135594,0.3559322033898305,-0.3353852229836787,-0.26706393124011363,0.07,20.37
0.15254237288135594,0.3898305084745763,-0.37579705343379655,-0.3074405050170799,0.07,18.19
0.15254237288135594,0.423728813559322,-0.41450509483356984,-0.3470120352926016,0.07,16.28
0.15254237288135594,0.4576271186440678,-0.4523616614885354,-0.38590507039342936,0.07,14.69
0.15254237288135594,0.4915254237288136,-0.4899660759245902,-0.42422486497752215,0.07,13.42
0.15254237288135594,0.5254237288135594,-0.5264765139378136,-0.46205832670486024,0.06,12.24
0.15254237288135594,0.559322033898305,-0.5622086910168249,-0.4994771093002742,0.06,11.16
0.15254237288135594,0.5932203389830508,-0.5977938731755381,-0.5365403946202403,0.06,10.25
0.15254237288135594,0.6271186440677966,-0.6324410946729395,-0.5732972390621107,0.06,9.35
0.15254237288135594,0.6610169491525424,-0.666529398933132,-0.6097884927423958,0.06,8.51
0.15254237288135594,0.6949152542372882,-0.7000536214235616,-0.6460483460417585,0.05,7.71
0.15254237288135594,0.7288135593220338,-0.7331432304747159,-0.6821055677757476,0.05,6.96
0.15254237288135594,0.7627118644067796,-0.7659953881571481,-0.7179844947431823,0.05,6.27
0.15254237288135594,0.7966101694915254,-0.7987058594024208,-0.7537058234210195,0.05,5.63
0.15254237288135594,0.8305084745762712,-0.8306181957984433,-0.7892872451256714,0.04,4.98
0.15254237288135594,0.864406779661017,-0.8625310274590656,-0.8247439575344635,0.04,4.38
0.15254237288135594,0.8983050847457628,-0.8932668852348034,-0.8600890784585582,0.03,3.71
0.15254237288135594,0.9322033898305084,-0.920769784958939,-0.8953339821420568,0.03,2.76
0.1864406779661017,-0.864406779661017,-0.8631091711299856,-0.8056670619222916,0.06,6.66
0.1864406779661017,-0.8305084745762712,-0.8325259278956768,-0.7695029591052719,0.06,7.57
0.1864406779661017,-0.7966101694915254,-0.8007450705188297,-0.7331629705470368,0.07,8.44
0.1864406779661017,-0.7627118644067796,-0.7683996300603109,-0.6966266321543745,0.07,9.34
0.1864406779661017,-0.7288135593220338,-0.7356450014335496,-0.6598703481818027,0.08,10.3
0.1864406779661017,-0.6949152542372882,-0.7026908763635797,-0.622866815248484,0.08,11.36
0.1864406779661017,-0.6610169491525424,-0.6689622695827893,-0.5855843313259301,0.08,12.46
0.1864406779661017,-0.6271186440677966,-0.6349341304598909,-0.5479859700578373,0.09,13.69
0.1864406779661017,-0.5932203389830508,-0.6006555975621921,-0.5100286021593153,0.09,15.09
0.1864406779661017,-0.559322033898305,-0.5654465468091028,-0.47166175270308025,0.09,16.59
0.1864406779661017,-0.5254237288135594,-0.5293681138310776,-0.4328263019159362,0.1,18.24
0.1864406779661017,-0.4915254237288136,-0.49356808536148106,-0.39345307945575925,0.1,20.28
0.1864406779661017,-0.4576271186440678,-0.4562939431778437,-0.35346149073439115,0.1,22.54
0.1864406779661017,-0.423728813559322,-0.41882516731055797,-0.3127584924346263,0.11,25.32
0.1864406779661017,-0.3898305084745763,-0.3797182758099927,-0.27123858690298,0.11,28.57
0.1864406779661017,-0.3559322033898305,-0.33988264512682853,-0.22878619151706997,0.11,32.69
0.1864406779661017,-0.3220338983050847,-0.2973672232070265,-0.18528305844377368,0.11,37.69
0.1864406779661017,-0.288135593220339,-0.24797517035619734,-0.1406259086755348,0.11,43.29
0.1864406779661017,-0.11864406779661017,0.10948882021449502,0.09359572745256046,0.02,14.52
0.1864406779661017,-0.0847457627118644,0.11848370410042183,0.13466129712852087,0.02,13.65
0.1864406779661017,-0.05084745762711865,0.12248165073266518,0.1664923697667581,0.04,35.93
0.1864406779661017,-0.01694915254237288,0.12508241219505284,0.1841405004254614,0.06,47.22
0.1864406779661017,0.01694915254237288,0.12506623557468158,0.1841405004254614,0.06,47.23
0.1864406779661017,0.05084745762711865,0.12264994649947836,0.1664923697667581,0.04,35.75
0.1864406779661017,0.0847457627118644,0.11805301980509983,0.13466129712852087,0.02,14.07
0.1864406779661017,0.11864406779661017,0.10934210375113115,0.09359572745256046,0.02,14.4
0.1864406779661017,0.288135593220339,-0.24824967721558372,-0.1406259086755348,0.11,43.35
0.1864406779661017,0.3220338983050847,-0.2971203917429095,-0.18528305844377368,0.11,37.64
0.1864406779661017,0.3559322033898305,-0.3396970975174171,-0.22878619151706997,0.11,32.65
0.1864406779661017,0.3898305084745763,-0.3797454408556726,-0.27123858690298,0.11,28.57
0.1864406779661017,0.423728813559322,-0.41851117301279944,-0.3127584924346263,0.11,25.27
0.1864406779661017,0.4576271186440678,-0.4563055209494505,-0.35346149073439115,0.1,22.54
0.1864406779661017,0.4915254237288136,-0.4935573496240549,-0.39345307945575925,0.1,20.28
0.1864406779661017,0.5254237288135594,-0.529881765436399,-0.4328263019159362,0.1,18.32
0.1864406779661017,0.559322033898305,-0.5655925877661869,-0.47166175270308025,0.09,16.61
0.1864406779661017,0.5932203389830508,-0.6003711160326045,-0.5100286021593153,0.09,15.05
0.1864406779661017,0.6271186440677966,-0.6351470690154917,-0.5479859700578373,0.09,13.72
0.1864406779661017,0.6610169491525424,-0.669480073195658,-0.5855843313259301,0.08,12.53
0.1864406779661017,0.6949152542372882,-0.7027655413707473,-0.622866815248484,0.08,11.37
0.1864406779661017,0.7288135593220338,-0.7355142674998078,-0.6598703481818027,0.08,10.28
0.1864406779661017,0.7627118644067796,-0.7685176874576365,-0.6966266321543745,0.07,9.35
0.1864406779661017,0.7966101694915254,-0.8005437939952971,-0.7331629705470368,0.07,8.42
0.1864406779661017,0.8305084745762712,-0.8325118119041963,-0.7695029591052719,0.06,7.57
0.1864406779661017,0.864406779661017,-0.8627517973468105,-0.8056670619222916,0.06,6.62
0.22033898305084745,-0.8305084745762712,-0.830913310157845,-0.746235004201829,0.08,10.19
0.22033898305084745,-0.7966101694915254,-0.8018593996321988,-0.7090424397109857,0.09,11.58
0.22033898305084745,-0.7627118644067796,-0.7706514315154561,-0.6715953006979888,0.1,12.85
0.22033898305084745,-0.7288135593220338,-0.738296767329506,-0.6338648789364066,0.1,14.14
0.22033898305084745,-0.6949152542372882,-0.7052004257457654,-0.5958184060361178,0.11,15.51
0.22033898305084745,-0.6610169491525424,-0.6721970994044687,-0.5574184350127313,0.11,17.08
0.22033898305084745,-0.6271186440677966,-0.6380192173431573,-0.5186221564733661,0.12,18.71
0.22033898305084745,-0.5932203389830508,-0.6040651004746728,-0.4793806717880447,0.12,20.64
0.22033898305084745,-0.559322033898305,-0.5693788466940971,-0.4396382749829091,0.13,22.79
0.22033898305084745,-0.5254237288135594,-0.5338153980212701,-0.39933184822755424,0.13,25.19
0.22033898305084745,-0.4915254237288136,-0.4977713818649773,-0.3583905704699283,0.14,28.0
0.22033898305084745,-0.4576271186440678,-0.46100487678423113,-0.31673630575335593,0.14,31.29
0.22033898305084745,-0.423728813559322,-0.4222054945128497,-0.2742853297376104,0.15,35.04
0.22033898305084745,-0.3898305084745763,-0.38122024308440494,-0.23095255854034522,0.15,39.42
0.22033898305084745,-0.3559322033898305,-0.3353802890008249,-0.1866603066175129,0.15,44.34
0.22033898305084745,-0.15254237288135594,0.14904020658053535,0.09433235054061599,0.05,36.71
0.22033898305084745,-0.11864406779661017,0.15926186921780042,0.1377529752159857,0.02,13.51
0.22033898305084745,-0.0847457627118644,0.16154631096711541,0.1752304658321259,0.01,8.47
0.22033898305084745,-0.05084745762711865,0.16327449452435086,0.20326283091413191,0.04,24.49
0.22033898305084745,-0.01694915254237288,0.16469824231936947,0.2183900307226411,0.05,32.6
0.22033898305084745,0.01694915254237288,0.16462361442265974,0.2183900307226411,0.05,32.66
0.22033898305084745,0.05084745762711865,0.16309172096841745,0.20326283091413191,0.04,24.63
0.22033898305084745,0.0847457627118644,0.16142125402080548,0.1752304658321259,0.01,8.55
0.22033898305084745,0.11864406779661017,0.15952171247241007,0.1377529752159857,0.02,13.65
0.22033898305084745,0.15254237288135594,0.1492141910680318,0.09433235054061599,0.05,36.78
0.22033898305084745,0.3559322033898305,-0.33515000263991546,-0.1866603066175129,0.15,44.31
0.22033898305084745,0.3898305084745763,-0.3811905777981019,-0.23095255854034522,0.15,39.41
0.22033898305084745,0.423728813559322,-0.42222404706822203,-0.2742853297376104,0.15,35.04
0.22033898305084745,0.4576271186440678,-0.4607275450278384,-0.31673630575335593,0.14,31.25
0.22033898305084745,0.4915254237288136,-0.4976796179638634,-0.3583905704699283,0.14,27.99
0.22033898305084745,0.5254237288135594,-0.5338852845654097,-0.39933184822755424,0.13,25.2
0.22033898305084745,0.559322033898305,-0.5690612147410151,-0.4396382749829091,0.13,22.74
0.22033898305084745,0.5932203389830508,-0.6038374385832792,-0.4793806717880447,0.12,20.61
0.22033898305084745,0.6271186440677966,-0.6381372300018214,-0.5186221564733661,0.12,18.73
0.22033898305084745,0.6610169491525424,-0.6719448786886021,-0.5574184350127313,0.11,17.04
0.22033898305084745,0.6949152542372882,-0.7054955168318024,-0.5958184060361178,0.11,15.55
0.22033898305084745,0.7288135593220338,-0.7380719989721146,-0.6338648789364066,0.1,14.12
0.22033898305084745,0.7627118644067796,-0.7704207145895386,-0.6715953006979888,0.1,12.83
0.22033898305084745,0.7966101694915254,-0.8017131603745371,-0.7090424397109857,0.09,11.56
0.22033898305084745,0.8305084745762712,-0.8308624681068564,-0.746235004201829,0.08,10.19
0.2542372881355932,-0.7288135593220338,-0.7365168183476121,-0.6044072111422708,0.13,17.94
0.2542372881355932,-0.6949152542372882,-0.7055840276852069,-0.5652595587793251,0.14,19.89
0.2542372881355932,-0.6610169491525424,-0.6730200995484736,-0.5256913974963778,0.15,21.89
0.2542372881355932,-0.6271186440677966,-0.6396894170897436,-0.4856572253080969,0.15,24.08
0.2542372881355932,-0.5932203389830508,-0.6056730611458071,-0.445106552066856,0.16,26.51
0.2542372881355932,-0.559322033898305,-0.5704334021657129,-0.4039838913855626,0.17,29.18
0.2542372881355932,-0.5254237288135594,-0.5343709733487141,-0.36222920122570695,0.17,32.21
0.2542372881355932,-0.4915254237288136,-0.49601100914023827,-0.3197791164138309,0.18,35.53
0.2542372881355932,-0.4576271186440678,-0.4548300328434345,-0.27656953368817017,0.18,39.19
0.2542372881355932,-0.15254237288135594,0.2049309174864348,0.1395242726583122,0.07,31.92
0.2542372881355932,-0.11864406779661017,0.2049070288425292,0.18021269224764602,0.02,12.05
0.2542372881355932,-0.0847457627118644,0.2045449886061273,0.21439170577412742,0.01,4.81
0.2542372881355932,-0.05084745762711865,0.20472958415264308,0.23932816491439401,0.03,16.9
0.2542372881355932,-0.01694915254237288,0.20470814109958252,0.2525467518190739,0.05,23.37
0.2542372881355932,0.01694915254237288,0.20526401374823586,0.2525467518190739,0.05,23.04
0.2542372881355932,0.05084745762711865,0.20478345639230974,0.23932816491439401,0.03,16.87
0.2542372881355932,0.0847457627118644,0.20419122981398713,0.21439170577412742,0.01,5.0
0.2542372881355932,0.11864406779661017,0.20488111821695068,0.18021269224764602,0.02,12.04
0.2542372881355932,0.15254237288135594,0.20499702041592113,0.1395242726583122,0.07,31.94
0.2542372881355932,0.4576271186440678,-0.454851803175995,-0.27656953368817017,0.18,39.2
0.2542372881355932,0.4915254237288136,-0.49589029929225975,-0.3197791164138309,0.18,35.51
0.2542372881355932,0.5254237288135594,-0.5341498392736537,-0.36222920122570695,0.17,32.19
0.2542372881355932,0.559322033898305,-0.5704536690742923,-0.4039838913855626,0.17,29.18
0.2542372881355932,0.5932203389830508,-0.6055338427905796,-0.445106552066856,0.16,26.49
0.2542372881355932,0.6271186440677966,-0.6397863764065164,-0.4856572253080969,0.15,24.09
0.2542372881355932,0.6610169491525424,-0.6734582498467547,-0.5256913974963778,0.15,21.94
0.2542372881355932,0.6949152542372882,-0.7055014116859658,-0.5652595587793251,0.14,19.88
0.2542372881355932,0.7288135593220338,-0.736655258987289,-0.6044072111422708,0.13,17.95
0.288135593220339,-0.1864406779661017,0.24777981394788964,0.14062590867553476,0.11,43.25
0.288135593220339,-0.15254237288135594,0.2517590573230094,0.18327805244286027,0.07,27.2
0.288135593220339,-0.11864406779661017,0.24860508679991025,0.2212589667337307,0.03,11.0
0.288135593220339,-0.0847457627118644,0.2467679481850955,0.25251494757209914,0.01,2.33
0.288135593220339,-0.05084745762711865,0.24629266508690928,0.27491465251148783,0.03,11.62
0.288135593220339,-0.01694915254237288,0.2458529240871461,0.2866430902037875,0.04,16.59
0.288135593220339,0.01694915254237288,0.24619443141755917,0.2866430902037875,0.04,16.43
0.288135593220339,0.05084745762711865,0.246569509899056,0.27491465251148783,0.03,11.5
0.288135593220339,0.0847457627118644,0.24688569870528804,0.25251494757209914,0.01,2.28
0.288135593220339,0.11864406779661017,0.24869118829110676,0.2212589667337307,0.03,11.03
0.288135593220339,0.15254237288135594,0.2511167998081521,0.18327805244286027,0.07,27.01
0.288135593220339,0.1864406779661017,0.24801225248609934,0.14062590867553476,0.11,43.3
0.3220338983050847,-0.1864406779661017,0.2969254338993716,0.18528305844377363,0.11,37.6
0.3220338983050847,-0.15254237288135594,0.2943763559572306,0.2257329124800988,0.07,23.32
0.3220338983050847,-0.11864406779661017,0.29104866865843326,0.26116240182599315,0.03,10.27
0.3220338983050847,-0.0847457627118644,0.2888716943611503,0.28986355443376377,0.0,0.34
0.3220338983050847,-0.05084745762711865,0.2878362153302749,0.310162857980225,0.02,7.76
0.3220338983050847,-0.01694915254237288,0.28749421196936736,0.320697964816863,0.03,11.55
0.3220338983050847,0.01694915254237288,0.28756779374204294,0.320697964816863,0.03,11.52
0.3220338983050847,0.05084745762711865,0.28759625520456394,0.310162857980225,0.02,7.85
0.3220338983050847,0.0847457627118644,0.2890252229728209,0.28986355443376377,0.0,0.29
0.3220338983050847,0.11864406779661017,0.29076518064262846,0.26116240182599315,0.03,10.18
0.3220338983050847,0.15254237288135594,0.2940132994723187,0.2257329124800988,0.07,23.22
0.3220338983050847,0.1864406779661017,0.297134664380876,0.18528305844377363,0.11,37.64
0.3559322033898305,-0.22033898305084745,0.33531546450551336,0.1866603066175128,0.15,44.33
0.3559322033898305,-0.1864406779661017,0.33989324961377465,0.22878619151706997,0.11,32.69
0.3559322033898305,-0.15254237288135594,0.33580209380705794,0.26706393124011363,0.07,20.47
0.3559322033898305,-0.11864406779661017,0.3317766780203343,0.30014838808377836,0.03,9.53
0.3559322033898305,-0.0847457627118644,0.3298141614317443,0.32662420121800856,0.0,0.97
0.3559322033898305,-0.05084745762711865,0.32869606096579246,0.3451639881046198,0.02,5.01
0.3559322033898305,-0.01694915254237288,0.3281305349665773,0.35472314818301254,0.03,8.1
0.3559322033898305,0.01694915254237288,0.3279111754291742,0.35472314818301254,0.03,8.18
0.3559322033898305,0.05084745762711865,0.3278391498655969,0.3451639881046198,0.02,5.28
0.3559322033898305,0.0847457627118644,0.3299104299259382,0.32662420121800856,0.0,1.0
0.3559322033898305,0.11864406779661017,0.33255317839532383,0.30014838808377836,0.03,9.74
0.3559322033898305,0.15254237288135594,0.3355343840505681,0.26706393124011363,0.07,20.41
0.3559322033898305,0.1864406779661017,0.33987663699664866,0.22878619151706997,0.11,32.69
0.3559322033898305,0.22033898305084745,0.3353612420895163,0.1866603066175128,0.15,44.34
0.3898305084745763,-0.22033898305084745,0.3814156936372629,0.23095255854034516,0.15,39.45
0.3898305084745763,-0.1864406779661017,0.38007413683937824,0.27123858690298,0.11,28.64
0.3898305084745763,-0.15254237288135594,0.37565866960718824,0.30744050501708,0.07,18.16
0.3898305084745763,-0.11864406779661017,0.3715046662953996,0.3383960667692351,0.03,8.91
0.3898305084745763,-0.0847457627118644,0.36974086582792076,0.3629306465859187,0.01,1.84
0.3898305084745763,-0.05084745762711865,0.3680949176404224,0.3799795238149118,0.01,3.23
0.3898305084745763,-0.01694915254237288,0.367393708453861,0.3887263460659333,0.02,5.81
0.3898305084745763,0.01694915254237288,0.36735375920036845,0.3887263460659333,0.02,5.82
0.3898305084745763,0.05084745762711865,0.36829727526281364,0.3799795238149118,0.01,3.17
0.3898305084745763,0.0847457627118644,0.3703166683909126,0.3629306465859187,0.01,1.99
0.3898305084745763,0.11864406779661017,0.3723340287084305,0.3383960667692351,0.03,9.11
0.3898305084745763,0.15254237288135594,0.3756555203527909,0.30744050501708,0.07,18.16
0.3898305084745763,0.1864406779661017,0.37995190445603877,0.27123858690298,0.11,28.61
0.3898305084745763,0.22033898305084745,0.38138743330807345,0.23095255854034516,0.15,39.44
0.423728813559322,-0.22033898305084745,0.42207490545201953,0.2742853297376104,0.15,35.02
0.423728813559322,-0.1864406779661017,0.41875373904907764,0.31275849243462633,0.11,25.31
0.423728813559322,-0.15254237288135594,0.41412708860518255,0.3470120352926016,0.07,16.21
0.423728813559322,-0.11864406779661017,0.4111262044185054,0.3760456104104194,0.04,8.53
0.423728813559322,-0.0847457627118644,0.4087354065795716,0.3988802748573234,0.01,2.41
0.423728813559322,-0.05084745762711865,0.4076723325286819,0.4146522932257247,0.01,1.71
0.423728813559322,-0.01694915254237288,0.4065409119531546,0.42271281236772645,0.02,3.98
0.423728813559322,0.01694915254237288,0.40647606831484584,0.42271281236772645,0.02,3.99
0.423728813559322,0.05084745762711865,0.4075853306149203,0.4146522932257247,0.01,1.73
0.423728813559322,0.0847457627118644,0.4091613836551546,0.3988802748573234,0.01,2.51
0.423728813559322,0.11864406779661017,0.41121062006184994,0.3760456104104194,0.04,8.55
0.423728813559322,0.15254237288135594,0.41471601754905674,0.3470120352926016,0.07,16.33
0.423728813559322,0.1864406779661017,0.41840355434651944,0.31275849243462633,0.11,25.25
0.423728813559322,0.22033898305084745,0.4223486444761405,0.2742853297376104,0.15,35.06
0.4576271186440678,-0.2542372881355932,0.45490711427248665,0.2765695336881701,0.18,39.2
0.4576271186440678,-0.22033898305084745,0.4604909515464025,0.3167363057533559,0.14,31.22
0.4576271186440678,-0.1864406779661017,0.45651364809095246,0.35346149073439115,0.1,22.57
0.4576271186440678,-0.15254237288135594,0.4522937454314942,0.3859050703934293,0.07,14.68
0.4576271186440678,-0.11864406779661017,0.44971028403284274,0.41320645998289046,0.04,8.12
0.4576271186440678,-0.0847457627118644,0.44690097097767134,0.4345452175198117,0.01,2.76
0.4576271186440678,-0.05084745762711865,0.44558611526171055,0.4492129874231046,0.0,0.81
0.4576271186440678,-0.01694915254237288,0.4449626248579957,0.4566862517151327,0.01,2.63
0.4576271186440678,0.01694915254237288,0.4450757207087479,0.4566862517151327,0.01,2.61
0.4576271186440678,0.05084745762711865,0.4456179803885886,0.4492129874231046,0.0,0.81
0.4576271186440678,0.0847457627118644,0.4474254919413273,0.4345452175198117,0.01,2.88
0.4576271186440678,0.11864406779661017,0.44925733020896647,0.41320645998289046,0.04,8.02
0.4576271186440678,0.15254237288135594,0.4525177767515907,0.3859050703934293,0.07,14.72
0.4576271186440678,0.1864406779661017,0.45640781671795977,0.35346149073439115,0.1,22.56
0.4576271186440678,0.22033898305084745,0.46102851843793663,0.3167363057533559,0.14,31.3
0.4576271186440678,0.2542372881355932,0.4547977410617346,0.2765695336881701,0.18,39.19
0.4915254237288136,-0.2542372881355932,0.4959894644995674,0.31977911641383083,0.18,35.53
0.4915254237288136,-0.22033898305084745,0.497820475278549,0.35839057046992834,0.14,28.01
0.4915254237288136,-0.1864406779661017,0.49328540755593664,0.3934530794557593,0.1,20.24
0.4915254237288136,-0.15254237288135594,0.4899612741307249,0.4242248649775221,0.07,13.42
0.4915254237288136,-0.11864406779661017,0.48688083695620293,0.44996441215081423,0.04,7.58
0.4915254237288136,-0.0847457627118644,0.484912770970218,0.46997980972962483,0.01,3.08
0.4915254237288136,-0.05084745762711865,0.4836368040849129,0.4836841452154826,0.0,0.01
0.4915254237288136,-0.01694915254237288,0.48276158814080483,0.4906493509392248,0.01,1.63
0.4915254237288136,0.01694915254237288,0.48267080631363085,0.4906493509392248,0.01,1.65
0.4915254237288136,0.05084745762711865,0.4836945282418865,0.4836841452154826,0.0,0.0
0.4915254237288136,0.0847457627118644,0.4848925100996314,0.46997980972962483,0.01,3.08
0.4915254237288136,0.11864406779661017,0.4866909467179382,0.44996441215081423,0.04,7.55
0.4915254237288136,0.15254237288135594,0.48962378064091155,0.4242248649775221,0.07,13.36
0.4915254237288136,0.1864406779661017,0.4934164724751507,0.3934530794557593,0.1,20.26
0.4915254237288136,0.22033898305084745,0.49780506393548885,0.35839057046992834,0.14,28.01
0.4915254237288136,0.2542372881355932,0.49586706908992806,0.31977911641383083,0.18,35.51
0.5254237288135594,-0.2542372881355932,0.5341705335256753,0.362229201225707,0.17,32.19
0.5254237288135594,-0.22033898305084745,0.5338458225108237,0.39933184822755413,0.13,25.2
0.5254237288135594,-0.1864406779661017,0.5298539204886645,0.43282630191593613,0.1,18.31
0.5254237288135594,-0.15254237288135594,0.5263209650033731,0.46205832670486024,0.06,12.21
0.5254237288135594,-0.11864406779661017,0.5241021439355783,0.486387202780617,0.04,7.2
0.5254237288135594,-0.0847457627118644,0.5218681950477683,0.5052256364062536,0.02,3.19
0.5254237288135594,-0.05084745762711865,0.5201773232040734,0.5180826751802328,0.0,0.4
0.5254237288135594,-0.01694915254237288,0.5195518847382148,0.5246041059410125,0.01,0.97
0.5254237288135594,0.01694915254237288,0.5194511968076603,0.5246041059410125,0.01,0.99
0.5254237288135594,0.05084745762711865,0.5206433658889189,0.5180826751802328,0.0,0.49
0.5254237288135594,0.0847457627118644,0.5221553175091218,0.5052256364062536,0.02,3.24
0.5254237288135594,0.11864406779661017,0.523958069308651,0.486387202780617,0.04,7.17
0.5254237288135594,0.15254237288135594,0.525923364268919,0.46205832670486024,0.06,12.14
0.5254237288135594,0.1864406779661017,0.5294737407084386,0.43282630191593613,0.1,18.25
0.5254237288135594,0.22033898305084745,0.533708856611442,0.39933184822755413,0.13,25.18
0.5254237288135594,0.2542372881355932,0.5341170883947628,0.362229201225707,0.17,32.18
0.559322033898305,-0.2542372881355932,0.5705378653878634,0.4039838913855626,0.17,29.19
0.559322033898305,-0.22033898305084745,0.5688274028297415,0.4396382749829092,0.13,22.71
0.559322033898305,-0.1864406779661017,0.5652756829305785,0.4716617527030802,0.09,16.56
0.559322033898305,-0.15254237288135594,0.562368540917471,0.4994771093002742,0.06,11.18
0.559322033898305,-0.11864406779661017,0.5600193435785348,0.5225287571168663,0.04,6.69
0.559322033898305,-0.0847457627118644,0.5579953625791149,0.540314995631819,0.02,3.17
0.559322033898305,-0.05084745762711865,0.5563056453064849,0.5524215012763841,0.0,0.7
0.559322033898305,-0.01694915254237288,0.5557865334391026,0.5585520302568951,0.0,0.5
0.559322033898305,0.01694915254237288,0.5563982422902785,0.5585520302568951,0.0,0.39
0.559322033898305,0.05084745762711865,0.5561297469863205,0.5524215012763841,0.0,0.67
0.559322033898305,0.0847457627118644,0.5579251897785673,0.540314995631819,0.02,3.16
0.559322033898305,0.11864406779661017,0.5601138734059552,0.5225287571168663,0.04,6.71
0.559322033898305,0.15254237288135594,0.5621576275190776,0.4994771093002742,0.06,11.15
0.559322033898305,0.1864406779661017,0.5656605894939408,0.4716617527030802,0.09,16.62
0.559322033898305,0.22033898305084745,0.5692674854491386,0.4396382749829092,0.13,22.77
0.559322033898305,0.2542372881355932,0.5703593759301159,0.4039838913855626,0.17,29.17
0.5932203389830508,-0.2542372881355932,0.6056872578966883,0.4451065520668561,0.16,26.51
0.5932203389830508,-0.22033898305084745,0.6041452753549018,0.4793806717880446,0.12,20.65
0.5932203389830508,-0.1864406779661017,0.6005459466508061,0.5100286021593152,0.09,15.07
0.5932203389830508,-0.15254237288135594,0.5974425753331108,0.5365403946202402,0.06,10.19
0.5932203389830508,-0.11864406779661017,0.5949628272365475,0.5584323848002528,0.04,6.14
0.5932203389830508,-0.0847457627118644,0.593920034831733,0.5752733135076996,0.02,3.14
0.5932203389830508,-0.05084745762711865,0.5921602466004864,0.5867106659732538,0.01,0.92
0.5932203389830508,-0.01694915254237288,0.5920619763440852,0.5924942924106006,0.0,0.07
0.5932203389830508,0.01694915254237288,0.5914655887124871,0.5924942924106006,0.0,0.17
0.5932203389830508,0.05084745762711865,0.5921484667187524,0.5867106659732538,0.01,0.92
0.5932203389830508,0.0847457627118644,0.5932450078753915,0.5752733135076996,0.02,3.03
0.5932203389830508,0.11864406779661017,0.5953101488115615,0.5584323848002528,0.04,6.19
0.5932203389830508,0.15254237288135594,0.5976168704054539,0.5365403946202402,0.06,10.22
0.5932203389830508,0.1864406779661017,0.6003496313207666,0.5100286021593152,0.09,15.04
0.5932203389830508,0.22033898305084745,0.6040518841207078,0.4793806717880446,0.12,20.64
0.5932203389830508,0.2542372881355932,0.6058902173320296,0.4451065520668561,0.16,26.54
0.6271186440677966,-0.2542372881355932,0.6398307805130811,0.48565722530809685,0.15,24.1
0.6271186440677966,-0.22033898305084745,0.6383728520324041,0.5186221564733661,0.12,18.76
0.6271186440677966,-0.1864406779661017,0.6350191397940761,0.5479859700578373,0.09,13.71
0.6271186440677966,-0.15254237288135594,0.6321121619009875,0.5732972390621107,0.06,9.3
0.6271186440677966,-0.11864406779661017,0.6301188769665523,0.5941331765094501,0.04,5.71
0.6271186440677966,-0.0847457627118644,0.6288564295070282,0.6101208550029659,0.02,2.98
0.6271186440677966,-0.05084745762711865,0.6275618119701959,0.6209580876939804,0.01,1.05
0.6271186440677966,-0.01694915254237288,0.6268836132032244,0.6264318088804689,0.0,0.07
0.6271186440677966,0.01694915254237288,0.6271884525306108,0.6264318088804689,0.0,0.12
0.6271186440677966,0.05084745762711865,0.6270896240822283,0.6209580876939804,0.01,0.98
0.6271186440677966,0.0847457627118644,0.6287313286709271,0.6101208550029659,0.02,2.96
0.6271186440677966,0.11864406779661017,0.6299996172729303,0.5941331765094501,0.04,5.69
0.6271186440677966,0.15254237288135594,0.6323160768103324,0.5732972390621107,0.06,9.33
0.6271186440677966,0.1864406779661017,0.6348964137061965,0.5479859700578373,0.09,13.69
0.6271186440677966,0.22033898305084745,0.6381784226094033,0.5186221564733661,0.12,18.73
0.6271186440677966,0.2542372881355932,0.6399097272486914,0.48565722530809685,0.15,24.11
0.6610169491525424,-0.2542372881355932,0.6730664785341902,0.5256913974963778,0.15,21.9
0.6610169491525424,-0.22033898305084745,0.6722090567423727,0.5574184350127313,0.11,17.08
0.6610169491525424,-0.1864406779661017,0.6689518707704195,0.5855843313259302,0.08,12.46
0.6610169491525424,-0.15254237288135594,0.6664242213873492,0.6097884927423958,0.06,8.5
0.6610169491525424,-0.11864406779661017,0.6642794806022534,0.6296598073424587,0.03,5.21
0.6610169491525424,-0.0847457627118644,0.6632636374406827,0.6448739549630736,0.02,2.77
0.6610169491525424,-0.05084745762711865,0.6622401338813724,0.6551700921679232,0.01,1.07
0.6610169491525424,-0.01694915254237288,0.6613409320860029,0.6603653085538512,0.0,0.15
0.6610169491525424,0.01694915254237288,0.661389342894626,0.6603653085538512,0.0,0.15
0.6610169491525424,0.05084745762711865,0.6620562405019756,0.6551700921679232,0.01,1.04
0.6610169491525424,0.0847457627118644,0.6626563393112757,0.6448739549630736,0.02,2.68
0.6610169491525424,0.11864406779661017,0.6644152876076823,0.6296598073424587,0.03,5.23
0.6610169491525424,0.15254237288135594,0.6664301205253891,0.6097884927423958,0.06,8.5
0.6610169491525424,0.1864406779661017,0.6686746227518756,0.5855843313259302,0.08,12.43
0.6610169491525424,0.22033898305084745,0.6720239748883406,0.5574184350127313,0.11,17.05
0.6610169491525424,0.2542372881355932,0.6731218840362675,0.5256913974963778,0.15,21.9
0.6949152542372882,-0.2542372881355932,0.7053934383169148,0.5652595587793252,0.14,19.87
0.6949152542372882,-0.22033898305084745,0.7054397229831584,0.5958184060361178,0.11,15.54
0.6949152542372882,-0.1864406779661017,0.702593748830774,0.6228668152484839,0.08,11.35
0.6949152542372882,-0.15254237288135594,0.6999504879511719,0.6460483460417585,0.05,7.7
0.6949152542372882,-0.11864406779661017,0.6981778230874796,0.6650359017912297,0.03,4.75
0.6949152542372882,-0.0847457627118644,0.6969944760719317,0.6795459170002776,0.02,2.5
0.6949152542372882,-0.05084745762711865,0.6958813154984418,0.6893517924121944,0.01,0.94
0.6949152542372882,-0.01694915254237288,0.6951429738633763,0.6942953783713617,0.0,0.12
0.6949152542372882,0.01694915254237288,0.6956313637890432,0.6942953783713617,0.0,0.19
0.6949152542372882,0.05084745762711865,0.69564989087016,0.6893517924121944,0.01,0.91
0.6949152542372882,0.0847457627118644,0.6968312223995416,0.6795459170002776,0.02,2.48
0.6949152542372882,0.11864406779661017,0.6983809963492265,0.6650359017912297,0.03,4.77
0.6949152542372882,0.15254237288135594,0.7001878775067365,0.6460483460417585,0.05,7.73
0.6949152542372882,0.1864406779661017,0.7023880440489788,0.6228668152484839,0.08,11.32
0.6949152542372882,0.22033898305084745,0.7054490618774594,0.5958184060361178,0.11,15.54
0.6949152542372882,0.2542372881355932,0.7054155607843852,0.5652595587793252,0.14,19.87
0.7288135593220338,-0.2542372881355932,0.736536320779809,0.6044072111422708,0.13,17.94
0.7288135593220338,-0.22033898305084745,0.7381125983916651,0.6338648789364065,0.1,14.12
0.7288135593220338,-0.1864406779661017,0.7356076391765736,0.6598703481818028,0.08,10.3
0.7288135593220338,-0.15254237288135594,0.7331814093651111,0.6821055677757476,0.05,6.97
0.7288135593220338,-0.11864406779661017,0.7318509677685897,0.700281074448135,0.03,4.31
0.7288135593220338,-0.0847457627118644,0.7299073403833373,0.7141476790183234,0.02,2.16
0.7288135593220338,-0.05084745762711865,0.7297342787992153,0.7235073652103453,0.01,0.85
0.7288135593220338,-0.01694915254237288,0.7284546797991193,0.7282224962663661,0.0,0.03
0.7288135593220338,0.01694915254237288,0.7284876671977207,0.7282224962663661,0.0,0.04
0.7288135593220338,0.05084745762711865,0.7295698412530187,0.7235073652103453,0.01,0.83
0.7288135593220338,0.0847457627118644,0.7299589638086526,0.7141476790183234,0.02,2.17
0.7288135593220338,0.11864406779661017,0.731874000070358,0.700281074448135,0.03,4.32
0.7288135593220338,0.15254237288135594,0.7330546711109308,0.6821055677757476,0.05,6.95
0.7288135593220338,0.1864406779661017,0.7355308522014369,0.6598703481818028,0.08,10.29
0.7288135593220338,0.22033898305084745,0.7383453026974055,0.6338648789364065,0.1,14.15
0.7288135593220338,0.2542372881355932,0.7367012618540196,0.6044072111422708,0.13,17.96
0.7627118644067796,-0.22033898305084745,0.7706103078223945,0.6715953006979887,0.1,12.85
0.7627118644067796,-0.1864406779661017,0.7679702208656624,0.6966266321543745,0.07,9.29
0.7627118644067796,-0.15254237288135594,0.7660789102297192,0.7179844947431822,0.05,6.28
0.7627118644067796,-0.11864406779661017,0.7645262759612278,0.7354117298135019,0.03,3.81
0.7627118644067796,-0.0847457627118644,0.7632652777048472,0.7486883123718409,0.01,1.91
0.7627118644067796,-0.05084745762711865,0.7622184766688799,0.7576402554572217,0.0,0.6
0.7627118644067796,-0.01694915254237288,0.7620848281361402,0.7621470553413102,0.0,0.01
0.7627118644067796,0.01694915254237288,0.7620053172666914,0.7621470553413102,0.0,0.02
0.7627118644067796,0.05084745762711865,0.762405429810712,0.7576402554572217,0.0,0.63
0.7627118644067796,0.0847457627118644,0.7632986734835712,0.7486883123718409,0.01,1.91
0.7627118644067796,0.11864406779661017,0.7644512890122327,0.7354117298135019,0.03,3.8
0.7627118644067796,0.15254237288135594,0.7663245323334579,0.7179844947431822,0.05,6.31
0.7627118644067796,0.1864406779661017,0.7682105244757838,0.6966266321543745,0.07,9.32
0.7627118644067796,0.22033898305084745,0.7704076798311194,0.6715953006979887,0.1,12.83
0.7966101694915254,-0.22033898305084745,0.8017835858659723,0.7090424397109858,0.09,11.57
0.7966101694915254,-0.1864406779661017,0.8005701790801034,0.7331629705470368,0.07,8.42
0.7966101694915254,-0.15254237288135594,0.7987983140048349,0.7537058234210195,0.05,5.65
0.7966101694915254,-0.11864406779661017,0.7967590377104339,0.7704416820139652,0.03,3.3
0.7966101694915254,-0.0847457627118644,0.7956655734344432,0.7831754007872994,0.01,1.57
0.7966101694915254,-0.05084745762711865,0.7954478437347005,0.791753329354482,0.0,0.46
0.7966101694915254,-0.01694915254237288,0.7947939222377636,0.7960693818846014,0.0,0.16
0.7966101694915254,0.01694915254237288,0.794832729233591,0.7960693818846014,0.0,0.16
0.7966101694915254,0.05084745762711865,0.7950264043112708,0.791753329354482,0.0,0.41
0.7966101694915254,0.0847457627118644,0.7957038569432037,0.7831754007872994,0.01,1.57
0.7966101694915254,0.11864406779661017,0.797112055427458,0.7704416820139652,0.03,3.35
0.7966101694915254,0.15254237288135594,0.7987269637175769,0.7537058234210195,0.05,5.64
0.7966101694915254,0.1864406779661017,0.8005445726410836,0.7331629705470368,0.07,8.42
0.7966101694915254,0.22033898305084745,0.8017743185961397,0.7090424397109858,0.09,11.57
0.8305084745762712,-0.22033898305084745,0.8310732800914831,0.7462350042018291,0.08,10.21
0.8305084745762712,-0.1864406779661017,0.8323046555754994,0.7695029591052719,0.06,7.55
0.8305084745762712,-0.15254237288135594,0.8306213831358573,0.7892872451256714,0.04,4.98
0.8305084745762712,-0.11864406779661017,0.8287928764257029,0.8053826389107795,0.02,2.82
0.8305084745762712,-0.0847457627118644,0.8278974601575886,0.8176153312536452,0.01,1.24
0.8305084745762712,-0.05084745762711865,0.8270447561424094,0.8258489907602931,0.0,0.14
0.8305084745762712,-0.01694915254237288,0.8265084018433981,0.8299897489838364,0.0,0.42
0.8305084745762712,0.01694915254237288,0.826868518776936,0.8299897489838364,0.0,0.38
0.8305084745762712,0.05084745762711865,0.827346724385394,0.8258489907602931,0.0,0.18
0.8305084745762712,0.0847457627118644,0.8281745492627717,0.8176153312536452,0.01,1.27
0.8305084745762712,0.11864406779661017,0.8292647007041664,0.8053826389107795,0.02,2.88
0.8305084745762712,0.15254237288135594,0.8307996221106162,0.7892872451256714,0.04,5.0
0.8305084745762712,0.1864406779661017,0.8325307666495394,0.7695029591052719,0.06,7.57
0.8305084745762712,0.22033898305084745,0.8308815144245774,0.7462350042018291,0.08,10.19
0.864406779661017,-0.1864406779661017,0.8631030152787005,0.8056670619222915,0.06,6.65
0.864406779661017,-0.15254237288135594,0.8622276598761639,0.8247439575344635,0.04,4.35
0.864406779661017,-0.11864406779661017,0.8610091886040404,0.8402445833002502,0.02,2.41
0.864406779661017,-0.0847457627118644,0.8596977536351507,0.8520135196773241,0.01,0.89
0.864406779661017,-0.05084745762711865,0.8593461632609536,0.8599292706113625,0.0,0.07
0.864406779661017,-0.01694915254237288,0.8588269739207984,0.8639083869416696,0.01,0.59
0.864406779661017,0.01694915254237288,0.8586830955697297,0.8639083869416696,0.01,0.61
0.864406779661017,0.05084745762711865,0.8594500952860182,0.8599292706113625,0.0,0.06
0.864406779661017,0.0847457627118644,0.8596955497010011,0.8520135196773241,0.01,0.89
0.864406779661017,0.11864406779661017,0.8609597619901214,0.8402445833002502,0.02,2.41
0.864406779661017,0.15254237288135594,0.8622996000558014,0.8247439575344635,0.04,4.36
0.864406779661017,0.1864406779661017,0.8630516793501656,0.8056670619222915,0.06,6.65
0.8983050847457628,-0.15254237288135594,0.893113385990226,0.8600890784585583,0.03,3.7
0.8983050847457628,-0.11864406779661017,0.8921800783628029,0.8750360754056127,0.02,1.92
0.8983050847457628,-0.0847457627118644,0.8913225329011547,0.8863745876418302,0.0,0.56
0.8983050847457628,-0.05084745762711865,0.8906837452743867,0.8939958964035942,0.0,0.37
0.8983050847457628,-0.01694915254237288,0.8905166850236814,0.8978254913372722,0.01,0.82
0.8983050847457628,0.01694915254237288,0.890417621895273,0.8978254913372722,0.01,0.83
0.8983050847457628,0.05084745762711865,0.8908607810429766,0.8939958964035942,0.0,0.35
0.8983050847457628,0.0847457627118644,0.8913078816563427,0.8863745876418302,0.0,0.55
0.8983050847457628,0.11864406779661017,0.8926286124835588,0.8750360754056127,0.02,1.97
0.8983050847457628,0.15254237288135594,0.8932790294574158,0.8600890784585583,0.03,3.72
0.9322033898305084,-0.15254237288135594,0.9206904740788986,0.8953339821420568,0.03,2.75
0.9322033898305084,-0.11864406779661017,0.9227215111507083,0.9097644946962988,0.01,1.4
0.9322033898305084,-0.0847457627118644,0.9227863235729992,0.920702502127307,0.0,0.23
0.9322033898305084,-0.05084745762711865,0.9221040350225053,0.9280503467241089,0.01,0.64
0.9322033898305084,-0.01694915254237288,0.921561307035528,0.9317412293316142,0.01,1.1
0.9322033898305084,0.01694915254237288,0.9213900819438937,0.9317412293316142,0.01,1.12
0.9322033898305084,0.05084745762711865,0.9220713647930093,0.9280503467241089,0.01,0.65
0.9322033898305084,0.0847457627118644,0.922392687417694,0.920702502127307,0.0,0.18
0.9322033898305084,0.11864406779661017,0.9229648805867722,0.9097644946962988,0.01,1.43
0.9322033898305084,0.15254237288135594,0.9208864585057878,0.8953339821420568,0.03,2.77
0.9661016949152542,-0.0847457627118644,0.9519429954461144,0.9550006868903632,0.0,0.32
0.9661016949152542,-0.05084745762711865,0.9522971328447187,0.9620938944505892,0.01,1.03
0.9661016949152542,-0.01694915254237288,0.9522366099655152,0.965655744647197,0.01,1.41
0.9661016949152542,0.01694915254237288,0.9521400467113381,0.965655744647197,0.01,1.42
0.9661016949152542,0.05084745762711865,0.9523314757808772,0.9620938944505892,0.01,1.03
0.9661016949152542,0.0847457627118644,0.9519746308833831,0.9550006868903632,0.0,0.32
