x position,y position,Simulation Output (V),Analytical Output (V),Absolure error (%),Relative error (%)
-0.9591836734693877,-0.2653061224489796,-0.6356121396497022,-0.679937781026614,0.04,6.97
-0.9591836734693877,-0.22448979591836735,-0.6935258186420907,-0.7374648318302748,0.04,6.34
-0.9591836734693877,-0.1836734693877551,-0.7415419011918509,-0.7854040408333267,0.04,5.91
-0.9591836734693877,-0.14285714285714285,-0.7786288398530636,-0.8237554080357673,0.05,5.8
-0.9591836734693877,-0.10204081632653061,-0.805695288941326,-0.8525189334375985,0.05,5.81
-0.9591836734693877,-0.061224489795918366,-0.8256777462961592,-0.8716946170388188,0.05,5.57
-0.9591836734693877,-0.02040816326530612,-0.8329491204900472,-0.8812824588394291,0.05,5.8
-0.9591836734693877,0.02040816326530612,-0.833122231396856,-0.8812824588394291,0.05,5.78
-0.9591836734693877,0.061224489795918366,-0.8239496251571078,-0.8716946170388188,0.05,5.79
-0.9591836734693877,0.10204081632653061,-0.8058346431176455,-0.8525189334375985,0.05,5.79
-0.9591836734693877,0.14285714285714285,-0.779054456842487,-0.8237554080357673,0.04,5.74
-0.9591836734693877,0.1836734693877551,-0.7404597540161632,-0.7854040408333267,0.04,6.07
-0.9591836734693877,0.22448979591836735,-0.6943257651769352,-0.7374648318302748,0.04,6.21
-0.9591836734693877,0.2653061224489796,-0.6381546213201521,-0.679937781026614,0.04,6.55
-0.9183673469387755,-0.3877551020408163,-0.3375665998325708,-0.3603090549005939,0.02,6.74
-0.9183673469387755,-0.3469387755102041,-0.4202413953154805,-0.44292769169308704,0.02,5.4
-0.9183673469387755,-0.30612244897959184,-0.48955529003941145,-0.5163664799530807,0.03,5.48
-0.9183673469387755,-0.2653061224489796,-0.5511817490043827,-0.5806254196805752,0.03,5.34
-0.9183673469387755,-0.22448979591836735,-0.6022822884350135,-0.6357045108755707,0.03,5.55
-0.9183673469387755,-0.1836734693877551,-0.6450382182616382,-0.681603753538067,0.04,5.67
-0.9183673469387755,-0.14285714285714285,-0.677538867441293,-0.7183231476680632,0.04,6.02
-0.9183673469387755,-0.10204081632653061,-0.7049085617349229,-0.745862693265561,0.04,5.81
-0.9183673469387755,-0.061224489795918366,-0.7218870519847432,-0.7642223903305596,0.04,5.86
-0.9183673469387755,-0.02040816326530612,-0.7303023823920791,-0.7734022388630589,0.04,5.9
-0.9183673469387755,0.02040816326530612,-0.7307267692259447,-0.7734022388630589,0.04,5.84
-0.9183673469387755,0.061224489795918366,-0.7194849730748244,-0.7642223903305596,0.04,6.22
-0.9183673469387755,0.10204081632653061,-0.7045359515213343,-0.745862693265561,0.04,5.87
-0.9183673469387755,0.14285714285714285,-0.6778931320712243,-0.7183231476680632,0.04,5.96
-0.9183673469387755,0.1836734693877551,-0.6435333881649159,-0.681603753538067,0.04,5.92
-0.9183673469387755,0.22448979591836735,-0.601384150100578,-0.6357045108755707,0.03,5.71
-0.9183673469387755,0.2653061224489796,-0.5505878046891579,-0.5806254196805752,0.03,5.46
-0.9183673469387755,0.30612244897959184,-0.48754521793651107,-0.5163664799530807,0.03,5.91
-0.9183673469387755,0.3469387755102041,-0.41785539575950914,-0.44292769169308704,0.03,6.0
-0.9183673469387755,0.3877551020408163,-0.3382884487629978,-0.3603090549005939,0.02,6.51
-0.8775510204081632,-0.46938775510204084,-0.0883793858388411,-0.0957594199695703,0.01,8.35
-0.8775510204081632,-0.42857142857142855,-0.1806068676145517,-0.19224982787784067,0.01,6.45
-0.8775510204081632,-0.3877551020408163,-0.26623981016231957,-0.27996838052172196,0.01,5.16
-0.8775510204081632,-0.3469387755102041,-0.3385511963398128,-0.3589150779012139,0.02,6.02
-0.8775510204081632,-0.30612244897959184,-0.40640247817186426,-0.4290899200163192,0.02,5.58
-0.8775510204081632,-0.2653061224489796,-0.4620711391067546,-0.490492906867037,0.03,6.15
-0.8775510204081632,-0.22448979591836735,-0.5136517813717993,-0.5431240384533653,0.03,5.74
-0.8775510204081632,-0.1836734693877551,-0.551780337732593,-0.5869833147753063,0.04,6.38
-0.8775510204081632,-0.14285714285714285,-0.5892402432313957,-0.6220707358328585,0.03,5.57
-0.8775510204081632,-0.10204081632653061,-0.6105359868191481,-0.6483863016260234,0.04,6.2
-0.8775510204081632,-0.061224489795918366,-0.6284143571186493,-0.6659300121547995,0.04,5.97
-0.8775510204081632,-0.02040816326530612,-0.6397139271751704,-0.6747018674191875,0.03,5.47
-0.8775510204081632,0.02040816326530612,-0.6366255358364031,-0.6747018674191875,0.04,5.98
-0.8775510204081632,0.061224489795918366,-0.6298178700980549,-0.6659300121547995,0.04,5.73
-0.8775510204081632,0.10204081632653061,-0.614380404266787,-0.6483863016260234,0.03,5.53
-0.8775510204081632,0.14285714285714285,-0.586190352663895,-0.6220707358328585,0.04,6.12
-0.8775510204081632,0.1836734693877551,-0.5549092496596776,-0.5869833147753063,0.03,5.78
-0.8775510204081632,0.22448979591836735,-0.5155877388902269,-0.5431240384533653,0.03,5.34
-0.8775510204081632,0.2653061224489796,-0.46621591689164477,-0.490492906867037,0.02,5.21
-0.8775510204081632,0.30612244897959184,-0.4058189512734424,-0.4290899200163192,0.02,5.73
-0.8775510204081632,0.3469387755102041,-0.3399791464691553,-0.3589150779012139,0.02,5.57
-0.8775510204081632,0.3877551020408163,-0.2653124195171264,-0.27996838052172196,0.01,5.52
-0.8775510204081632,0.42857142857142855,-0.18181104045156776,-0.19224982787784067,0.01,5.74
-0.8775510204081632,0.46938775510204084,-0.08920223914813785,-0.0957594199695703,0.01,7.35
-0.8367346938775511,-0.5102040816326531,0.06429792312130755,0.06760788446990622,0.0,5.15
-0.8367346938775511,-0.46938775510204084,-0.03306341119005909,-0.032758459485418626,0.0,0.92
-0.8367346938775511,-0.42857142857142855,-0.11728523143479522,-0.12476094144446596,0.01,6.37
-0.8367346938775511,-0.3877551020408163,-0.19560788719391953,-0.20839956140723717,0.01,6.54
-0.8367346938775511,-0.3469387755102041,-0.26849742482535566,-0.28367431937373033,0.02,5.65
-0.8367346938775511,-0.30612244897959184,-0.33073516385805835,-0.3505852153439461,0.02,6.0
-0.8367346938775511,-0.2653061224489796,-0.38738688152376194,-0.4091322493178869,0.02,5.61
-0.8367346938775511,-0.22448979591836735,-0.4344916724522749,-0.45931542129554925,0.02,5.71
-0.8367346938775511,-0.1836734693877551,-0.4757528987157742,-0.5011347312769341,0.03,5.34
-0.8367346938775511,-0.14285714285714285,-0.5064294739406006,-0.5345901792620421,0.03,5.56
-0.8367346938775511,-0.10204081632653061,-0.5302573516369573,-0.5596817652508735,0.03,5.55
-0.8367346938775511,-0.061224489795918366,-0.5443097046295972,-0.5764094892434275,0.03,5.9
-0.8367346938775511,-0.02040816326530612,-0.5497687454295158,-0.5847733512397048,0.04,6.37
-0.8367346938775511,0.02040816326530612,-0.557566759187339,-0.5847733512397048,0.03,4.88
-0.8367346938775511,0.061224489795918366,-0.5441485306569951,-0.5764094892434275,0.03,5.93
-0.8367346938775511,0.10204081632653061,-0.5305918817680519,-0.5596817652508735,0.03,5.48
-0.8367346938775511,0.14285714285714285,-0.5062648803645386,-0.5345901792620421,0.03,5.59
-0.8367346938775511,0.1836734693877551,-0.4729093119980834,-0.5011347312769341,0.03,5.97
-0.8367346938775511,0.22448979591836735,-0.43761219323063305,-0.45931542129554925,0.02,4.96
-0.8367346938775511,0.2653061224489796,-0.3855238282743934,-0.4091322493178869,0.02,6.12
-0.8367346938775511,0.30612244897959184,-0.32958520767382815,-0.3505852153439461,0.02,6.37
-0.8367346938775511,0.3469387755102041,-0.26717940278043867,-0.28367431937373033,0.02,6.17
-0.8367346938775511,0.3877551020408163,-0.19837322707772634,-0.20839956140723717,0.01,5.05
-0.8367346938775511,0.42857142857142855,-0.11703931585558672,-0.12476094144446596,0.01,6.6
-0.8367346938775511,0.46938775510204084,-0.027754462077098814,-0.032758459485418626,0.01,18.03
-0.8367346938775511,0.5102040816326531,0.06466825264171024,0.06760788446990622,0.0,4.55
-0.7959183673469388,-0.5918367346938775,0.31164943384606747,0.3321575194009306,0.02,6.58
-0.7959183673469388,-0.5510204081632653,0.20814742202268324,0.2207753572066067,0.01,6.07
-0.7959183673469388,-0.5102040816326531,0.11134070642992219,0.11734906374044864,0.01,5.4
-0.7959183673469388,-0.46938775510204084,0.022206277265438532,0.02187863900245592,0.0,1.48
-0.7959183673469388,-0.42857142857142855,-0.06398431913886396,-0.0656359170073691,0.0,2.58
-0.7959183673469388,-0.3877551020408163,-0.13924903506252181,-0.14519460428902825,0.01,4.27
-0.7959183673469388,-0.3469387755102041,-0.20336676918623406,-0.21679742284252349,0.01,6.6
-0.7959183673469388,-0.30612244897959184,-0.267341409778278,-0.28044437266785094,0.01,4.9
-0.7959183673469388,-0.2653061224489796,-0.31833056160333534,-0.3361354537650128,0.02,5.59
-0.7959183673469388,-0.22448979591836735,-0.36441335414716425,-0.3838706661340091,0.02,5.34
-0.7959183673469388,-0.1836734693877551,-0.40218021823627215,-0.4236500097748384,0.02,5.34
-0.7959183673469388,-0.14285714285714285,-0.43461500394444946,-0.45547348468750265,0.02,4.8
-0.7959183673469388,-0.10204081632653061,-0.4555503331701224,-0.4793410908720003,0.02,5.22
-0.7959183673469388,-0.061224489795918366,-0.4686401504951057,-0.4952528283283326,0.03,5.68
-0.7959183673469388,-0.02040816326530612,-0.47886515430867593,-0.5032086970564985,0.02,5.08
-0.7959183673469388,0.02040816326530612,-0.4753922335796769,-0.5032086970564985,0.03,5.85
-0.7959183673469388,0.061224489795918366,-0.46954272327626534,-0.4952528283283326,0.03,5.48
-0.7959183673469388,0.10204081632653061,-0.45254361119244624,-0.4793410908720003,0.03,5.92
-0.7959183673469388,0.14285714285714285,-0.43029959620665037,-0.45547348468750265,0.03,5.85
-0.7959183673469388,0.1836734693877551,-0.4013197598840999,-0.4236500097748384,0.02,5.56
-0.7959183673469388,0.22448979591836735,-0.36315114324898723,-0.3838706661340091,0.02,5.71
-0.7959183673469388,0.2653061224489796,-0.3201288846575901,-0.3361354537650128,0.02,5.0
-0.7959183673469388,0.30612244897959184,-0.26506035418938617,-0.28044437266785094,0.02,5.8
-0.7959183673469388,0.3469387755102041,-0.20340702806970673,-0.21679742284252349,0.01,6.58
-0.7959183673469388,0.3877551020408163,-0.13840399195060918,-0.14519460428902825,0.01,4.91
-0.7959183673469388,0.42857142857142855,-0.060945582847835966,-0.0656359170073691,0.0,7.7
-0.7959183673469388,0.46938775510204084,0.016461775613251926,0.02187863900245592,0.01,32.91
-0.7959183673469388,0.5102040816326531,0.11160488719868092,0.11734906374044864,0.01,5.15
-0.7959183673469388,0.5510204081632653,0.20828728664424978,0.2207753572066067,0.01,6.0
-0.7959183673469388,0.5918367346938775,0.30982956770611975,0.3321575194009306,0.02,7.21
-0.7551020408163265,-0.6326530612244898,0.4492874926783017,0.47614514360513,0.03,5.98
-0.7551020408163265,-0.5918367346938775,0.3421296044743453,0.36292701170430747,0.02,6.08
-0.7551020408163265,-0.5510204081632653,0.24127794791553492,0.25725675526353775,0.02,6.62
-0.7551020408163265,-0.5102040816326531,0.15103061828356548,0.15913437428282443,0.01,5.37
-0.7551020408163265,-0.46938775510204084,0.06686487239833479,0.06855986876216556,0.0,2.53
-0.7551020408163265,-0.42857142857142855,-0.016221044345892808,-0.014466761298438685,0.0,10.81
-0.7551020408163265,-0.3877551020408163,-0.0889320563380119,-0.0899455158989878,0.0,1.14
-0.7551020408163265,-0.3469387755102041,-0.14971363462018336,-0.15787639503948134,0.01,5.45
-0.7551020408163265,-0.30612244897959184,-0.20411425631212682,-0.21825939871992042,0.01,6.93
-0.7551020408163265,-0.2653061224489796,-0.25562525609072073,-0.2710945269403054,0.02,6.05
-0.7551020408163265,-0.22448979591836735,-0.30057389163328585,-0.31638177970063514,0.02,5.26
-0.7551020408163265,-0.1836734693877551,-0.33564019368397513,-0.3541211570009091,0.02,5.51
-0.7551020408163265,-0.14285714285714285,-0.3652186122922669,-0.38431265884112886,0.02,5.23
-0.7551020408163265,-0.10204081632653061,-0.38516693218418463,-0.4069562852212937,0.02,5.66
-0.7551020408163265,-0.061224489795918366,-0.3992657939777554,-0.4220520361414035,0.02,5.71
-0.7551020408163265,-0.02040816326530612,-0.40441023416710714,-0.42959991160145855,0.03,6.23
-0.7551020408163265,0.02040816326530612,-0.4106356442459719,-0.42959991160145855,0.02,4.62
-0.7551020408163265,0.061224489795918366,-0.3990299100195229,-0.4220520361414035,0.02,5.77
-0.7551020408163265,0.10204081632653061,-0.38530106456558155,-0.4069562852212937,0.02,5.62
-0.7551020408163265,0.14285714285714285,-0.364950572275632,-0.38431265884112886,0.02,5.31
-0.7551020408163265,0.1836734693877551,-0.3351163447926512,-0.3541211570009091,0.02,5.67
-0.7551020408163265,0.22448979591836735,-0.30119888236811176,-0.31638177970063514,0.02,5.04
-0.7551020408163265,0.2653061224489796,-0.25472241692164543,-0.2710945269403054,0.02,6.43
-0.7551020408163265,0.30612244897959184,-0.20203068202650973,-0.21825939871992042,0.02,8.03
-0.7551020408163265,0.3469387755102041,-0.15024303448116397,-0.15787639503948134,0.01,5.08
-0.7551020408163265,0.3877551020408163,-0.08395958093537123,-0.0899455158989878,0.01,7.13
-0.7551020408163265,0.42857142857142855,-0.015254970999442707,-0.014466761298438685,0.0,5.17
-0.7551020408163265,0.46938775510204084,0.06482464882243608,0.06855986876216556,0.0,5.76
-0.7551020408163265,0.5102040816326531,0.1516305647945393,0.15913437428282443,0.01,4.95
-0.7551020408163265,0.5510204081632653,0.24529013120133944,0.25725675526353775,0.01,4.88
-0.7551020408163265,0.5918367346938775,0.34299685326815166,0.36292701170430747,0.02,5.81
-0.7551020408163265,0.6326530612244898,0.4495651564234874,0.47614514360513,0.03,5.91
-0.7142857142857143,-0.673469387755102,0.5737932471823989,0.6074849764978884,0.03,5.87
-0.7142857142857143,-0.6326530612244898,0.4680541522140877,0.49324686142678664,0.03,5.38
-0.7142857142857143,-0.5918367346938775,0.3668940576900833,0.3861486285476289,0.02,5.25
-0.7142857142857143,-0.5510204081632653,0.269414377902507,0.2861902778604147,0.02,6.23
-0.7142857142857143,-0.5102040816326531,0.18436281797407011,0.19337180936514548,0.01,4.89
-0.7142857142857143,-0.46938775510204084,0.10554479668960848,0.10769322306181935,0.0,2.04
-0.7142857142857143,-0.42857142857142855,0.026891395149372714,0.029154518950437344,0.0,8.42
-0.7142857142857143,-0.3877551020408163,-0.03873696938948001,-0.04224430296900076,0.0,9.05
-0.7142857142857143,-0.3469387755102041,-0.09970526851499448,-0.10650324269649625,0.01,6.82
-0.7142857142857143,-0.30612244897959184,-0.1512904895373663,-0.16362230023204644,0.01,8.15
-0.7142857142857143,-0.2653061224489796,-0.1987280763570069,-0.21360147557565323,0.01,7.48
-0.7142857142857143,-0.22448979591836735,-0.24168018056404944,-0.25644076872731614,0.01,6.11
-0.7142857142857143,-0.1836734693877551,-0.2751926720353038,-0.29214017968703493,0.02,6.16
-0.7142857142857143,-0.14285714285714285,-0.30297486391193035,-0.3206997084548107,0.02,5.85
-0.7142857142857143,-0.10204081632653061,-0.32002591412798553,-0.3421193550306421,0.02,6.9
-0.7142857142857143,-0.061224489795918366,-0.3387962049979851,-0.35639911941452973,0.02,5.2
-0.7142857142857143,-0.02040816326530612,-0.3443038185621932,-0.36353900160647346,0.02,5.59
-0.7142857142857143,0.02040816326530612,-0.3435717610135186,-0.36353900160647346,0.02,5.81
-0.7142857142857143,0.061224489795918366,-0.334817617024357,-0.35639911941452973,0.02,6.45
-0.7142857142857143,0.10204081632653061,-0.3224520921179066,-0.3421193550306421,0.02,6.1
-0.7142857142857143,0.14285714285714285,-0.29926446455182865,-0.3206997084548107,0.02,7.16
-0.7142857142857143,0.1836734693877551,-0.27235260896825697,-0.29214017968703493,0.02,7.27
-0.7142857142857143,0.22448979591836735,-0.24471171061526742,-0.25644076872731614,0.01,4.79
-0.7142857142857143,0.2653061224489796,-0.20279050629181036,-0.21360147557565323,0.01,5.33
-0.7142857142857143,0.30612244897959184,-0.15669039531580606,-0.16362230023204644,0.01,4.42
-0.7142857142857143,0.3469387755102041,-0.10223825614382905,-0.10650324269649625,0.0,4.17
-0.7142857142857143,0.3877551020408163,-0.04168901049942901,-0.04224430296900076,0.0,1.33
-0.7142857142857143,0.42857142857142855,0.02846006132950903,0.029154518950437344,0.0,2.44
-0.7142857142857143,0.46938775510204084,0.10121023688380215,0.10769322306181935,0.01,6.41
-0.7142857142857143,0.5102040816326531,0.18251196749280524,0.19337180936514548,0.01,5.95
-0.7142857142857143,0.5510204081632653,0.2728127897552824,0.2861902778604147,0.01,4.9
-0.7142857142857143,0.5918367346938775,0.36576841764268486,0.3861486285476289,0.02,5.57
-0.7142857142857143,0.6326530612244898,0.46380047288473314,0.49324686142678664,0.03,6.35
-0.7142857142857143,0.673469387755102,0.5726136072399933,0.6074849764978884,0.03,6.09
-0.673469387755102,-0.7142857142857143,0.6858435110316939,0.7253610315429794,0.04,5.76
-0.673469387755102,-0.673469387755102,0.5762319659262285,0.6109189198378226,0.03,6.02
-0.673469387755102,-0.6326530612244898,0.47516780155673227,0.503208697056499,0.03,5.9
-0.673469387755102,-0.5918367346938775,0.379883898330014,0.40223036319900696,0.02,5.88
-0.673469387755102,-0.5510204081632653,0.2929182541237215,0.30798391826534793,0.02,5.14
-0.673469387755102,-0.5102040816326531,0.2053579856479674,0.2204693622555231,0.02,7.36
-0.673469387755102,-0.46938775510204084,0.13297774038689084,0.13968669516952967,0.01,5.05
-0.673469387755102,-0.42857142857142855,0.06321329031629216,0.06563591700736957,0.0,3.83
-0.673469387755102,-0.3877551020408163,-0.0006946995766510249,-0.0016829722309578592,0.0,142.26
-0.673469387755102,-0.3469387755102041,-0.06147926222513839,-0.06226997254545312,0.0,1.29
-0.673469387755102,-0.30612244897959184,-0.11350220612495672,-0.11612508393611493,0.0,2.31
-0.673469387755102,-0.2653061224489796,-0.15365175518302873,-0.1632483064029441,0.01,6.25
-0.673469387755102,-0.22448979591836735,-0.1891951380363735,-0.20363963994594084,0.01,7.63
-0.673469387755102,-0.1836734693877551,-0.22630355790776596,-0.2372990845651045,0.01,4.86
-0.673469387755102,-0.14285714285714285,-0.24698888550348413,-0.2642266402604355,0.02,6.98
-0.673469387755102,-0.10204081632653061,-0.2702289387393322,-0.28442230703193383,0.01,5.25
-0.673469387755102,-0.061224489795918366,-0.2838961642298953,-0.2978860848795996,0.01,4.93
-0.673469387755102,-0.02040816326530612,-0.2896205572940399,-0.3046179738034323,0.01,5.18
-0.673469387755102,0.02040816326530612,-0.2872844619320038,-0.3046179738034323,0.02,6.03
-0.673469387755102,0.061224489795918366,-0.2801401985515748,-0.2978860848795996,0.02,6.33
-0.673469387755102,0.10204081632653061,-0.27184342456338223,-0.28442230703193383,0.01,4.63
-0.673469387755102,0.14285714285714285,-0.24864198252015407,-0.2642266402604355,0.02,6.27
-0.673469387755102,0.1836734693877551,-0.22487183396590918,-0.2372990845651045,0.01,5.53
-0.673469387755102,0.22448979591836735,-0.19409370553223065,-0.20363963994594084,0.01,4.92
-0.673469387755102,0.2653061224489796,-0.1548024585600159,-0.1632483064029441,0.01,5.46
-0.673469387755102,0.30612244897959184,-0.1074316104188326,-0.11612508393611493,0.01,8.09
-0.673469387755102,0.3469387755102041,-0.06138181776649965,-0.06226997254545312,0.0,1.45
-0.673469387755102,0.3877551020408163,0.001957959283397285,-0.0016829722309578592,0.0,185.96
-0.673469387755102,0.42857142857142855,0.06278732246102954,0.06563591700736957,0.0,4.54
-0.673469387755102,0.46938775510204084,0.13381377506617387,0.13968669516952967,0.01,4.39
-0.673469387755102,0.5102040816326531,0.2105415895215265,0.2204693622555231,0.01,4.72
-0.673469387755102,0.5510204081632653,0.29253948812093045,0.30798391826534793,0.02,5.28
-0.673469387755102,0.5918367346938775,0.37967396125773295,0.40223036319900696,0.02,5.94
-0.673469387755102,0.6326530612244898,0.47735999204534485,0.503208697056499,0.03,5.41
-0.673469387755102,0.673469387755102,0.5761450776150954,0.6109189198378226,0.03,6.04
-0.673469387755102,0.7142857142857143,0.6844067917589549,0.7253610315429794,0.04,5.98
-0.6326530612244898,-0.7551020408163265,0.7798144208178398,0.8289573222041833,0.05,6.3
-0.6326530612244898,-0.7142857142857143,0.6752271442168303,0.7151272004011932,0.04,5.91
-0.6326530612244898,-0.673469387755102,0.5714095003824612,0.6076209742539247,0.04,6.34
-0.6326530612244898,-0.6326530612244898,0.481180884448497,0.5064386437623782,0.03,5.25
-0.6326530612244898,-0.5918367346938775,0.38890314389537883,0.4115802089265527,0.02,5.83
-0.6326530612244898,-0.5510204081632653,0.30123480395065666,0.32304566974644927,0.02,7.24
-0.6326530612244898,-0.5102040816326531,0.22653491549947638,0.24083502622206707,0.01,6.31
-0.6326530612244898,-0.46938775510204084,0.15472532840952571,0.16494827835340697,0.01,6.61
-0.6326530612244898,-0.42857142857142855,0.09045773728057177,0.0953854261404684,0.0,5.45
-0.6326530612244898,-0.3877551020408163,0.031955110962738176,0.032146469583251666,0.0,0.6
-0.6326530612244898,-0.3469387755102041,-0.020530855310933103,-0.02476859131824337,0.0,20.64
-0.6326530612244898,-0.30612244897959184,-0.06826410732038546,-0.0753597565640167,0.01,10.39
-0.6326530612244898,-0.2653061224489796,-0.11265514053520673,-0.11962702615406817,0.01,6.19
-0.6326530612244898,-0.22448979591836735,-0.14874817453130934,-0.15757040008839884,0.01,5.93
-0.6326530612244898,-0.1836734693877551,-0.17905510659623636,-0.18918987836700682,0.01,5.66
-0.6326530612244898,-0.14285714285714285,-0.20763045308314304,-0.2144854609898937,0.01,3.3
-0.6326530612244898,-0.10204081632653061,-0.22056766596753982,-0.23345714795705874,0.01,5.84
-0.6326530612244898,-0.061224489795918366,-0.23564597364989637,-0.2461049392685021,0.01,4.44
-0.6326530612244898,-0.02040816326530612,-0.23796695586904054,-0.25242883492422374,0.01,6.08
-0.6326530612244898,0.02040816326530612,-0.24297110304144426,-0.25242883492422374,0.01,3.89
-0.6326530612244898,0.061224489795918366,-0.23143102966078608,-0.2461049392685021,0.01,6.34
-0.6326530612244898,0.10204081632653061,-0.2205441130333427,-0.23345714795705874,0.01,5.86
-0.6326530612244898,0.14285714285714285,-0.20119988197323374,-0.2144854609898937,0.01,6.6
-0.6326530612244898,0.1836734693877551,-0.1796993264199855,-0.18918987836700682,0.01,5.28
-0.6326530612244898,0.22448979591836735,-0.1464239571413565,-0.15757040008839884,0.01,7.61
-0.6326530612244898,0.2653061224489796,-0.11639729904596222,-0.11962702615406817,0.0,2.77
-0.6326530612244898,0.30612244897959184,-0.07234493174330656,-0.0753597565640167,0.0,4.17
-0.6326530612244898,0.3469387755102041,-0.023940544476212324,-0.02476859131824337,0.0,3.46
-0.6326530612244898,0.3877551020408163,0.027550673642544283,0.032146469583251666,0.0,16.68
-0.6326530612244898,0.42857142857142855,0.09173811636314481,0.0953854261404684,0.0,3.98
-0.6326530612244898,0.46938775510204084,0.15406624011507072,0.16494827835340697,0.01,7.06
-0.6326530612244898,0.5102040816326531,0.22419399106402155,0.24083502622206707,0.02,7.42
-0.6326530612244898,0.5510204081632653,0.30479406122835356,0.32304566974644927,0.02,5.99
-0.6326530612244898,0.5918367346938775,0.392344679503725,0.4115802089265527,0.02,4.9
-0.6326530612244898,0.6326530612244898,0.477318653795594,0.5064386437623782,0.03,6.1
-0.6326530612244898,0.673469387755102,0.5740802759193309,0.6076209742539247,0.03,5.84
-0.6326530612244898,0.7142857142857143,0.6763437749062521,0.7151272004011932,0.04,5.73
-0.6326530612244898,0.7551020408163265,0.7830951620485829,0.8289573222041833,0.05,5.86
-0.5918367346938775,-0.7959183673469388,0.8624882957206328,0.9174578619452779,0.05,6.37
-0.5918367346938775,-0.7551020408163265,0.7601525699637681,0.8050557165806762,0.04,5.91
-0.5918367346938775,-0.7142857142857143,0.6593617189440822,0.6985694736036852,0.04,5.95
-0.5918367346938775,-0.673469387755102,0.566144222408121,0.5979991330143055,0.03,5.63
-0.5918367346938775,-0.6326530612244898,0.47467138507565887,0.5033446948125356,0.03,6.04
-0.5918367346938775,-0.5918367346938775,0.38937501384121603,0.41460615899837655,0.03,6.48
-0.5918367346938775,-0.5510204081632653,0.31227208853557004,0.3317835255718284,0.02,6.25
-0.5918367346938775,-0.5102040816326531,0.2407681548826878,0.25487679453289025,0.01,5.86
-0.5918367346938775,-0.46938775510204084,0.1750248920659057,0.18388596588156297,0.01,5.06
-0.5918367346938775,-0.42857142857142855,0.1094121647833572,0.11881103961784616,0.01,8.59
-0.5918367346938775,-0.3877551020408163,0.05385933859770921,0.05965201574174,0.01,10.76
-0.5918367346938775,-0.3469387755102041,0.002013572171252516,0.006408894253244779,0.0,218.28
-0.5918367346938775,-0.30612244897959184,-0.035647884133625865,-0.040918324847639846,0.01,14.78
-0.5918367346938775,-0.2653061224489796,-0.08050060143897002,-0.08232964156091456,0.0,2.27
-0.5918367346938775,-0.22448979591836735,-0.11249399151245447,-0.11782505588657814,0.01,4.74
-0.5918367346938775,-0.1836734693877551,-0.13570171556692773,-0.14740456782463107,0.01,8.62
-0.5918367346938775,-0.14285714285714285,-0.15965728943662047,-0.17106817737507318,0.01,7.15
-0.5918367346938775,-0.10204081632653061,-0.17335134111748687,-0.18881588453790507,0.02,8.92
-0.5918367346938775,-0.061224489795918366,-0.1865507235017127,-0.20064768931312627,0.01,7.56
-0.5918367346938775,-0.02040816326530612,-0.19755570062933714,-0.20656359170073693,0.01,4.56
-0.5918367346938775,0.02040816326530612,-0.1931912928308448,-0.20656359170073693,0.01,6.92
-0.5918367346938775,0.061224489795918366,-0.18792717242959806,-0.20064768931312627,0.01,6.77
-0.5918367346938775,0.10204081632653061,-0.17812357758753553,-0.18881588453790507,0.01,6.0
-0.5918367346938775,0.14285714285714285,-0.16246254307997882,-0.17106817737507318,0.01,5.3
-0.5918367346938775,0.1836734693877551,-0.14453299971881797,-0.14740456782463107,0.0,1.99
-0.5918367346938775,0.22448979591836735,-0.1129774483472014,-0.11782505588657814,0.0,4.29
-0.5918367346938775,0.2653061224489796,-0.07731179510200262,-0.08232964156091456,0.01,6.49
-0.5918367346938775,0.30612244897959184,-0.03446502861491357,-0.040918324847639846,0.01,18.72
-0.5918367346938775,0.3469387755102041,0.005511274916561537,0.006408894253244779,0.0,16.29
-0.5918367346938775,0.3877551020408163,0.05469715103258695,0.05965201574174,0.0,9.06
-0.5918367346938775,0.42857142857142855,0.11259355030207527,0.11881103961784616,0.01,5.52
-0.5918367346938775,0.46938775510204084,0.17064774929817764,0.18388596588156297,0.01,7.76
-0.5918367346938775,0.5102040816326531,0.2407833739912662,0.25487679453289025,0.01,5.85
-0.5918367346938775,0.5510204081632653,0.31277056021956984,0.3317835255718284,0.02,6.08
-0.5918367346938775,0.5918367346938775,0.38918329716944583,0.41460615899837655,0.03,6.53
-0.5918367346938775,0.6326530612244898,0.4731941867873818,0.5033446948125356,0.03,6.37
-0.5918367346938775,0.673469387755102,0.5634480599426848,0.5979991330143055,0.03,6.13
-0.5918367346938775,0.7142857142857143,0.6614568124597534,0.6985694736036852,0.04,5.61
-0.5918367346938775,0.7551020408163265,0.7609528399398509,0.8050557165806762,0.04,5.8
-0.5918367346938775,0.7959183673469388,0.8618816959455182,0.9174578619452779,0.06,6.45
-0.5510204081632653,-0.7959183673469388,0.8291463182208105,0.8798884818400494,0.05,6.12
-0.5510204081632653,-0.7551020408163265,0.7345440482344903,0.7752382085695587,0.04,5.54
-0.5510204081632653,-0.7142857142857143,0.6394742030863222,0.6760958444185671,0.04,5.73
-0.5510204081632653,-0.673469387755102,0.5515834024794799,0.5824613893870748,0.03,5.6
-0.5510204081632653,-0.6326530612244898,0.46683185059997373,0.49433484347508266,0.03,5.89
-0.5510204081632653,-0.5918367346938775,0.3911809751544904,0.4117162066825897,0.02,5.25
-0.5510204081632653,-0.5510204081632653,0.3173631232262275,0.33460547900959636,0.02,5.43
-0.5510204081632653,-0.5102040816326531,0.2507984764500575,0.2630026604561023,0.01,4.87
-0.5510204081632653,-0.46938775510204084,0.18792968742162466,0.19690775102210822,0.01,4.78
-0.5510204081632653,-0.42857142857142855,0.1274458239092804,0.13632075070761315,0.01,6.96
-0.5510204081632653,-0.3877551020408163,0.07658197230332918,0.08124165951261832,0.0,6.08
-0.5510204081632653,-0.3469387755102041,0.03136863630874641,0.03167047743712232,0.0,0.96
-0.5510204081632653,-0.30612244897959184,-0.010181669973091636,-0.012392795518873937,0.0,21.72
-0.5510204081632653,-0.2653061224489796,-0.0490029359766738,-0.050948159355370726,0.0,3.97
-0.5510204081632653,-0.22448979591836735,-0.08398171093049843,-0.08399561407236762,0.0,0.02
-0.5510204081632653,-0.1836734693877551,-0.10563231429713107,-0.11153515966986537,0.01,5.59
-0.5510204081632653,-0.14285714285714285,-0.12303154226604596,-0.13356679614786351,0.01,8.56
-0.5510204081632653,-0.10204081632653061,-0.14387990930046352,-0.15009052350636212,0.01,4.32
-0.5510204081632653,-0.061224489795918366,-0.15019274567184637,-0.1611063417453611,0.01,7.27
-0.5510204081632653,-0.02040816326530612,-0.161449800284246,-0.16661425086486065,0.01,3.2
-0.5510204081632653,0.02040816326530612,-0.1640942866912895,-0.16661425086486065,0.0,1.54
-0.5510204081632653,0.061224489795918366,-0.15005329876254397,-0.1611063417453611,0.01,7.37
-0.5510204081632653,0.10204081632653061,-0.13932300051206617,-0.15009052350636212,0.01,7.73
-0.5510204081632653,0.14285714285714285,-0.12361289708099739,-0.13356679614786351,0.01,8.05
-0.5510204081632653,0.1836734693877551,-0.10666928160962538,-0.11153515966986537,0.0,4.56
-0.5510204081632653,0.22448979591836735,-0.0781609809050958,-0.08399561407236762,0.01,7.46
-0.5510204081632653,0.2653061224489796,-0.04830233373134891,-0.050948159355370726,0.0,5.48
-0.5510204081632653,0.30612244897959184,-0.011099927956234093,-0.012392795518873937,0.0,11.65
-0.5510204081632653,0.3469387755102041,0.029229182540810833,0.03167047743712232,0.0,8.35
-0.5510204081632653,0.3877551020408163,0.07470702223566403,0.08124165951261832,0.01,8.75
-0.5510204081632653,0.42857142857142855,0.1293051738324502,0.13632075070761315,0.01,5.43
-0.5510204081632653,0.46938775510204084,0.18141849968385595,0.19690775102210822,0.02,8.54
-0.5510204081632653,0.5102040816326531,0.2493411561512676,0.2630026604561023,0.01,5.48
-0.5510204081632653,0.5510204081632653,0.3175736809610019,0.33460547900959636,0.02,5.36
-0.5510204081632653,0.5918367346938775,0.3907210432959386,0.4117162066825897,0.02,5.37
-0.5510204081632653,0.6326530612244898,0.4678542130691333,0.49433484347508266,0.03,5.66
-0.5510204081632653,0.673469387755102,0.5516621384098659,0.5824613893870748,0.03,5.58
-0.5510204081632653,0.7142857142857143,0.6425815402962027,0.6760958444185671,0.03,5.22
-0.5510204081632653,0.7551020408163265,0.7331576526198413,0.7752382085695587,0.04,5.74
-0.5510204081632653,0.7959183673469388,0.8322168522366727,0.8798884818400494,0.05,5.73
-0.5102040816326531,-0.8367346938775511,0.886275865737941,0.9388095096430911,0.05,5.93
-0.5102040816326531,-0.7959183673469388,0.7895980937084672,0.8368111926153218,0.05,5.98
-0.5102040816326531,-0.7551020408163265,0.6995942556767549,0.7399127914389411,0.04,5.76
-0.5102040816326531,-0.7142857142857143,0.6157742410096709,0.6481143061139492,0.03,5.25
-0.5102040816326531,-0.673469387755102,0.5299140244222559,0.5614157366403454,0.03,5.94
-0.5102040816326531,-0.6326530612244898,0.45574270114967214,0.4798170830181302,0.02,5.28
-0.5102040816326531,-0.5918367346938775,0.3790928549815592,0.4033183452473032,0.02,6.39
-0.5102040816326531,-0.5510204081632653,0.3117176547094953,0.33191952332786484,0.02,6.48
-0.5102040816326531,-0.5102040816326531,0.25036854274084674,0.26562061725981534,0.02,6.09
-0.5102040816326531,-0.46938775510204084,0.1915582298663297,0.2044216270431536,0.01,6.72
-0.5102040816326531,-0.42857142857142855,0.13906814979113216,0.14832255267788058,0.01,6.65
-0.5102040816326531,-0.3877551020408163,0.09220962957590503,0.09732339416399642,0.01,5.55
-0.5102040816326531,-0.3469387755102041,0.05248769776805693,0.05142415150150022,0.0,2.03
-0.5102040816326531,-0.30612244897959184,0.004561127668637905,0.01062482469039262,0.01,132.94
-0.5102040816326531,-0.2653061224489796,-0.02143279189929587,-0.025074586269326505,0.0,16.99
-0.5102040816326531,-0.22448979591836735,-0.05036472739750105,-0.055674081377657364,0.01,10.54
-0.5102040816326531,-0.1836734693877551,-0.07667795724226698,-0.08117366063459948,0.0,5.86
-0.5102040816326531,-0.14285714285714285,-0.1003849229132258,-0.10157332404015326,0.0,1.18
-0.5102040816326531,-0.10204081632653061,-0.10833357092648979,-0.11687307159431877,0.01,7.88
-0.5102040816326531,-0.061224489795918366,-0.1212814372280822,-0.1270729032970956,0.01,4.78
-0.5102040816326531,-0.02040816326530612,-0.12413224755286989,-0.13217281914848408,0.01,6.48
-0.5102040816326531,0.02040816326530612,-0.12484226108956946,-0.13217281914848408,0.01,5.87
-0.5102040816326531,0.061224489795918366,-0.1232278723787521,-0.1270729032970956,0.0,3.12
-0.5102040816326531,0.10204081632653061,-0.11039978967865169,-0.11687307159431877,0.01,5.86
-0.5102040816326531,0.14285714285714285,-0.09579557191088146,-0.10157332404015326,0.01,6.03
-0.5102040816326531,0.1836734693877551,-0.08040448419207796,-0.08117366063459948,0.0,0.96
-0.5102040816326531,0.22448979591836735,-0.051513008081254474,-0.055674081377657364,0.0,8.08
-0.5102040816326531,0.2653061224489796,-0.01937376111498009,-0.025074586269326505,0.01,29.43
-0.5102040816326531,0.30612244897959184,0.013381409931051214,0.01062482469039262,0.0,20.6
-0.5102040816326531,0.3469387755102041,0.05040367346295453,0.05142415150150022,0.0,2.02
-0.5102040816326531,0.3877551020408163,0.09321559568302575,0.09732339416399642,0.0,4.41
-0.5102040816326531,0.42857142857142855,0.13936129999801233,0.14832255267788058,0.01,6.43
-0.5102040816326531,0.46938775510204084,0.19657573781063659,0.2044216270431536,0.01,3.99
-0.5102040816326531,0.5102040816326531,0.25073207925188806,0.26562061725981534,0.01,5.94
-0.5102040816326531,0.5510204081632653,0.3148202634224785,0.33191952332786484,0.02,5.43
-0.5102040816326531,0.5918367346938775,0.38471299334987685,0.4033183452473032,0.02,4.84
-0.5102040816326531,0.6326530612244898,0.45563412964436223,0.4798170830181302,0.02,5.31
-0.5102040816326531,0.673469387755102,0.5302043521388232,0.5614157366403454,0.03,5.89
-0.5102040816326531,0.7142857142857143,0.6139724299791538,0.6481143061139492,0.03,5.56
-0.5102040816326531,0.7551020408163265,0.6998362339763932,0.7399127914389411,0.04,5.73
-0.5102040816326531,0.7959183673469388,0.7936672767623847,0.8368111926153218,0.04,5.44
-0.5102040816326531,0.8367346938775511,0.8869274279880275,0.9388095096430911,0.05,5.85
-0.46938775510204084,-0.8775510204081632,0.9178362920757033,0.981002813453578,0.06,6.88
-0.46938775510204084,-0.8367346938775511,0.8351413508204679,0.8824724392047533,0.05,5.67
-0.46938775510204084,-0.7959183673469388,0.7444359787548245,0.7886339875392055,0.04,5.94
-0.46938775510204084,-0.7551020408163265,0.664941059062935,0.6994874584569353,0.03,5.2
-0.46938775510204084,-0.7142857142857143,0.5802477120142563,0.6150328519579426,0.03,5.99
-0.46938775510204084,-0.673469387755102,0.5093494653378924,0.5352701680422274,0.03,5.09
-0.46938775510204084,-0.6326530612244898,0.4379307817628654,0.46019940670978926,0.02,5.08
-0.46938775510204084,-0.5918367346938775,0.3647649496884876,0.3898205679606287,0.03,6.87
-0.46938775510204084,-0.5510204081632653,0.3032799812232946,0.32413365179474546,0.02,6.88
-0.46938775510204084,-0.5102040816326531,0.24868813588074473,0.26313865821213933,0.01,5.81
-0.46938775510204084,-0.46938775510204084,0.2000218816718668,0.20683558721281106,0.01,3.41
-0.46938775510204084,-0.42857142857142855,0.1417851353268363,0.15522443879675987,0.01,9.48
-0.46938775510204084,-0.3877551020408163,0.10244558545196085,0.10830521296398608,0.01,5.72
-0.46938775510204084,-0.3469387755102041,0.062405765331679,0.0660779097144898,0.0,5.88
-0.46938775510204084,-0.30612244897959184,0.023979794967162148,0.028542529048270624,0.0,19.03
-0.46938775510204084,-0.2653061224489796,-0.001806377300860145,-0.004300929034670853,0.0,138.1
-0.46938775510204084,-0.22448979591836735,-0.029945973615211452,-0.032452464534335305,0.0,8.37
-0.46938775510204084,-0.1836734693877551,-0.05307702244142891,-0.05591207745072221,0.0,5.34
-0.46938775510204084,-0.14285714285714285,-0.07442798299927042,-0.07467976778383151,0.0,0.34
-0.46938775510204084,-0.10204081632653061,-0.08315181901211226,-0.08875553553366373,0.01,6.74
-0.46938775510204084,-0.061224489795918366,-0.09232070099357384,-0.09813938070021844,0.01,6.3
-0.46938775510204084,-0.02040816326530612,-0.09949832171507338,-0.10283130328349582,0.0,3.35
-0.46938775510204084,0.02040816326530612,-0.10048844852581278,-0.10283130328349582,0.0,2.33
-0.46938775510204084,0.061224489795918366,-0.09757248415647714,-0.09813938070021844,0.0,0.58
-0.46938775510204084,0.10204081632653061,-0.08186799256570823,-0.08875553553366373,0.01,8.41
-0.46938775510204084,0.14285714285714285,-0.073917245835844,-0.07467976778383151,0.0,1.03
-0.46938775510204084,0.1836734693877551,-0.05277999042834065,-0.05591207745072221,0.0,5.93
-0.46938775510204084,0.22448979591836735,-0.028650242003341365,-0.032452464534335305,0.0,13.27
-0.46938775510204084,0.2653061224489796,-0.002979668759093906,-0.004300929034670853,0.0,44.34
-0.46938775510204084,0.30612244897959184,0.02727985266641005,0.028542529048270624,0.0,4.63
-0.46938775510204084,0.3469387755102041,0.061871903434035105,0.0660779097144898,0.0,6.8
-0.46938775510204084,0.3877551020408163,0.10140889289253349,0.10830521296398608,0.01,6.8
-0.46938775510204084,0.42857142857142855,0.14173130249069948,0.15522443879675987,0.01,9.52
-0.46938775510204084,0.46938775510204084,0.19865363523276142,0.20683558721281106,0.01,4.12
-0.46938775510204084,0.5102040816326531,0.24602539336510115,0.26313865821213933,0.02,6.96
-0.46938775510204084,0.5510204081632653,0.30500795224123933,0.32413365179474546,0.02,6.27
-0.46938775510204084,0.5918367346938775,0.3730508987754554,0.3898205679606287,0.02,4.5
-0.46938775510204084,0.6326530612244898,0.43527803651734365,0.46019940670978926,0.02,5.73
-0.46938775510204084,0.673469387755102,0.5064416765924604,0.5352701680422274,0.03,5.69
-0.46938775510204084,0.7142857142857143,0.5801229709250589,0.6150328519579426,0.03,6.02
-0.46938775510204084,0.7551020408163265,0.6634185296182129,0.6994874584569353,0.04,5.44
-0.46938775510204084,0.7959183673469388,0.743893078894255,0.7886339875392055,0.04,6.01
-0.46938775510204084,0.8367346938775511,0.832002097981864,0.8824724392047533,0.05,6.07
-0.46938775510204084,0.8775510204081632,0.9186404240127877,0.981002813453578,0.06,6.79
-0.42857142857142855,-0.8775510204081632,0.8602227397482972,0.9114059618016302,0.05,5.95
-0.42857142857142855,-0.8367346938775511,0.7766275993411179,0.8214434461831379,0.04,5.77
-0.42857142857142855,-0.7959183673469388,0.6954126438739032,0.7357648598798119,0.04,5.8
-0.42857142857142855,-0.7551020408163265,0.6159905728543263,0.6543702028916523,0.04,6.23
-0.42857142857142855,-0.7142857142857143,0.5455604574967888,0.5772594752186587,0.03,5.81
-0.42857142857142855,-0.673469387755102,0.4769800169259186,0.5044326768608317,0.03,5.76
-0.42857142857142855,-0.6326530612244898,0.4129919583370921,0.435889807818171,0.02,5.54
-0.42857142857142855,-0.5918367346938775,0.3516419363578545,0.3716308680906766,0.02,5.68
-0.42857142857142855,-0.5510204081632653,0.29730276267937483,0.31165585767834825,0.01,4.83
-0.42857142857142855,-0.5102040816326531,0.24497359161521404,0.25596477658118644,0.01,4.49
-0.42857142857142855,-0.46938775510204084,0.19223874909074173,0.20455762479919076,0.01,6.41
-0.42857142857142855,-0.42857142857142855,0.1524600884183287,0.1574344023323615,0.0,3.26
-0.42857142857142855,-0.3877551020408163,0.10506106109848763,0.1145951091806985,0.01,9.07
-0.42857142857142855,-0.3469387755102041,0.07408312219632349,0.07603974534420181,0.0,2.64
-0.42857142857142855,-0.30612244897959184,0.04015889602428069,0.04176831082287142,0.0,4.01
-0.42857142857142855,-0.2653061224489796,0.011740798441760533,0.011780805616707359,0.0,0.34
-0.42857142857142855,-0.22448979591836735,-0.015346395902447916,-0.013922770274290522,0.0,9.28
-0.42857142857142855,-0.1836734693877551,-0.03442472461565067,-0.03534241685012202,0.0,2.67
-0.42857142857142855,-0.14285714285714285,-0.04708103951428449,-0.05247813411078715,0.01,11.46
-0.42857142857142855,-0.10204081632653061,-0.06513824247098329,-0.06532992205628604,0.0,0.29
-0.42857142857142855,-0.061224489795918366,-0.0709465469723292,-0.07389778068661866,0.0,4.16
-0.42857142857142855,-0.02040816326530612,-0.07455455207152252,-0.07818171000178493,0.0,4.87
-0.42857142857142855,0.02040816326530612,-0.07084818160078594,-0.07818171000178493,0.01,10.35
-0.42857142857142855,0.061224489795918366,-0.07489779507376886,-0.07389778068661866,0.0,1.34
-0.42857142857142855,0.10204081632653061,-0.05843551670774284,-0.06532992205628604,0.01,11.8
-0.42857142857142855,0.14285714285714285,-0.051032097445046255,-0.05247813411078715,0.0,2.83
-0.42857142857142855,0.1836734693877551,-0.030967876647622815,-0.03534241685012202,0.0,14.13
-0.42857142857142855,0.22448979591836735,-0.011810984478070182,-0.013922770274290522,0.0,17.88
-0.42857142857142855,0.2653061224489796,0.014184592438507945,0.011780805616707359,0.0,16.95
-0.42857142857142855,0.30612244897959184,0.043584987463607186,0.04176831082287142,0.0,4.17
-0.42857142857142855,0.3469387755102041,0.07213611091132148,0.07603974534420181,0.0,5.41
-0.42857142857142855,0.3877551020408163,0.10694188540776292,0.1145951091806985,0.01,7.16
-0.42857142857142855,0.42857142857142855,0.15110653960873027,0.1574344023323615,0.01,4.19
-0.42857142857142855,0.46938775510204084,0.19266849186186735,0.20455762479919076,0.01,6.17
-0.42857142857142855,0.5102040816326531,0.24406355286706122,0.25596477658118644,0.01,4.88
-0.42857142857142855,0.5510204081632653,0.29500047426343085,0.31165585767834825,0.02,5.65
-0.42857142857142855,0.5918367346938775,0.34897675837856623,0.3716308680906766,0.02,6.49
-0.42857142857142855,0.6326530612244898,0.41045487997348695,0.435889807818171,0.03,6.2
-0.42857142857142855,0.673469387755102,0.4806443969954426,0.5044326768608317,0.02,4.95
-0.42857142857142855,0.7142857142857143,0.5451445782386466,0.5772594752186587,0.03,5.89
-0.42857142857142855,0.7551020408163265,0.6178611582425345,0.6543702028916523,0.04,5.91
-0.42857142857142855,0.7959183673469388,0.697157298571258,0.7357648598798119,0.04,5.54
-0.42857142857142855,0.8367346938775511,0.7767123165386512,0.8214434461831379,0.04,5.76
-0.42857142857142855,0.8775510204081632,0.8619526048073259,0.9114059618016302,0.05,5.74
-0.3877551020408163,-0.9183673469387755,0.8645410377402637,0.9227957738697311,0.06,6.74
-0.3877551020408163,-0.8775510204081632,0.7919898819826656,0.8375251808345163,0.05,5.75
-0.3877551020408163,-0.8367346938775511,0.7137579404094858,0.7561305238463565,0.04,5.94
-0.3877551020408163,-0.7959183673469388,0.6432854391125525,0.678611802905252,0.04,5.49
-0.3877551020408163,-0.7551020408163265,0.5718652333440732,0.6049690180112028,0.03,5.79
-0.3877551020408163,-0.7142857142857143,0.5041717225707438,0.5352021691642089,0.03,6.15
-0.3877551020408163,-0.673469387755102,0.4451861011405326,0.46931125636426996,0.02,5.42
-0.3877551020408163,-0.6326530612244898,0.38819302084354956,0.4072962796113865,0.02,4.92
-0.3877551020408163,-0.5918367346938775,0.329797818014065,0.3491572389055581,0.02,5.87
-0.3877551020408163,-0.5510204081632653,0.28224448437201444,0.29489413424678484,0.01,4.48
-0.3877551020408163,-0.5102040816326531,0.23163615474769697,0.24450696563506708,0.01,5.56
-0.3877551020408163,-0.46938775510204084,0.18578267556077077,0.1979957330704044,0.01,6.57
-0.3877551020408163,-0.42857142857142855,0.14412442888289292,0.15536043655279674,0.01,7.8
-0.3877551020408163,-0.3877551020408163,0.11152717751512442,0.1166010760822447,0.01,4.55
-0.3877551020408163,-0.3469387755102041,0.07598644518592906,0.08171765165874757,0.01,7.54
-0.3877551020408163,-0.30612244897959184,0.049384867766254684,0.0507101632823059,0.0,2.68
-0.3877551020408163,-0.2653061224489796,0.021842885837702337,0.023578610952919327,0.0,7.95
-0.3877551020408163,-0.22448979591836735,0.0003913889904988136,0.00032299467058801297,0.0,17.47
-0.3877551020408163,-0.1836734693877551,-0.013672279202418341,-0.019056685564688283,0.01,39.38
-0.3877551020408163,-0.14285714285714285,-0.03329882435904746,-0.03456042975290909,0.0,3.79
-0.3877551020408163,-0.10204081632653061,-0.042944855078096394,-0.0461882378940747,0.0,7.55
-0.3877551020408163,-0.061224489795918366,-0.049045467567027226,-0.053940109988185214,0.0,9.98
-0.3877551020408163,-0.02040816326530612,-0.05086936977744481,-0.057816046035240404,0.01,13.66
-0.3877551020408163,0.02040816326530612,-0.05369681059153978,-0.057816046035240404,0.0,7.67
-0.3877551020408163,0.061224489795918366,-0.05139534216693855,-0.053940109988185214,0.0,4.95
-0.3877551020408163,0.10204081632653061,-0.04399427099156797,-0.0461882378940747,0.0,4.99
-0.3877551020408163,0.14285714285714285,-0.03436734389170857,-0.03456042975290909,0.0,0.56
-0.3877551020408163,0.1836734693877551,-0.01729005099782,-0.019056685564688283,0.0,10.22
-0.3877551020408163,0.22448979591836735,-0.0013365311870101259,0.00032299467058801297,0.0,124.17
-0.3877551020408163,0.2653061224489796,0.024897738067378362,0.023578610952919327,0.0,5.3
-0.3877551020408163,0.30612244897959184,0.04890490158552604,0.0507101632823059,0.0,3.69
-0.3877551020408163,0.3469387755102041,0.07782725631727302,0.08171765165874757,0.0,5.0
-0.3877551020408163,0.3877551020408163,0.10857983595700398,0.1166010760822447,0.01,7.39
-0.3877551020408163,0.42857142857142855,0.14720909041317237,0.15536043655279674,0.01,5.54
-0.3877551020408163,0.46938775510204084,0.18395111170353723,0.1979957330704044,0.01,7.63
-0.3877551020408163,0.5102040816326531,0.23437900871990772,0.24450696563506708,0.01,4.32
-0.3877551020408163,0.5510204081632653,0.2782179690372775,0.29489413424678484,0.02,5.99
-0.3877551020408163,0.5918367346938775,0.3323349025405519,0.3491572389055581,0.02,5.06
-0.3877551020408163,0.6326530612244898,0.3840255805417076,0.4072962796113865,0.02,6.06
-0.3877551020408163,0.673469387755102,0.4452497968115243,0.46931125636426996,0.02,5.4
-0.3877551020408163,0.7142857142857143,0.5054603644861861,0.5352021691642089,0.03,5.88
-0.3877551020408163,0.7551020408163265,0.5690580787635897,0.6049690180112028,0.04,6.31
-0.3877551020408163,0.7959183673469388,0.6393037164466425,0.678611802905252,0.04,6.15
-0.3877551020408163,0.8367346938775511,0.7152213703636628,0.7561305238463565,0.04,5.72
-0.3877551020408163,0.8775510204081632,0.7920386072656235,0.8375251808345163,0.05,5.74
-0.3877551020408163,0.9183673469387755,0.8632471279103708,0.9227957738697311,0.06,6.9
-0.3469387755102041,-0.9183673469387755,0.7893290958989896,0.8360632049571183,0.05,5.92
-0.3469387755102041,-0.8775510204081632,0.718828369354973,0.7597684638203469,0.04,5.7
-0.3469387755102041,-0.8367346938775511,0.6479235240496031,0.68694166546252,0.04,6.02
-0.3469387755102041,-0.7959183673469388,0.5853700695545451,0.6175828098836369,0.03,5.5
-0.3469387755102041,-0.7551020408163265,0.5210080101662327,0.5516918970836979,0.03,5.89
-0.3469387755102041,-0.7142857142857143,0.4589683921192972,0.48926892706270336,0.03,6.6
-0.3469387755102041,-0.673469387755102,0.40698774888841693,0.4303138998206528,0.02,5.73
-0.3469387755102041,-0.6326530612244898,0.35617943706057975,0.37482681535754664,0.02,5.24
-0.3469387755102041,-0.5918367346938775,0.3032422184770646,0.3228076736733845,0.02,6.45
-0.3469387755102041,-0.5510204081632653,0.2601520442745269,0.27425647476816617,0.01,5.42
-0.3469387755102041,-0.5102040816326531,0.21532193582822218,0.22917321864189252,0.01,6.43
-0.3469387755102041,-0.46938775510204084,0.17743279073238438,0.1875579052945626,0.01,5.71
-0.3469387755102041,-0.42857142857142855,0.14104583244703403,0.149410534726177,0.01,5.93
-0.3469387755102041,-0.3877551020408163,0.1061881762979527,0.11473110693673556,0.01,8.05
-0.3469387755102041,-0.3469387755102041,0.07809243518878521,0.08351962192623823,0.01,6.95
-0.3469387755102041,-0.30612244897959184,0.053810167369551076,0.05577607969468504,0.0,3.65
-0.3469387755102041,-0.2653061224489796,0.03308738789263667,0.03150048024207602,0.0,4.8
-0.3469387755102041,-0.22448979591836735,0.010629078782601824,0.010692823568411077,0.0,0.6
-0.3469387755102041,-0.1836734693877551,-0.010046699213267458,-0.006646890326309591,0.0,33.84
-0.3469387755102041,-0.14285714285714285,-0.019976627791513803,-0.020518661442086236,0.0,2.71
-0.3469387755102041,-0.10204081632653061,-0.03003118517053004,-0.030922489778918656,0.0,2.97
-0.3469387755102041,-0.061224489795918366,-0.03851283869788832,-0.03785837533680693,0.0,1.7
-0.3469387755102041,-0.02040816326530612,-0.03829844654089816,-0.04132631811575108,0.0,7.91
-0.3469387755102041,0.02040816326530612,-0.03868140526042682,-0.04132631811575108,0.0,6.84
-0.3469387755102041,0.061224489795918366,-0.03518000403040682,-0.03785837533680693,0.0,7.61
-0.3469387755102041,0.10204081632653061,-0.02911816906380632,-0.030922489778918656,0.0,6.2
-0.3469387755102041,0.14285714285714285,-0.01582094149029204,-0.020518661442086236,0.0,29.69
-0.3469387755102041,0.1836734693877551,-0.00530288630833193,-0.006646890326309591,0.0,25.34
-0.3469387755102041,0.22448979591836735,0.0065723615905434445,0.010692823568411077,0.0,62.69
-0.3469387755102041,0.2653061224489796,0.02906522475506726,0.03150048024207602,0.0,8.38
-0.3469387755102041,0.30612244897959184,0.053347374078543196,0.05577607969468504,0.0,4.55
-0.3469387755102041,0.3469387755102041,0.07580722593988906,0.08351962192623823,0.01,10.17
-0.3469387755102041,0.3877551020408163,0.10934203798791846,0.11473110693673556,0.01,4.93
-0.3469387755102041,0.42857142857142855,0.1457900301102176,0.149410534726177,0.0,2.48
-0.3469387755102041,0.46938775510204084,0.1803003849224154,0.1875579052945626,0.01,4.03
-0.3469387755102041,0.5102040816326531,0.21515337236883997,0.22917321864189252,0.01,6.52
-0.3469387755102041,0.5510204081632653,0.2597362304801706,0.27425647476816617,0.01,5.59
-0.3469387755102041,0.5918367346938775,0.3046028965951887,0.3228076736733845,0.02,5.98
-0.3469387755102041,0.6326530612244898,0.3526287337113409,0.37482681535754664,0.02,6.3
-0.3469387755102041,0.673469387755102,0.40822366660890425,0.4303138998206528,0.02,5.41
-0.3469387755102041,0.7142857142857143,0.4627232868212829,0.48926892706270336,0.03,5.74
-0.3469387755102041,0.7551020408163265,0.5227802088156915,0.5516918970836979,0.03,5.53
-0.3469387755102041,0.7959183673469388,0.5848139727037093,0.6175828098836369,0.03,5.6
-0.3469387755102041,0.8367346938775511,0.6483397575644221,0.68694166546252,0.04,5.95
-0.3469387755102041,0.8775510204081632,0.7188231571605634,0.7597684638203469,0.04,5.7
-0.3469387755102041,0.9183673469387755,0.7882967826545939,0.8360632049571183,0.05,6.06
-0.30612244897959184,-0.9183673469387755,0.7051530689580042,0.7458626932655614,0.04,5.77
-0.30612244897959184,-0.8775510204081632,0.6385849272780265,0.6785438040272331,0.04,6.26
-0.30612244897959184,-0.8367346938775511,0.5785218578802785,0.6142848642997394,0.04,6.18
-0.30612244897959184,-0.7959183673469388,0.5246755246021915,0.5530858740830777,0.03,5.41
-0.30612244897959184,-0.7551020408163265,0.46708278121696767,0.4949468333772495,0.03,5.97
-0.30612244897959184,-0.7142857142857143,0.4156289225379723,0.43986774218225405,0.02,5.83
-0.30612244897959184,-0.673469387755102,0.367689353475346,0.3878486004980919,0.02,5.48
-0.30612244897959184,-0.6326530612244898,0.3201467056846561,0.33888940832476266,0.02,5.85
-0.30612244897959184,-0.5918367346938775,0.27664984011894433,0.29299016566226654,0.02,5.91
-0.30612244897959184,-0.5510204081632653,0.23885137254773864,0.25015087251060353,0.01,4.73
-0.30612244897959184,-0.5102040816326531,0.20197354022342653,0.2103715288697736,0.01,4.16
-0.30612244897959184,-0.46938775510204084,0.1674842006202572,0.17365213473977686,0.01,3.68
-0.30612244897959184,-0.42857142857142855,0.13418946440133656,0.13999269012061302,0.01,4.32
-0.30612244897959184,-0.3877551020408163,0.10626332698718684,0.10939319501228227,0.0,2.95
-0.30612244897959184,-0.3469387755102041,0.07515990859926984,0.08185364941478472,0.01,8.91
-0.30612244897959184,-0.30612244897959184,0.05598433462490802,0.05737405332812008,0.0,2.48
-0.30612244897959184,-0.2653061224489796,0.03368475251568953,0.03595440675228861,0.0,6.74
-0.30612244897959184,-0.22448979591836735,0.01566672287901736,0.017594709687290197,0.0,12.31
-0.30612244897959184,-0.1836734693877551,-0.00026174414606602826,0.0022949621331248057,0.0,976.8
-0.30612244897959184,-0.14285714285714285,-0.011370668589739452,-0.009944835910207504,0.0,12.54
-0.30612244897959184,-0.10204081632653061,-0.018752063153546147,-0.01912468444270669,0.0,1.99
-0.30612244897959184,-0.061224489795918366,-0.019140743572191785,-0.02524458346437285,0.01,31.89
-0.30612244897959184,-0.02040816326530612,-0.027815901903461927,-0.028304532975205902,0.0,1.76
-0.30612244897959184,0.02040816326530612,-0.023041572174863734,-0.028304532975205902,0.01,22.84
-0.30612244897959184,0.061224489795918366,-0.02269289135611202,-0.02524458346437285,0.0,11.24
-0.30612244897959184,0.10204081632653061,-0.016555527470029013,-0.01912468444270669,0.0,15.52
-0.30612244897959184,0.14285714285714285,-0.00731929668898427,-0.009944835910207504,0.0,35.87
-0.30612244897959184,0.1836734693877551,0.0030593823900075218,0.0022949621331248057,0.0,24.99
-0.30612244897959184,0.22448979591836735,0.018510435197764356,0.017594709687290197,0.0,4.95
-0.30612244897959184,0.2653061224489796,0.03314163650010868,0.03595440675228861,0.0,8.49
-0.30612244897959184,0.30612244897959184,0.05165731002877964,0.05737405332812008,0.01,11.07
-0.30612244897959184,0.3469387755102041,0.07760050582490217,0.08185364941478472,0.0,5.48
-0.30612244897959184,0.3877551020408163,0.10545628781704533,0.10939319501228227,0.0,3.73
-0.30612244897959184,0.42857142857142855,0.13541140807438892,0.13999269012061302,0.0,3.38
-0.30612244897959184,0.46938775510204084,0.16454937623477933,0.17365213473977686,0.01,5.53
-0.30612244897959184,0.5102040816326531,0.1979848832288567,0.2103715288697736,0.01,6.26
-0.30612244897959184,0.5510204081632653,0.23943122648803694,0.25015087251060353,0.01,4.48
-0.30612244897959184,0.5918367346938775,0.275522035374265,0.29299016566226654,0.02,6.34
-0.30612244897959184,0.6326530612244898,0.3170936664134103,0.33888940832476266,0.02,6.87
-0.30612244897959184,0.673469387755102,0.36570617834364233,0.3878486004980919,0.02,6.05
-0.30612244897959184,0.7142857142857143,0.4158832957803723,0.43986774218225405,0.02,5.77
-0.30612244897959184,0.7551020408163265,0.465067219325389,0.4949468333772495,0.03,6.42
-0.30612244897959184,0.7959183673469388,0.5239264637827932,0.5530858740830777,0.03,5.57
-0.30612244897959184,0.8367346938775511,0.582989223667458,0.6142848642997394,0.03,5.37
-0.30612244897959184,0.8775510204081632,0.6417077785751953,0.6785438040272331,0.04,5.74
-0.30612244897959184,0.9183673469387755,0.7057885249690493,0.7458626932655614,0.04,5.68
-0.2653061224489796,-0.9591836734693877,0.6686518441982673,0.713597225645777,0.04,6.72
-0.2653061224489796,-0.9183673469387755,0.6175899669957312,0.6526022320631711,0.04,5.67
-0.2653061224489796,-0.8775510204081632,0.5631828309938466,0.5942591947232869,0.03,5.52
-0.2653061224489796,-0.8367346938775511,0.51117332333873,0.5385681136261254,0.03,5.36
-0.2653061224489796,-0.7959183673469388,0.4623609574592509,0.4855289887716855,0.02,5.01
-0.2653061224489796,-0.7551020408163265,0.4109525849332165,0.4351418201599675,0.02,5.89
-0.2653061224489796,-0.7142857142857143,0.36730967419662053,0.3874066077909714,0.02,5.47
-0.2653061224489796,-0.673469387755102,0.32166213476693045,0.3423233516646976,0.02,6.42
-0.2653061224489796,-0.6326530612244898,0.2825505093819072,0.29989205178114575,0.02,6.14
-0.2653061224489796,-0.5918367346938775,0.24477201900717596,0.2601127081403157,0.02,6.27
-0.2653061224489796,-0.5510204081632653,0.21179311122508052,0.22298532074220775,0.01,5.28
-0.2653061224489796,-0.5102040816326531,0.17755459307058202,0.18850988958682183,0.01,6.17
-0.2653061224489796,-0.46938775510204084,0.14513785975590482,0.15668641467415786,0.01,7.96
-0.2653061224489796,-0.42857142857142855,0.11796409936897427,0.12751489600421587,0.01,8.1
-0.2653061224489796,-0.3877551020408163,0.09293983197702961,0.10099533357699599,0.01,8.67
-0.2653061224489796,-0.3469387755102041,0.07561027642728893,0.07712772739249799,0.0,2.01
-0.2653061224489796,-0.30612244897959184,0.05132622399472364,0.05591207745072207,0.0,8.93
-0.2653061224489796,-0.2653061224489796,0.03854234136402946,0.037348383751668116,0.0,3.1
-0.2653061224489796,-0.22448979591836735,0.01744666659812643,0.02143664629533613,0.0,22.87
-0.2653061224489796,-0.1836734693877551,0.011298353716284352,0.008176865081726176,0.0,27.63
-0.2653061224489796,-0.14285714285714285,-0.0032201001598914673,-0.0024309598891618187,0.0,24.51
-0.2653061224489796,-0.10204081632653061,-0.00904350303829487,-0.010386828617327815,0.0,14.85
-0.2653061224489796,-0.061224489795918366,-0.013489067734575718,-0.0156907411027718,0.0,16.32
-0.2653061224489796,-0.02040816326530612,-0.016039854594525747,-0.018342697345493802,0.0,14.36
-0.2653061224489796,0.02040816326530612,-0.013699223345938283,-0.018342697345493802,0.0,33.9
-0.2653061224489796,0.061224489795918366,-0.014155831645160568,-0.0156907411027718,0.0,10.84
-0.2653061224489796,0.10204081632653061,-0.010765806951371715,-0.010386828617327815,0.0,3.52
-0.2653061224489796,0.14285714285714285,-0.0036039295541214385,-0.0024309598891618187,0.0,32.55
-0.2653061224489796,0.1836734693877551,0.010124765812412343,0.008176865081726176,0.0,19.24
-0.2653061224489796,0.22448979591836735,0.021595036003863335,0.02143664629533613,0.0,0.73
-0.2653061224489796,0.2653061224489796,0.039319074593569106,0.037348383751668116,0.0,5.01
-0.2653061224489796,0.30612244897959184,0.058120952047070226,0.05591207745072207,0.0,3.8
-0.2653061224489796,0.3469387755102041,0.07210234426117476,0.07712772739249799,0.01,6.97
-0.2653061224489796,0.3877551020408163,0.09363172491687002,0.10099533357699599,0.01,7.86
-0.2653061224489796,0.42857142857142855,0.11887038776030381,0.12751489600421587,0.01,7.27
-0.2653061224489796,0.46938775510204084,0.15282666184637006,0.15668641467415786,0.0,2.53
-0.2653061224489796,0.5102040816326531,0.1784732712962866,0.18850988958682183,0.01,5.62
-0.2653061224489796,0.5510204081632653,0.21088076112363133,0.22298532074220775,0.01,5.74
-0.2653061224489796,0.5918367346938775,0.24471314818227397,0.2601127081403157,0.02,6.29
-0.2653061224489796,0.6326530612244898,0.2808083565533161,0.29989205178114575,0.02,6.8
-0.2653061224489796,0.673469387755102,0.3226191853829703,0.3423233516646976,0.02,6.11
-0.2653061224489796,0.7142857142857143,0.36458760745123037,0.3874066077909714,0.02,6.26
-0.2653061224489796,0.7551020408163265,0.41135133206708446,0.4351418201599675,0.02,5.78
-0.2653061224489796,0.7959183673469388,0.4562923097716337,0.4855289887716855,0.03,6.41
-0.2653061224489796,0.8367346938775511,0.5100165249969881,0.5385681136261254,0.03,5.6
-0.2653061224489796,0.8775510204081632,0.5604917578682868,0.5942591947232869,0.03,6.02
-0.2653061224489796,0.9183673469387755,0.6178582225457978,0.6526022320631711,0.03,5.62
-0.2653061224489796,0.9591836734693877,0.6684791187066034,0.713597225645777,0.05,6.75
-0.22448979591836735,-0.9591836734693877,0.5719436805865674,0.6083009630341105,0.04,6.36
-0.22448979591836735,-0.9183673469387755,0.5290319373807845,0.5566898146180591,0.03,5.23
-0.22448979591836735,-0.8775510204081632,0.47854998429303575,0.507322629176619,0.03,6.01
-0.22448979591836735,-0.8367346938775511,0.43392834842848255,0.4601994067097895,0.03,6.05
-0.22448979591836735,-0.7959183673469388,0.39492657684735577,0.4153201472175711,0.02,5.16
-0.22448979591836735,-0.7551020408163265,0.35244848880823293,0.37268485069996354,0.02,5.74
-0.22448979591836735,-0.7142857142857143,0.31450061810776553,0.3322935171569669,0.02,5.66
-0.22448979591836735,-0.673469387755102,0.27557432717066904,0.2941461465885814,0.02,6.74
-0.22448979591836735,-0.6326530612244898,0.2445469592844991,0.2582427389948066,0.01,5.6
-0.22448979591836735,-0.5918367346938775,0.2104951092510617,0.22458329437564278,0.01,6.69
-0.22448979591836735,-0.5510204081632653,0.18269634647357127,0.1931678127310899,0.01,5.73
-0.22448979591836735,-0.5102040816326531,0.15423958961566342,0.16399629406114793,0.01,6.33
-0.22448979591836735,-0.46938775510204084,0.12875308417872927,0.137068738365817,0.01,6.46
-0.22448979591836735,-0.42857142857142855,0.10712306137860221,0.11238514564509686,0.01,4.91
-0.22448979591836735,-0.3877551020408163,0.08408168157798919,0.08994551589898768,0.01,6.97
-0.22448979591836735,-0.3469387755102041,0.0675127194589134,0.0697498491274894,0.0,3.31
-0.22448979591836735,-0.30612244897959184,0.05195335769701944,0.05179814533060204,0.0,0.3
-0.22448979591836735,-0.2653061224489796,0.033780656279149,0.03609040450832562,0.0,6.84
-0.22448979591836735,-0.22448979591836735,0.020990735503008274,0.02262662666066011,0.0,7.79
-0.22448979591836735,-0.1836734693877551,0.008690144039013692,0.01140681178760552,0.0,31.26
-0.22448979591836735,-0.14285714285714285,0.004083851950350789,0.002430959889161836,0.0,40.47
-0.22448979591836735,-0.10204081632653061,-0.00787662760676383,-0.004300929034670923,0.0,45.4
-0.22448979591836735,-0.061224489795918366,-0.006383429127630779,-0.008788854983892761,0.0,37.68
-0.22448979591836735,-0.02040816326530612,-0.01048828811124907,-0.011032817958503686,0.0,5.19
-0.22448979591836735,0.02040816326530612,-0.009440281794155984,-0.011032817958503686,0.0,16.87
-0.22448979591836735,0.061224489795918366,-0.007577308240271219,-0.008788854983892761,0.0,15.99
-0.22448979591836735,0.10204081632653061,-0.004689748604841526,-0.004300929034670923,0.0,8.29
-0.22448979591836735,0.14285714285714285,0.0011107952700759142,0.002430959889161836,0.0,118.85
-0.22448979591836735,0.1836734693877551,0.009093462658762732,0.01140681178760552,0.0,25.44
-0.22448979591836735,0.22448979591836735,0.023806280805631352,0.02262662666066011,0.0,4.96
-0.22448979591836735,0.2653061224489796,0.03122821394237643,0.03609040450832562,0.0,15.57
-0.22448979591836735,0.30612244897959184,0.050760651096340224,0.05179814533060204,0.0,2.04
-0.22448979591836735,0.3469387755102041,0.06524352802676654,0.0697498491274894,0.0,6.91
-0.22448979591836735,0.3877551020408163,0.08715482016198134,0.08994551589898768,0.0,3.2
-0.22448979591836735,0.42857142857142855,0.10945495196210428,0.11238514564509686,0.0,2.68
-0.22448979591836735,0.46938775510204084,0.13061716544929902,0.137068738365817,0.01,4.94
-0.22448979591836735,0.5102040816326531,0.15852288635931816,0.16399629406114793,0.01,3.45
-0.22448979591836735,0.5510204081632653,0.18275545102050672,0.1931678127310899,0.01,5.7
-0.22448979591836735,0.5918367346938775,0.21109316518244156,0.22458329437564278,0.01,6.39
-0.22448979591836735,0.6326530612244898,0.24098513850852502,0.2582427389948066,0.02,7.16
-0.22448979591836735,0.673469387755102,0.2788381030171662,0.2941461465885814,0.02,5.49
-0.22448979591836735,0.7142857142857143,0.31574821421710964,0.3322935171569669,0.02,5.24
-0.22448979591836735,0.7551020408163265,0.3492154851925845,0.37268485069996354,0.02,6.72
-0.22448979591836735,0.7959183673469388,0.3942264824863073,0.4153201472175711,0.02,5.35
-0.22448979591836735,0.8367346938775511,0.435348902977467,0.4601994067097895,0.02,5.71
-0.22448979591836735,0.8775510204081632,0.4789414643490887,0.507322629176619,0.03,5.93
-0.22448979591836735,0.9183673469387755,0.5231719018745562,0.5566898146180591,0.03,6.41
-0.22448979591836735,0.9591836734693877,0.5737384507901159,0.6083009630341105,0.03,6.02
-0.1836734693877551,-0.9591836734693877,0.4729051929042728,0.5007607374478327,0.03,5.89
-0.1836734693877551,-0.9183673469387755,0.4325330813537763,0.4585334341983362,0.03,6.01
-0.1836734693877551,-0.8775510204081632,0.3935781437829364,0.4181421006553396,0.02,6.24
-0.1836734693877551,-0.8367346938775511,0.35957113440120214,0.3795867368188427,0.02,5.57
-0.1836734693877551,-0.7959183673469388,0.3259452175117804,0.34286734268884567,0.02,5.19
-0.1836734693877551,-0.7551020408163265,0.2897102844797795,0.30798391826534877,0.02,6.31
-0.1836734693877551,-0.7142857142857143,0.263097389687498,0.2749364635483516,0.01,4.5
-0.1836734693877551,-0.673469387755102,0.22993241683159957,0.24372497853785405,0.01,6.0
-0.1836734693877551,-0.6326530612244898,0.20530315767345178,0.21434946323385665,0.01,4.41
-0.1836734693877551,-0.5918367346938775,0.17707954954183722,0.18680991763635899,0.01,5.49
-0.1836734693877551,-0.5510204081632653,0.1542162561139842,0.16110634174536118,0.01,4.47
-0.1836734693877551,-0.5102040816326531,0.12522974475785326,0.13723873556086333,0.01,9.59
-0.1836734693877551,-0.46938775510204084,0.10839312940064597,0.11520709908286517,0.01,6.29
-0.1836734693877551,-0.42857142857142855,0.08847271772225948,0.09501143231136686,0.01,7.39
-0.1836734693877551,-0.3877551020408163,0.07287933312698737,0.07665173524636845,0.0,5.18
-0.1836734693877551,-0.3469387755102041,0.05526249706671569,0.06012800788786984,0.0,8.8
-0.1836734693877551,-0.30612244897959184,0.0416062737493086,0.045440250235871095,0.0,9.21
-0.1836734693877551,-0.2653061224489796,0.03155005735821888,0.03258846229037221,0.0,3.29
-0.1836734693877551,-0.22448979591836735,0.022404268347986915,0.021572644051373147,0.0,3.71
-0.1836734693877551,-0.1836734693877551,0.015289833657546218,0.012392795518873945,0.0,18.95
-0.1836734693877551,-0.14285714285714285,0.0005087647309712912,0.005048916692874561,0.0,892.39
-0.1836734693877551,-0.10204081632653061,0.0027758394653838716,-0.0004589924266249609,0.0,116.54
-0.1836734693877551,-0.061224489795918366,0.0005862438878871948,-0.004130931839624645,0.0,804.64
-0.1836734693877551,-0.02040816326530612,-0.004412191182060117,-0.005966901546124489,0.0,35.24
-0.1836734693877551,0.02040816326530612,-0.005953051743331858,-0.005966901546124489,0.0,0.23
-0.1836734693877551,0.061224489795918366,-0.0005405321015661856,-0.004130931839624645,0.0,664.23
-0.1836734693877551,0.10204081632653061,-0.0005571337650839019,-0.0004589924266249609,0.0,17.62
-0.1836734693877551,0.14285714285714285,0.005829245027233787,0.005048916692874561,0.0,13.39
-0.1836734693877551,0.1836734693877551,0.015342829237253944,0.012392795518873945,0.0,19.23
-0.1836734693877551,0.22448979591836735,0.019013468474888957,0.021572644051373147,0.0,13.46
-0.1836734693877551,0.2653061224489796,0.031257465015294625,0.03258846229037221,0.0,4.26
-0.1836734693877551,0.30612244897959184,0.04139388260294737,0.045440250235871095,0.0,9.78
-0.1836734693877551,0.3469387755102041,0.05573326858678094,0.06012800788786984,0.0,7.89
-0.1836734693877551,0.3877551020408163,0.07071550268532213,0.07665173524636845,0.01,8.39
-0.1836734693877551,0.42857142857142855,0.09116679464008386,0.09501143231136686,0.0,4.22
-0.1836734693877551,0.46938775510204084,0.11054610826011288,0.11520709908286517,0.0,4.22
-0.1836734693877551,0.5102040816326531,0.1294131619315793,0.13723873556086333,0.01,6.05
-0.1836734693877551,0.5510204081632653,0.15502467781950402,0.16110634174536118,0.01,3.92
-0.1836734693877551,0.5918367346938775,0.18133045169231005,0.18680991763635899,0.01,3.02
-0.1836734693877551,0.6326530612244898,0.20152046255617626,0.21434946323385665,0.01,6.37
-0.1836734693877551,0.673469387755102,0.23137318450723635,0.24372497853785405,0.01,5.34
-0.1836734693877551,0.7142857142857143,0.2621882906350247,0.2749364635483516,0.01,4.86
-0.1836734693877551,0.7551020408163265,0.2923481080410405,0.30798391826534877,0.02,5.35
-0.1836734693877551,0.7959183673469388,0.32147791870057346,0.34286734268884567,0.02,6.65
-0.1836734693877551,0.8367346938775511,0.3592824547876129,0.3795867368188427,0.02,5.65
-0.1836734693877551,0.8775510204081632,0.39423448607987677,0.4181421006553396,0.02,6.06
-0.1836734693877551,0.9183673469387755,0.4343473034166182,0.4585334341983362,0.02,5.57
-0.1836734693877551,0.9591836734693877,0.47432998460136605,0.5007607374478327,0.03,5.57
-0.14285714285714285,-0.9591836734693877,0.3710089538867479,0.39138454215505514,0.02,5.49
-0.14285714285714285,-0.9183673469387755,0.33975931294284956,0.35854108407211294,0.02,5.53
-0.14285714285714285,-0.8775510204081632,0.30994072784286775,0.3271256024275597,0.02,5.54
-0.14285714285714285,-0.8367346938775511,0.28173615104719746,0.29713809722139595,0.02,5.47
-0.14285714285714285,-0.7959183673469388,0.25730701584068977,0.2685785684536207,0.01,4.38
-0.14285714285714285,-0.7551020408163265,0.2271840620151949,0.241447016124234,0.01,6.28
-0.14285714285714285,-0.7142857142857143,0.20329596334518718,0.21574344023323638,0.01,6.12
-0.14285714285714285,-0.673469387755102,0.18147655119392953,0.19146784078062717,0.01,5.51
-0.14285714285714285,-0.6326530612244898,0.16197150915138722,0.16862021776640687,0.01,4.1
-0.14285714285714285,-0.5918367346938775,0.1401536075235626,0.14720057119057545,0.01,5.03
-0.14285714285714285,-0.5510204081632653,0.11872428074520094,0.1272089010531326,0.01,7.15
-0.14285714285714285,-0.5102040816326531,0.09918355803166365,0.10864520735407876,0.01,9.54
-0.14285714285714285,-0.46938775510204084,0.08609673770124132,0.09150949009341348,0.01,6.29
-0.14285714285714285,-0.42857142857142855,0.07296501596144586,0.07580174927113704,0.0,3.89
-0.14285714285714285,-0.3877551020408163,0.057020630385364555,0.061521984887249366,0.0,7.89
-0.14285714285714285,-0.3469387755102041,0.04944904021862381,0.04867019694175049,0.0,1.58
-0.14285714285714285,-0.30612244897959184,0.0318925539691448,0.037246385434640344,0.01,16.79
-0.14285714285714285,-0.2653061224489796,0.02491896291776308,0.027250550365918964,0.0,9.36
-0.14285714285714285,-0.22448979591836735,0.01739404234928501,0.018682691735586364,0.0,7.41
-0.14285714285714285,-0.1836734693877551,0.013096039059619317,0.01154280954364253,0.0,11.86
-0.14285714285714285,-0.14285714285714285,0.00662156346967077,0.005830903790087464,0.0,11.94
-0.14285714285714285,-0.10204081632653061,0.0017792851270814146,0.0015469744749211642,0.0,13.06
-0.14285714285714285,-0.061224489795918366,-0.0027631901245982918,-0.0013089784018563715,0.0,52.63
-0.14285714285714285,-0.02040816326530612,-0.009173103829550845,-0.0027369548402451354,0.01,70.16
-0.14285714285714285,0.02040816326530612,-0.0008696956491282716,-0.0027369548402451354,0.0,214.7
-0.14285714285714285,0.061224489795918366,0.0010391496223708138,-0.0013089784018563715,0.0,225.97
-0.14285714285714285,0.10204081632653061,0.0021006380051916415,0.0015469744749211642,0.0,26.36
-0.14285714285714285,0.14285714285714285,0.005734958200303718,0.005830903790087464,0.0,1.67
-0.14285714285714285,0.1836734693877551,0.008485631554632021,0.01154280954364253,0.0,36.03
-0.14285714285714285,0.22448979591836735,0.018178953351500195,0.018682691735586364,0.0,2.77
-0.14285714285714285,0.2653061224489796,0.027798975951739024,0.027250550365918964,0.0,1.97
-0.14285714285714285,0.30612244897959184,0.03603290502765749,0.037246385434640344,0.0,3.37
-0.14285714285714285,0.3469387755102041,0.043811553446535846,0.04867019694175049,0.0,11.09
-0.14285714285714285,0.3877551020408163,0.05952925584524006,0.061521984887249366,0.0,3.35
-0.14285714285714285,0.42857142857142855,0.07226360600614054,0.07580174927113704,0.0,4.9
-0.14285714285714285,0.46938775510204084,0.0851271644642431,0.09150949009341348,0.01,7.5
-0.14285714285714285,0.5102040816326531,0.10470670015389712,0.10864520735407876,0.0,3.76
-0.14285714285714285,0.5510204081632653,0.11980080399588708,0.1272089010531326,0.01,6.18
-0.14285714285714285,0.5918367346938775,0.13827987210381257,0.14720057119057545,0.01,6.45
-0.14285714285714285,0.6326530612244898,0.15881681966006836,0.16862021776640687,0.01,6.17
-0.14285714285714285,0.673469387755102,0.178869946686,0.19146784078062717,0.01,7.04
-0.14285714285714285,0.7142857142857143,0.2017922119884683,0.21574344023323638,0.01,6.91
-0.14285714285714285,0.7551020408163265,0.2305149410071426,0.241447016124234,0.01,4.74
-0.14285714285714285,0.7959183673469388,0.25598322790899253,0.2685785684536207,0.01,4.92
-0.14285714285714285,0.8367346938775511,0.27854348509128146,0.29713809722139595,0.02,6.68
-0.14285714285714285,0.8775510204081632,0.3102281518033613,0.3271256024275597,0.02,5.45
-0.14285714285714285,0.9183673469387755,0.3397316659981936,0.35854108407211294,0.02,5.54
-0.14285714285714285,0.9591836734693877,0.36873732167071377,0.39138454215505514,0.02,6.14
-0.10204081632653061,-0.9591836734693877,0.26567209603032427,0.2805803704238882,0.01,5.61
-0.10204081632653061,-0.9183673469387755,0.2408672280523195,0.25712075750750146,0.02,6.75
-0.10204081632653061,-0.8775510204081632,0.22172371698425963,0.23468112776139216,0.01,5.84
-0.10204081632653061,-0.8367346938775511,0.20109569756206405,0.21326148118556054,0.01,6.05
-0.10204081632653061,-0.7959183673469388,0.1806669026038184,0.19286181778000666,0.01,6.75
-0.10204081632653061,-0.7551020408163265,0.16616496019651583,0.17348213754473055,0.01,4.4
-0.10204081632653061,-0.7142857142857143,0.14426436442672808,0.15512244047973214,0.01,7.53
-0.10204081632653061,-0.673469387755102,0.13064557392264578,0.13778272658501145,0.01,5.46
-0.10204081632653061,-0.6326530612244898,0.11482272748591926,0.1214629958605684,0.01,5.78
-0.10204081632653061,-0.5918367346938775,0.10329708369436721,0.10616324830640293,0.0,2.77
-0.10204081632653061,-0.5510204081632653,0.08588561435445048,0.09188348392251525,0.01,6.98
-0.10204081632653061,-0.5102040816326531,0.07571189383730725,0.0786237027089054,0.0,3.85
-0.10204081632653061,-0.46938775510204084,0.06291755818306138,0.06638390466557306,0.0,5.51
-0.10204081632653061,-0.42857142857142855,0.05275284210615385,0.05516408979251844,0.0,4.57
-0.10204081632653061,-0.3877551020408163,0.04462480288564687,0.04496425808974149,0.0,0.76
-0.10204081632653061,-0.3469387755102041,0.031618493925551897,0.03578440955724231,0.0,13.18
-0.10204081632653061,-0.30612244897959184,0.02667599863180784,0.027624544195020796,0.0,3.56
-0.10204081632653061,-0.2653061224489796,0.01846876304428417,0.020484662003076956,0.0,10.92
-0.10204081632653061,-0.22448979591836735,0.013489938752525696,0.014364762981410808,0.0,6.49
-0.10204081632653061,-0.1836734693877551,0.006637067307938151,0.009264847130022359,0.0,39.59
-0.10204081632653061,-0.14285714285714285,0.004015474334227306,0.005184914448911595,0.0,29.12
-0.10204081632653061,-0.10204081632653061,0.0018407528974109955,0.0021249649380785224,0.0,15.44
-0.10204081632653061,-0.061224489795918366,0.0031928887729893466,8.499859752314098e-5,0.0,97.34
-0.10204081632653061,-0.02040816326530612,0.000139068496474229,-0.0009349845727545504,0.0,772.32
-0.10204081632653061,0.02040816326530612,-0.0011591328090257125,-0.0009349845727545504,0.0,19.34
-0.10204081632653061,0.061224489795918366,-0.004393819351991385,8.499859752314098e-5,0.0,101.93
-0.10204081632653061,0.10204081632653061,0.005216516545722373,0.0021249649380785224,0.0,59.26
-0.10204081632653061,0.14285714285714285,0.0055577801296413185,0.005184914448911595,0.0,6.71
-0.10204081632653061,0.1836734693877551,0.00843465736850346,0.009264847130022359,0.0,9.84
-0.10204081632653061,0.22448979591836735,0.012466193726865846,0.014364762981410808,0.0,15.23
-0.10204081632653061,0.2653061224489796,0.019176034855209783,0.020484662003076956,0.0,6.82
-0.10204081632653061,0.30612244897959184,0.02915564301182714,0.027624544195020796,0.0,5.25
-0.10204081632653061,0.3469387755102041,0.03593309826247086,0.03578440955724231,0.0,0.41
-0.10204081632653061,0.3877551020408163,0.042310705759812425,0.04496425808974149,0.0,6.27
-0.10204081632653061,0.42857142857142855,0.05030102059880247,0.05516408979251844,0.0,9.67
-0.10204081632653061,0.46938775510204084,0.05997395182264768,0.06638390466557306,0.01,10.69
-0.10204081632653061,0.5102040816326531,0.07398589502313387,0.0786237027089054,0.0,6.27
-0.10204081632653061,0.5510204081632653,0.08447677068490707,0.09188348392251525,0.01,8.77
-0.10204081632653061,0.5918367346938775,0.09539346506477288,0.10616324830640293,0.01,11.29
-0.10204081632653061,0.6326530612244898,0.1098753219158239,0.1214629958605684,0.01,10.55
-0.10204081632653061,0.673469387755102,0.13249710730008815,0.13778272658501145,0.01,3.99
-0.10204081632653061,0.7142857142857143,0.1463928413880473,0.15512244047973214,0.01,5.96
-0.10204081632653061,0.7551020408163265,0.1588652722850733,0.17348213754473055,0.01,9.2
-0.10204081632653061,0.7959183673469388,0.18424250041820073,0.19286181778000666,0.01,4.68
-0.10204081632653061,0.8367346938775511,0.20439677354856442,0.21326148118556054,0.01,4.34
-0.10204081632653061,0.8775510204081632,0.2223989000196666,0.23468112776139216,0.01,5.52
-0.10204081632653061,0.9183673469387755,0.2406547091409164,0.25712075750750146,0.02,6.84
-0.10204081632653061,0.9591836734693877,0.26555538098544795,0.2805803704238882,0.02,5.66
-0.061224489795918366,-0.9591836734693877,0.15912616165487442,0.16875621552244374,0.01,6.05
-0.061224489795918366,-0.9183673469387755,0.14579856795880747,0.15468044777261186,0.01,6.09
-0.061224489795918366,-0.8775510204081632,0.13527426574989249,0.1412166699249462,0.01,4.39
-0.061224489795918366,-0.8367346938775511,0.11820140047155134,0.1283648819794473,0.01,8.6
-0.061224489795918366,-0.7959183673469388,0.10722376530418518,0.11612508393611518,0.01,8.3
-0.061224489795918366,-0.7551020408163265,0.10106259432897033,0.10449727579494943,0.0,3.4
-0.061224489795918366,-0.7142857142857143,0.08810404821244885,0.09348145755595043,0.01,6.1
-0.061224489795918366,-0.673469387755102,0.081725775450325,0.08307762921911807,0.0,1.65
-0.061224489795918366,-0.6326530612244898,0.07006926294973105,0.07328579078445212,0.0,4.59
-0.061224489795918366,-0.5918367346938775,0.06134782166603956,0.06410594225195296,0.0,4.5
-0.061224489795918366,-0.5510204081632653,0.05488119829633192,0.05553808362162028,0.0,1.2
-0.061224489795918366,-0.5102040816326531,0.050729922400549333,0.04758221489345429,0.0,6.2
-0.061224489795918366,-0.46938775510204084,0.03912233797893747,0.04023833606745485,0.0,2.85
-0.061224489795918366,-0.42857142857142855,0.03114938070922043,0.03350644714362213,0.0,7.57
-0.061224489795918366,-0.3877551020408163,0.023208834037434994,0.027386548121956,0.0,18.0
-0.061224489795918366,-0.3469387755102041,0.01610281130876754,0.02187863900245645,0.01,35.87
-0.061224489795918366,-0.30612244897959184,0.010986045728163345,0.01698271978512356,0.01,54.58
-0.061224489795918366,-0.2653061224489796,0.011100710310335637,0.012698790469957252,0.0,14.4
-0.061224489795918366,-0.22448979591836735,0.010069896598148057,0.009026851056957559,0.0,10.36
-0.061224489795918366,-0.1836734693877551,0.00725340633988787,0.005966901546124491,0.0,17.74
-0.061224489795918366,-0.14285714285714285,0.0034527693373366405,0.0035189419374580325,0.0,1.92
-0.061224489795918366,-0.10204081632653061,0.002661870561730257,0.0016829722309581894,0.0,36.77
-0.061224489795918366,-0.061224489795918366,0.0008457910642810003,0.0004589924266249607,0.0,45.73
-0.061224489795918366,-0.02040816326530612,-4.2196779621164576e-5,-0.00015299747554165354,0.0,262.58
-0.061224489795918366,0.02040816326530612,0.0032842117991840948,-0.00015299747554165354,0.0,104.66
-0.061224489795918366,0.061224489795918366,0.002107741128493151,0.0004589924266249607,0.0,78.22
-0.061224489795918366,0.10204081632653061,0.0014822533277814548,0.0016829722309581894,0.0,13.54
-0.061224489795918366,0.14285714285714285,0.002057656778546849,0.0035189419374580325,0.0,71.02
-0.061224489795918366,0.1836734693877551,0.006501628754238121,0.005966901546124491,0.0,8.22
-0.061224489795918366,0.22448979591836735,0.009287780215066656,0.009026851056957559,0.0,2.81
-0.061224489795918366,0.2653061224489796,0.011025354857234642,0.012698790469957252,0.0,15.18
-0.061224489795918366,0.30612244897959184,0.020118182560205082,0.01698271978512356,0.0,15.59
-0.061224489795918366,0.3469387755102041,0.023323889318953902,0.02187863900245645,0.0,6.2
-0.061224489795918366,0.3877551020408163,0.02309817312129571,0.027386548121956,0.0,18.57
-0.061224489795918366,0.42857142857142855,0.03198885303676622,0.03350644714362213,0.0,4.74
-0.061224489795918366,0.46938775510204084,0.03578039255358053,0.04023833606745485,0.0,12.46
-0.061224489795918366,0.5102040816326531,0.04019343537022863,0.04758221489345429,0.01,18.38
-0.061224489795918366,0.5510204081632653,0.05346208560333935,0.05553808362162028,0.0,3.88
-0.061224489795918366,0.5918367346938775,0.0656260525343205,0.06410594225195296,0.0,2.32
-0.061224489795918366,0.6326530612244898,0.06872535079462812,0.07328579078445212,0.0,6.64
-0.061224489795918366,0.673469387755102,0.07673541370055285,0.08307762921911807,0.01,8.27
-0.061224489795918366,0.7142857142857143,0.08396298401259399,0.09348145755595043,0.01,11.34
-0.061224489795918366,0.7551020408163265,0.09984329992072535,0.10449727579494943,0.0,4.66
-0.061224489795918366,0.7959183673469388,0.1075919709662004,0.11612508393611518,0.01,7.93
-0.061224489795918366,0.8367346938775511,0.11971181227286061,0.1283648819794473,0.01,7.23
-0.061224489795918366,0.8775510204081632,0.13678163724950157,0.1412166699249462,0.0,3.24
-0.061224489795918366,0.9183673469387755,0.14960471749228837,0.15468044777261186,0.01,3.39
-0.061224489795918366,0.9591836734693877,0.157045410495014,0.16875621552244374,0.01,7.46
-0.02040816326530612,-0.9591836734693877,0.051744515646512876,0.05632007071883292,0.0,8.84
-0.02040816326530612,-0.9183673469387755,0.05155590854270801,0.051628148135556155,0.0,0.14
-0.02040816326530612,-0.8775510204081632,0.04301665313499625,0.047140222186334346,0.0,9.59
-0.02040816326530612,-0.8367346938775511,0.042585119780631384,0.04285629287116794,0.0,0.64
-0.02040816326530612,-0.7959183673469388,0.03746354249465753,0.03877636019005683,0.0,3.5
-0.02040816326530612,-0.7551020408163265,0.0380510068927105,0.03490042414300162,0.0,8.28
-0.02040816326530612,-0.7142857142857143,0.03369230114199787,0.031228484730002087,0.0,7.31
-0.02040816326530612,-0.673469387755102,0.02419999981358588,0.027760541951058,0.0,14.71
-0.02040816326530612,-0.6326530612244898,0.02304884921488044,0.02449659580616908,0.0,6.28
-0.02040816326530612,-0.5918367346938775,0.018591492381708357,0.021436646295336235,0.0,15.3
-0.02040816326530612,-0.5510204081632653,0.0159727894292899,0.01858069341855872,0.0,16.33
-0.02040816326530612,-0.5102040816326531,0.012359734870213891,0.015928737175836576,0.0,28.88
-0.02040816326530612,-0.46938775510204084,0.012791799044327387,0.013480777567170168,0.0,5.39
-0.02040816326530612,-0.42857142857142855,0.006482330470262513,0.011236814592559225,0.0,73.35
-0.02040816326530612,-0.3877551020408163,0.00947059804328086,0.009196848252003842,0.0,2.89
-0.02040816326530612,-0.3469387755102041,0.006823678428132614,0.007360878545504002,0.0,7.87
-0.02040816326530612,-0.30612244897959184,0.007739399107598447,0.005728905473059697,0.0,25.98
-0.02040816326530612,-0.2653061224489796,0.002895952882102535,0.004300929034670933,0.0,48.52
-0.02040816326530612,-0.22448979591836735,0.0024649456036893573,0.0030769492303377058,0.0,24.83
-0.02040816326530612,-0.1836734693877551,0.005362716214614006,0.002056966060060012,0.0,61.64
-0.02040816326530612,-0.14285714285714285,0.0033360144083203085,0.0012409795238378565,0.0,62.8
-0.02040816326530612,-0.10204081632653061,0.0002415742103223554,0.0006289896216712433,0.0,160.37
-0.02040816326530612,-0.061224489795918366,0.0002490540725629569,0.00022099635356016638,0.0,11.27
-0.02040816326530612,-0.02040816326530612,-0.003214307943172608,1.6999719504628174e-5,0.0,100.53
-0.02040816326530612,0.02040816326530612,0.0014241748552385697,1.6999719504628174e-5,0.0,98.81
-0.02040816326530612,0.061224489795918366,-0.004547439782836378,0.00022099635356016638,0.0,104.86
-0.02040816326530612,0.10204081632653061,0.0007424739540476231,0.0006289896216712433,0.0,15.28
-0.02040816326530612,0.14285714285714285,0.004187064384548539,0.0012409795238378565,0.0,70.36
-0.02040816326530612,0.1836734693877551,0.005605347328219238,0.002056966060060012,0.0,63.3
-0.02040816326530612,0.22448979591836735,0.004772722286707334,0.0030769492303377058,0.0,35.53
-0.02040816326530612,0.2653061224489796,0.0013540946828556532,0.004300929034670933,0.0,217.62
-0.02040816326530612,0.30612244897959184,0.004330688467058734,0.005728905473059697,0.0,32.29
-0.02040816326530612,0.3469387755102041,0.006603357280244743,0.007360878545504002,0.0,11.47
-0.02040816326530612,0.3877551020408163,0.008241899425121279,0.009196848252003842,0.0,11.59
-0.02040816326530612,0.42857142857142855,0.011599345466643778,0.011236814592559225,0.0,3.13
-0.02040816326530612,0.46938775510204084,0.011831792108421103,0.013480777567170168,0.0,13.94
-0.02040816326530612,0.5102040816326531,0.011117087379196287,0.015928737175836576,0.0,43.28
-0.02040816326530612,0.5510204081632653,0.019383556044496653,0.01858069341855872,0.0,4.14
-0.02040816326530612,0.5918367346938775,0.020597838499243615,0.021436646295336235,0.0,4.07
-0.02040816326530612,0.6326530612244898,0.0218927787392628,0.02449659580616908,0.0,11.89
-0.02040816326530612,0.673469387755102,0.02558910053606738,0.027760541951058,0.0,8.49
-0.02040816326530612,0.7142857142857143,0.029910688819117903,0.031228484730002087,0.0,4.41
-0.02040816326530612,0.7551020408163265,0.03068732349966922,0.03490042414300162,0.0,13.73
-0.02040816326530612,0.7959183673469388,0.03683364019109499,0.03877636019005683,0.0,5.27
-0.02040816326530612,0.8367346938775511,0.0425815239342178,0.04285629287116794,0.0,0.65
-0.02040816326530612,0.8775510204081632,0.042823358457600845,0.047140222186334346,0.0,10.08
-0.02040816326530612,0.9183673469387755,0.049242516325975684,0.051628148135556155,0.0,4.84
-0.02040816326530612,0.9591836734693877,0.052448605607364376,0.05632007071883292,0.0,7.38
0.02040816326530612,-0.9591836734693877,-0.05453512524676164,-0.05632007071883246,0.0,3.27
0.02040816326530612,-0.9183673469387755,-0.05182862569454507,-0.051628148135555746,0.0,0.39
0.02040816326530612,-0.8775510204081632,-0.04521748811289127,-0.04714022218633399,0.0,4.25
0.02040816326530612,-0.8367346938775511,-0.04196640074736222,-0.042856292871167635,0.0,2.12
0.02040816326530612,-0.7959183673469388,-0.03797438451125956,-0.03877636019005702,0.0,2.11
0.02040816326530612,-0.7551020408163265,-0.03232704903967964,-0.03490042414300177,0.0,7.96
0.02040816326530612,-0.7142857142857143,-0.031953708400820686,-0.03122848473000222,0.0,2.27
0.02040816326530612,-0.673469387755102,-0.02658652817582835,-0.027760541951057836,0.0,4.42
0.02040816326530612,-0.6326530612244898,-0.022454572364541292,-0.024496595806169173,0.0,9.09
0.02040816326530612,-0.5918367346938775,-0.021752165578479445,-0.021436646295336124,0.0,1.45
0.02040816326530612,-0.5510204081632653,-0.017377828004503604,-0.018580693418558634,0.0,6.92
0.02040816326530612,-0.5102040816326531,-0.012571359384971415,-0.015928737175836625,0.0,26.71
0.02040816326530612,-0.46938775510204084,-0.009204767915929696,-0.013480777567170116,0.0,46.45
0.02040816326530612,-0.42857142857142855,-0.009815181822904678,-0.011236814592559255,0.0,14.48
0.02040816326530612,-0.3877551020408163,-0.009695436502694577,-0.009196848252003863,0.0,5.14
0.02040816326530612,-0.3469387755102041,-0.005776874447987865,-0.007360878545503979,0.0,27.42
0.02040816326530612,-0.30612244897959184,-0.0037353962642518107,-0.005728905473059707,0.0,53.37
0.02040816326530612,-0.2653061224489796,-0.005415302575399146,-0.0043009290346709235,0.0,20.58
0.02040816326530612,-0.22448979591836735,-0.006077372068977824,-0.0030769492303377,0.0,49.37
0.02040816326530612,-0.1836734693877551,-0.001520856752396519,-0.002056966060060009,0.0,35.25
0.02040816326530612,-0.14285714285714285,-0.00080507759291285,-0.0012409795238378552,0.0,54.14
0.02040816326530612,-0.10204081632653061,-0.0014338346819058932,-0.0006289896216712427,0.0,56.13
0.02040816326530612,-0.061224489795918366,-0.0025713291710375676,-0.00022099635356016633,0.0,91.41
0.02040816326530612,-0.02040816326530612,0.001860295262293411,-1.699971950462817e-5,0.0,100.91
0.02040816326530612,0.02040816326530612,0.00019119719999876076,-1.699971950462817e-5,0.0,108.89
0.02040816326530612,0.061224489795918366,-0.00027459070956271437,-0.00022099635356016633,0.0,19.52
0.02040816326530612,0.10204081632653061,0.0019291229643237974,-0.0006289896216712427,0.0,132.6
0.02040816326530612,0.14285714285714285,-0.006457092462215161,-0.0012409795238378552,0.01,80.78
0.02040816326530612,0.1836734693877551,-0.00030310402031885543,-0.002056966060060009,0.0,578.63
0.02040816326530612,0.22448979591836735,0.00017777419179184733,-0.0030769492303377,0.0,1830.82
0.02040816326530612,0.2653061224489796,-0.001270885811440461,-0.0043009290346709235,0.0,238.42
0.02040816326530612,0.30612244897959184,-0.008893344959876186,-0.005728905473059707,0.0,35.58
0.02040816326530612,0.3469387755102041,-0.005990655893069621,-0.007360878545503979,0.0,22.87
0.02040816326530612,0.3877551020408163,-0.010135293147224759,-0.009196848252003863,0.0,9.26
0.02040816326530612,0.42857142857142855,-0.010431769175774291,-0.011236814592559255,0.0,7.72
0.02040816326530612,0.46938775510204084,-0.013984065781079441,-0.013480777567170116,0.0,3.6
0.02040816326530612,0.5102040816326531,-0.013718588173703555,-0.015928737175836625,0.0,16.11
0.02040816326530612,0.5510204081632653,-0.021328483603663437,-0.018580693418558634,0.0,12.88
0.02040816326530612,0.5918367346938775,-0.02012815497718065,-0.021436646295336124,0.0,6.5
0.02040816326530612,0.6326530612244898,-0.021217446533245886,-0.024496595806169173,0.0,15.45
0.02040816326530612,0.673469387755102,-0.026120850487459414,-0.027760541951057836,0.0,6.28
0.02040816326530612,0.7142857142857143,-0.02850347127515217,-0.03122848473000222,0.0,9.56
0.02040816326530612,0.7551020408163265,-0.03489531301102694,-0.03490042414300177,0.0,0.01
0.02040816326530612,0.7959183673469388,-0.03521599066320518,-0.03877636019005702,0.0,10.11
0.02040816326530612,0.8367346938775511,-0.040281606034118,-0.042856292871167635,0.0,6.39
0.02040816326530612,0.8775510204081632,-0.04563922615621676,-0.04714022218633399,0.0,3.29
0.02040816326530612,0.9183673469387755,-0.04899692385869246,-0.051628148135555746,0.0,5.37
0.02040816326530612,0.9591836734693877,-0.05222556031586132,-0.05632007071883246,0.0,7.84
0.061224489795918366,-0.9591836734693877,-0.16026350556798202,-0.16875621552244408,0.01,5.3
0.061224489795918366,-0.9183673469387755,-0.1480896229611567,-0.15468044777261214,0.01,4.45
0.061224489795918366,-0.8775510204081632,-0.13359905732567234,-0.14121666992494586,0.01,5.7
0.061224489795918366,-0.8367346938775511,-0.12336991931768171,-0.1283648819794475,0.0,4.05
0.061224489795918366,-0.7959183673469388,-0.11145977058883375,-0.11612508393611493,0.0,4.19
0.061224489795918366,-0.7551020408163265,-0.09989142964175954,-0.10449727579494958,0.0,4.61
0.061224489795918366,-0.7142857142857143,-0.0874008223516065,-0.09348145755595023,0.01,6.96
0.061224489795918366,-0.673469387755102,-0.07853876828069324,-0.08307762921911792,0.0,5.78
0.061224489795918366,-0.6326530612244898,-0.07093286893728049,-0.07328579078445198,0.0,3.32
0.061224489795918366,-0.5918367346938775,-0.060722697600055664,-0.06410594225195285,0.0,5.57
0.061224489795918366,-0.5510204081632653,-0.0550242783092195,-0.05553808362162021,0.0,0.93
0.061224489795918366,-0.5102040816326531,-0.04262116731086833,-0.04758221489345422,0.0,11.64
0.061224489795918366,-0.46938775510204084,-0.03725131858402149,-0.04023833606745488,0.0,8.02
0.061224489795918366,-0.42857142857142855,-0.02964916883005736,-0.033506447143622095,0.0,13.01
0.061224489795918366,-0.3877551020408163,-0.028540798455420076,-0.027386548121955973,0.0,4.04
0.061224489795918366,-0.3469387755102041,-0.01637656314905526,-0.021878639002456464,0.01,33.6
0.061224489795918366,-0.30612244897959184,-0.018707076453604317,-0.016982719785123546,0.0,9.22
0.061224489795918366,-0.2653061224489796,-0.01549770352939556,-0.012698790469957257,0.0,18.06
0.061224489795918366,-0.22448979591836735,-0.011885643328497912,-0.009026851056957559,0.0,24.05
0.061224489795918366,-0.1836734693877551,-0.006738480473664576,-0.0059669015461244895,0.0,11.45
0.061224489795918366,-0.14285714285714285,-0.005908894712494364,-0.003518941937458032,0.0,40.45
0.061224489795918366,-0.10204081632653061,-0.0023524595773982996,-0.0016829722309581894,0.0,28.46
0.061224489795918366,-0.061224489795918366,-0.0012830495519669013,-0.00045899242662496054,0.0,64.23
0.061224489795918366,-0.02040816326530612,0.005408194605501492,0.0001529974755416536,0.01,97.17
0.061224489795918366,0.02040816326530612,-0.0001809046987592162,0.0001529974755416536,0.0,184.57
0.061224489795918366,0.061224489795918366,-0.0006932970983017954,-0.00045899242662496054,0.0,33.8
0.061224489795918366,0.10204081632653061,-0.0026930818882740354,-0.0016829722309581894,0.0,37.51
0.061224489795918366,0.14285714285714285,-0.003939771850514362,-0.003518941937458032,0.0,10.68
0.061224489795918366,0.1836734693877551,-0.008408870617997477,-0.0059669015461244895,0.0,29.04
0.061224489795918366,0.22448979591836735,-0.007175262645603234,-0.009026851056957559,0.0,25.81
0.061224489795918366,0.2653061224489796,-0.008596011698665428,-0.012698790469957257,0.0,47.73
0.061224489795918366,0.30612244897959184,-0.01756382476246962,-0.016982719785123546,0.0,3.31
0.061224489795918366,0.3469387755102041,-0.018220643052563792,-0.021878639002456464,0.0,20.08
0.061224489795918366,0.3877551020408163,-0.02398116649199845,-0.027386548121955973,0.0,14.2
0.061224489795918366,0.42857142857142855,-0.03264239599478398,-0.033506447143622095,0.0,2.65
0.061224489795918366,0.46938775510204084,-0.03512416574884515,-0.04023833606745488,0.01,14.56
0.061224489795918366,0.5102040816326531,-0.045794059227670464,-0.04758221489345422,0.0,3.9
0.061224489795918366,0.5510204081632653,-0.05130687477985861,-0.05553808362162021,0.0,8.25
0.061224489795918366,0.5918367346938775,-0.06282726019674056,-0.06410594225195285,0.0,2.04
0.061224489795918366,0.6326530612244898,-0.06758149021702574,-0.07328579078445198,0.01,8.44
0.061224489795918366,0.673469387755102,-0.07571248067254424,-0.08307762921911792,0.01,9.73
0.061224489795918366,0.7142857142857143,-0.08835088092037095,-0.09348145755595023,0.01,5.81
0.061224489795918366,0.7551020408163265,-0.10130261354289513,-0.10449727579494958,0.0,3.15
0.061224489795918366,0.7959183673469388,-0.10959111733314467,-0.11612508393611493,0.01,5.96
0.061224489795918366,0.8367346938775511,-0.12272077804052765,-0.1283648819794475,0.01,4.6
0.061224489795918366,0.8775510204081632,-0.13568739350474207,-0.14121666992494586,0.01,4.08
0.061224489795918366,0.9183673469387755,-0.14542992252410225,-0.15468044777261214,0.01,6.36
0.061224489795918366,0.9591836734693877,-0.16016457853335148,-0.16875621552244408,0.01,5.36
0.10204081632653061,-0.9591836734693877,-0.263984865818229,-0.2805803704238878,0.02,6.29
0.10204081632653061,-0.9183673469387755,-0.24337026056405958,-0.25712075750750113,0.01,5.65
0.10204081632653061,-0.8775510204081632,-0.21995705318628161,-0.23468112776139183,0.01,6.69
0.10204081632653061,-0.8367346938775511,-0.2009895618417886,-0.21326148118556024,0.01,6.11
0.10204081632653061,-0.7959183673469388,-0.18496802145781782,-0.1928618177800064,0.01,4.27
0.10204081632653061,-0.7551020408163265,-0.16002265963737425,-0.17348213754473032,0.01,8.41
0.10204081632653061,-0.7142857142857143,-0.1449278828002508,-0.15512244047973198,0.01,7.03
0.10204081632653061,-0.673469387755102,-0.1284408573935938,-0.1377827265850113,0.01,7.27
0.10204081632653061,-0.6326530612244898,-0.11628341370399935,-0.12146299586056829,0.01,4.45
0.10204081632653061,-0.5918367346938775,-0.10001535200629427,-0.10616324830640302,0.01,6.15
0.10204081632653061,-0.5510204081632653,-0.08880053746295169,-0.09188348392251516,0.0,3.47
0.10204081632653061,-0.5102040816326531,-0.07475132521805596,-0.07862370270890533,0.0,5.18
0.10204081632653061,-0.46938775510204084,-0.060699949646928375,-0.06638390466557302,0.01,9.36
0.10204081632653061,-0.42857142857142855,-0.05056240938469762,-0.05516408979251841,0.0,9.1
0.10204081632653061,-0.3877551020408163,-0.045557072802020496,-0.04496425808974149,0.0,1.3
0.10204081632653061,-0.3469387755102041,-0.02863722925594838,-0.0357844095572423,0.01,24.96
0.10204081632653061,-0.30612244897959184,-0.026800884562193504,-0.027624544195020785,0.0,3.07
0.10204081632653061,-0.2653061224489796,-0.022789558065941285,-0.020484662003076953,0.0,10.11
0.10204081632653061,-0.22448979591836735,-0.014420596835968908,-0.014364762981410806,0.0,0.39
0.10204081632653061,-0.1836734693877551,-0.007400602184678942,-0.009264847130022359,0.0,25.19
0.10204081632653061,-0.14285714285714285,-0.005482771922461984,-0.005184914448911593,0.0,5.43
0.10204081632653061,-0.10204081632653061,-0.003985897834101912,-0.0021249649380785216,0.0,46.69
0.10204081632653061,-0.061224489795918366,-0.0002095029604545923,-8.499859752314112e-5,0.0,59.43
0.10204081632653061,-0.02040816326530612,-0.0028487747802479904,0.00093498457275455,0.0,132.82
0.10204081632653061,0.02040816326530612,-0.0033730179445117317,0.00093498457275455,0.0,127.72
0.10204081632653061,0.061224489795918366,-0.0019150199794032506,-8.499859752314112e-5,0.0,95.56
0.10204081632653061,0.10204081632653061,-0.005147606965766444,-0.0021249649380785216,0.0,58.72
0.10204081632653061,0.14285714285714285,-0.006158333936777171,-0.005184914448911593,0.0,15.81
0.10204081632653061,0.1836734693877551,-0.010959920813487215,-0.009264847130022359,0.0,15.47
0.10204081632653061,0.22448979591836735,-0.011738945190605452,-0.014364762981410806,0.0,22.37
0.10204081632653061,0.2653061224489796,-0.019107632463910333,-0.020484662003076953,0.0,7.21
0.10204081632653061,0.30612244897959184,-0.024917278316755186,-0.027624544195020785,0.0,10.87
0.10204081632653061,0.3469387755102041,-0.036220735354772875,-0.0357844095572423,0.0,1.2
0.10204081632653061,0.3877551020408163,-0.04721875748314999,-0.04496425808974149,0.0,4.77
0.10204081632653061,0.42857142857142855,-0.053913867775771986,-0.05516408979251841,0.0,2.32
0.10204081632653061,0.46938775510204084,-0.0606843217764247,-0.06638390466557302,0.01,9.39
0.10204081632653061,0.5102040816326531,-0.0738737537239281,-0.07862370270890533,0.0,6.43
0.10204081632653061,0.5510204081632653,-0.0901212869942978,-0.09188348392251516,0.0,1.96
0.10204081632653061,0.5918367346938775,-0.10132824674161682,-0.10616324830640302,0.0,4.77
0.10204081632653061,0.6326530612244898,-0.117158724016735,-0.12146299586056829,0.0,3.67
0.10204081632653061,0.673469387755102,-0.12904550575090562,-0.1377827265850113,0.01,6.77
0.10204081632653061,0.7142857142857143,-0.14822152258527926,-0.15512244047973198,0.01,4.66
0.10204081632653061,0.7551020408163265,-0.1660836504486969,-0.17348213754473032,0.01,4.45
0.10204081632653061,0.7959183673469388,-0.1859952639835526,-0.1928618177800064,0.01,3.69
0.10204081632653061,0.8367346938775511,-0.2046550829851145,-0.21326148118556024,0.01,4.21
0.10204081632653061,0.8775510204081632,-0.2222135708850142,-0.23468112776139183,0.01,5.61
0.10204081632653061,0.9183673469387755,-0.24266244343984225,-0.25712075750750113,0.01,5.96
0.10204081632653061,0.9591836734693877,-0.26428891969927687,-0.2805803704238878,0.02,6.16
0.14285714285714285,-0.9591836734693877,-0.36890652314241035,-0.39138454215505464,0.02,6.09
0.14285714285714285,-0.9183673469387755,-0.3351405567424639,-0.35854108407211255,0.02,6.98
0.14285714285714285,-0.8775510204081632,-0.30810853871950944,-0.32712560242756,0.02,6.17
0.14285714285714285,-0.8367346938775511,-0.28233374866791305,-0.29713809722139567,0.01,5.24
0.14285714285714285,-0.7959183673469388,-0.2560003745951607,-0.2685785684536205,0.01,4.91
0.14285714285714285,-0.7551020408163265,-0.2288278737433375,-0.24144701612423378,0.01,5.51
0.14285714285714285,-0.7142857142857143,-0.2051309900610704,-0.21574344023323622,0.01,5.17
0.14285714285714285,-0.673469387755102,-0.18101361112905626,-0.19146784078062729,0.01,5.78
0.14285714285714285,-0.6326530612244898,-0.1593269172581648,-0.16862021776640676,0.01,5.83
0.14285714285714285,-0.5918367346938775,-0.13857009533676304,-0.14720057119057534,0.01,6.23
0.14285714285714285,-0.5510204081632653,-0.12278793051707719,-0.12720890105313257,0.0,3.6
0.14285714285714285,-0.5102040816326531,-0.10199375694771265,-0.10864520735407872,0.01,6.52
0.14285714285714285,-0.46938775510204084,-0.08901176493289845,-0.09150949009341346,0.0,2.81
0.14285714285714285,-0.42857142857142855,-0.07136656675532453,-0.07580174927113702,0.0,6.21
0.14285714285714285,-0.3877551020408163,-0.05711554488099857,-0.06152198488724935,0.0,7.71
0.14285714285714285,-0.3469387755102041,-0.046689901442704046,-0.04867019694175048,0.0,4.24
0.14285714285714285,-0.30612244897959184,-0.03744829337967243,-0.03724638543464033,0.0,0.54
0.14285714285714285,-0.2653061224489796,-0.02501133628724799,-0.02725055036591896,0.0,8.95
0.14285714285714285,-0.22448979591836735,-0.014208141170355428,-0.018682691735586364,0.0,31.49
0.14285714285714285,-0.1836734693877551,-0.0119441313825873,-0.011542809543642528,0.0,3.36
0.14285714285714285,-0.14285714285714285,-0.006157692617910672,-0.005830903790087463,0.0,5.31
0.14285714285714285,-0.10204081632653061,-0.0007680984021995241,-0.001546974474921165,0.0,101.4
0.14285714285714285,-0.061224489795918366,-0.0009887719438531,0.001308978401856369,0.0,232.38
0.14285714285714285,-0.02040816326530612,-0.000513867919769416,0.002736954840245135,0.0,632.62
0.14285714285714285,0.02040816326530612,-0.0006559817090964395,0.002736954840245135,0.0,517.23
0.14285714285714285,0.061224489795918366,-0.0010505814960822873,0.001308978401856369,0.0,224.6
0.14285714285714285,0.10204081632653061,-0.00423933477241925,-0.001546974474921165,0.0,63.51
0.14285714285714285,0.14285714285714285,-0.005023213871807592,-0.005830903790087463,0.0,16.08
0.14285714285714285,0.1836734693877551,-0.01313212042732161,-0.011542809543642528,0.0,12.1
0.14285714285714285,0.22448979591836735,-0.018010876319141444,-0.018682691735586364,0.0,3.73
0.14285714285714285,0.2653061224489796,-0.0260805721646521,-0.02725055036591896,0.0,4.49
0.14285714285714285,0.30612244897959184,-0.037534764186399026,-0.03724638543464033,0.0,0.77
0.14285714285714285,0.3469387755102041,-0.04687045786156847,-0.04867019694175048,0.0,3.84
0.14285714285714285,0.3877551020408163,-0.060195215448100026,-0.06152198488724935,0.0,2.2
0.14285714285714285,0.42857142857142855,-0.06929936844927129,-0.07580174927113702,0.01,9.38
0.14285714285714285,0.46938775510204084,-0.08676681475154176,-0.09150949009341346,0.0,5.47
0.14285714285714285,0.5102040816326531,-0.10468472205662542,-0.10864520735407872,0.0,3.78
0.14285714285714285,0.5510204081632653,-0.11507904460772858,-0.12720890105313257,0.01,10.54
0.14285714285714285,0.5918367346938775,-0.13908909667675678,-0.14720057119057534,0.01,5.83
0.14285714285714285,0.6326530612244898,-0.16279184350785875,-0.16862021776640676,0.01,3.58
0.14285714285714285,0.673469387755102,-0.18092117210223935,-0.19146784078062729,0.01,5.83
0.14285714285714285,0.7142857142857143,-0.2023292895312947,-0.21574344023323622,0.01,6.63
0.14285714285714285,0.7551020408163265,-0.22890934311296768,-0.24144701612423378,0.01,5.48
0.14285714285714285,0.7959183673469388,-0.2539644510999698,-0.2685785684536205,0.01,5.75
0.14285714285714285,0.8367346938775511,-0.2772828224235746,-0.29713809722139567,0.02,7.16
0.14285714285714285,0.8775510204081632,-0.30709578017882666,-0.32712560242756,0.02,6.52
0.14285714285714285,0.9183673469387755,-0.3392567247501748,-0.35854108407211255,0.02,5.68
0.14285714285714285,0.9591836734693877,-0.36758232918524886,-0.39138454215505464,0.02,6.48
0.1836734693877551,-0.9591836734693877,-0.4737704295574587,-0.5007607374478322,0.03,5.7
0.1836734693877551,-0.9183673469387755,-0.43427044781059576,-0.45853343419833587,0.02,5.59
0.1836734693877551,-0.8775510204081632,-0.3974389070621057,-0.41814210065533924,0.02,5.21
0.1836734693877551,-0.8367346938775511,-0.35832476517063383,-0.3795867368188425,0.02,5.93
0.1836734693877551,-0.7959183673469388,-0.32369227418620083,-0.3428673426888458,0.02,5.92
0.1836734693877551,-0.7551020408163265,-0.29131428628623135,-0.30798391826534854,0.02,5.72
0.1836734693877551,-0.7142857142857143,-0.2623644681881201,-0.2749364635483514,0.01,4.79
0.1836734693877551,-0.673469387755102,-0.23039794773070033,-0.24372497853785405,0.01,5.78
0.1836734693877551,-0.6326530612244898,-0.20576366700814536,-0.21434946323385662,0.01,4.17
0.1836734693877551,-0.5918367346938775,-0.17665054215722348,-0.1868099176363589,0.01,5.75
0.1836734693877551,-0.5510204081632653,-0.1508975574832306,-0.16110634174536112,0.01,6.77
0.1836734693877551,-0.5102040816326531,-0.12750549300551833,-0.13723873556086333,0.01,7.63
0.1836734693877551,-0.46938775510204084,-0.11231759005420469,-0.11520709908286518,0.0,2.57
0.1836734693877551,-0.42857142857142855,-0.08819482160588565,-0.09501143231136684,0.01,7.73
0.1836734693877551,-0.3877551020408163,-0.07286881637986713,-0.07665173524636845,0.0,5.19
0.1836734693877551,-0.3469387755102041,-0.05578304543919593,-0.06012800788786984,0.0,7.79
0.1836734693877551,-0.30612244897959184,-0.045220156227776864,-0.045440250235871095,0.0,0.49
0.1836734693877551,-0.2653061224489796,-0.02780781538837987,-0.03258846229037222,0.0,17.19
0.1836734693877551,-0.22448979591836735,-0.021260851826905645,-0.021572644051373147,0.0,1.47
0.1836734693877551,-0.1836734693877551,-0.010607186520792173,-0.012392795518873942,0.0,16.83
0.1836734693877551,-0.14285714285714285,-0.006199959996039333,-0.005048916692874565,0.0,18.57
0.1836734693877551,-0.10204081632653061,0.002156435315441163,0.0004589924266249602,0.0,78.72
0.1836734693877551,-0.061224489795918366,0.0015262183119143847,0.004130931839624646,0.0,170.66
0.1836734693877551,-0.02040816326530612,0.006477523790784444,0.0059669015461244895,0.0,7.88
0.1836734693877551,0.02040816326530612,0.0051020531441920095,0.0059669015461244895,0.0,16.95
0.1836734693877551,0.061224489795918366,0.0033003593355452757,0.004130931839624646,0.0,25.17
0.1836734693877551,0.10204081632653061,-0.0027730567393815706,0.0004589924266249602,0.0,116.55
0.1836734693877551,0.14285714285714285,-0.006672178903922461,-0.005048916692874565,0.0,24.33
0.1836734693877551,0.1836734693877551,-0.01184526741617797,-0.012392795518873942,0.0,4.62
0.1836734693877551,0.22448979591836735,-0.022787886996743785,-0.021572644051373147,0.0,5.33
0.1836734693877551,0.2653061224489796,-0.032174254292151844,-0.03258846229037222,0.0,1.29
0.1836734693877551,0.30612244897959184,-0.04043930388004356,-0.045440250235871095,0.01,12.37
0.1836734693877551,0.3469387755102041,-0.05445804803616252,-0.06012800788786984,0.01,10.41
0.1836734693877551,0.3877551020408163,-0.07232244140217144,-0.07665173524636845,0.0,5.99
0.1836734693877551,0.42857142857142855,-0.09073708017993527,-0.09501143231136684,0.0,4.71
0.1836734693877551,0.46938775510204084,-0.10850602083644853,-0.11520709908286518,0.01,6.18
0.1836734693877551,0.5102040816326531,-0.1293543814347659,-0.13723873556086333,0.01,6.1
0.1836734693877551,0.5510204081632653,-0.15212654003288378,-0.16110634174536112,0.01,5.9
0.1836734693877551,0.5918367346938775,-0.17370844667629165,-0.1868099176363589,0.01,7.54
0.1836734693877551,0.6326530612244898,-0.20153102719645943,-0.21434946323385662,0.01,6.36
0.1836734693877551,0.673469387755102,-0.22874326848933305,-0.24372497853785405,0.01,6.55
0.1836734693877551,0.7142857142857143,-0.2606415945587505,-0.2749364635483514,0.01,5.48
0.1836734693877551,0.7551020408163265,-0.29110562024316977,-0.30798391826534854,0.02,5.8
0.1836734693877551,0.7959183673469388,-0.3245994863097561,-0.3428673426888458,0.02,5.63
0.1836734693877551,0.8367346938775511,-0.3639430387298792,-0.3795867368188425,0.02,4.3
0.1836734693877551,0.8775510204081632,-0.39360969355834763,-0.41814210065533924,0.02,6.23
0.1836734693877551,0.9183673469387755,-0.43220550710605454,-0.45853343419833587,0.03,6.09
0.1836734693877551,0.9591836734693877,-0.4731201834859685,-0.5007607374478322,0.03,5.84
0.22448979591836735,-0.9591836734693877,-0.5741714101553892,-0.6083009630341103,0.03,5.94
0.22448979591836735,-0.9183673469387755,-0.5247968109676837,-0.5566898146180589,0.03,6.08
0.22448979591836735,-0.8775510204081632,-0.4828112649786022,-0.5073226291766187,0.02,5.08
0.22448979591836735,-0.8367346938775511,-0.4329862284051568,-0.46019940670978926,0.03,6.28
0.22448979591836735,-0.7959183673469388,-0.39284419518332064,-0.4153201472175709,0.02,5.72
0.22448979591836735,-0.7551020408163265,-0.35502337917088267,-0.3726848506999635,0.02,4.97
0.22448979591836735,-0.7142857142857143,-0.315145238343296,-0.33229351715696687,0.02,5.44
0.22448979591836735,-0.673469387755102,-0.28210782753211283,-0.29414614658858135,0.01,4.27
0.22448979591836735,-0.6326530612244898,-0.24125665399189197,-0.25824273899480654,0.02,7.04
0.22448979591836735,-0.5918367346938775,-0.20644854534805362,-0.2245832943756428,0.02,8.78
0.22448979591836735,-0.5510204081632653,-0.1838592506457571,-0.19316781273108988,0.01,5.06
0.22448979591836735,-0.5102040816326531,-0.15515445099052197,-0.16399629406114793,0.01,5.7
0.22448979591836735,-0.46938775510204084,-0.12881600600430543,-0.13706873836581698,0.01,6.41
0.22448979591836735,-0.42857142857142855,-0.10273839103921181,-0.11238514564509686,0.01,9.39
0.22448979591836735,-0.3877551020408163,-0.08453678058634646,-0.08994551589898768,0.01,6.4
0.22448979591836735,-0.3469387755102041,-0.06326382894774431,-0.06974984912748941,0.01,10.25
0.22448979591836735,-0.30612244897959184,-0.04523109910421748,-0.051798145330602056,0.01,14.52
0.22448979591836735,-0.2653061224489796,-0.03286182104295189,-0.03609040450832561,0.0,9.82
0.22448979591836735,-0.22448979591836735,-0.020566801708744642,-0.0226266266606601,0.0,10.02
0.22448979591836735,-0.1836734693877551,-0.006594646944685398,-0.011406811787605503,0.0,72.97
0.22448979591836735,-0.14285714285714285,-0.00017032909460573884,-0.002430959889161829,0.0,1327.21
0.22448979591836735,-0.10204081632653061,0.003426922682379034,0.004300929034670928,0.0,25.5
0.22448979591836735,-0.061224489795918366,0.01122320454390782,0.008788854983892765,0.0,21.69
0.22448979591836735,-0.02040816326530612,0.010330825329100011,0.011032817958503686,0.0,6.8
0.22448979591836735,0.02040816326530612,0.012148715402685816,0.011032817958503686,0.0,9.19
0.22448979591836735,0.061224489795918366,0.005937113116800957,0.008788854983892765,0.0,48.03
0.22448979591836735,0.10204081632653061,0.0010191308782364088,0.004300929034670928,0.0,322.02
0.22448979591836735,0.14285714285714285,-0.003315728771911753,-0.002430959889161829,0.0,26.68
0.22448979591836735,0.1836734693877551,-0.01307311381224698,-0.011406811787605503,0.0,12.75
0.22448979591836735,0.22448979591836735,-0.021021162164075062,-0.0226266266606601,0.0,7.64
0.22448979591836735,0.2653061224489796,-0.03735266370790032,-0.03609040450832561,0.0,3.38
0.22448979591836735,0.30612244897959184,-0.0482438753525652,-0.051798145330602056,0.0,7.37
0.22448979591836735,0.3469387755102041,-0.06412654229765817,-0.06974984912748941,0.01,8.77
0.22448979591836735,0.3877551020408163,-0.08209290950369544,-0.08994551589898768,0.01,9.57
0.22448979591836735,0.42857142857142855,-0.10707745704777742,-0.11238514564509686,0.01,4.96
0.22448979591836735,0.46938775510204084,-0.13233574637327977,-0.13706873836581698,0.0,3.58
0.22448979591836735,0.5102040816326531,-0.15456062384519095,-0.16399629406114793,0.01,6.1
0.22448979591836735,0.5510204081632653,-0.18533110548647455,-0.19316781273108988,0.01,4.23
0.22448979591836735,0.5918367346938775,-0.2120115939074294,-0.2245832943756428,0.01,5.93
0.22448979591836735,0.6326530612244898,-0.2447077554302614,-0.25824273899480654,0.01,5.53
0.22448979591836735,0.673469387755102,-0.2770733678147929,-0.29414614658858135,0.02,6.16
0.22448979591836735,0.7142857142857143,-0.31578349179863013,-0.33229351715696687,0.02,5.23
0.22448979591836735,0.7551020408163265,-0.3554076750465265,-0.3726848506999635,0.02,4.86
0.22448979591836735,0.7959183673469388,-0.3934316523872612,-0.4153201472175709,0.02,5.56
0.22448979591836735,0.8367346938775511,-0.4326471313116464,-0.46019940670978926,0.03,6.37
0.22448979591836735,0.8775510204081632,-0.47920209446992734,-0.5073226291766187,0.03,5.87
0.22448979591836735,0.9183673469387755,-0.5240790950785982,-0.5566898146180589,0.03,6.22
0.22448979591836735,0.9591836734693877,-0.5731939235115889,-0.6083009630341103,0.04,6.12
0.2653061224489796,-0.9591836734693877,-0.6693811609971132,-0.7135972256457772,0.04,6.61
0.2653061224489796,-0.9183673469387755,-0.6172648867084725,-0.652602232063171,0.04,5.72
0.2653061224489796,-0.8775510204081632,-0.5619788665546788,-0.5942591947232869,0.03,5.74
0.2653061224489796,-0.8367346938775511,-0.5108396738734412,-0.5385681136261252,0.03,5.43
0.2653061224489796,-0.7959183673469388,-0.4614434600875496,-0.4855289887716854,0.02,5.22
0.2653061224489796,-0.7551020408163265,-0.4131134520969894,-0.4351418201599674,0.02,5.33
0.2653061224489796,-0.7142857142857143,-0.36312615605632004,-0.3874066077909714,0.02,6.69
0.2653061224489796,-0.673469387755102,-0.3232310003195344,-0.34232335166469763,0.02,5.91
0.2653061224489796,-0.6326530612244898,-0.2837274845218437,-0.2998920517811457,0.02,5.7
0.2653061224489796,-0.5918367346938775,-0.24566152338296812,-0.26011270814031573,0.01,5.88
0.2653061224489796,-0.5510204081632653,-0.20811615596510968,-0.2229853207422077,0.01,7.14
0.2653061224489796,-0.5102040816326531,-0.1792087145262412,-0.18850988958682183,0.01,5.19
0.2653061224489796,-0.46938775510204084,-0.14912704507969976,-0.15668641467415786,0.01,5.07
0.2653061224489796,-0.42857142857142855,-0.12317127508706915,-0.12751489600421587,0.0,3.53
0.2653061224489796,-0.3877551020408163,-0.09872561299585571,-0.100995333576996,0.0,2.3
0.2653061224489796,-0.3469387755102041,-0.06976707731005613,-0.077127727392498,0.01,10.55
0.2653061224489796,-0.30612244897959184,-0.05297928622940713,-0.055912077450722054,0.0,5.54
0.2653061224489796,-0.2653061224489796,-0.03592577246386913,-0.03734838375166811,0.0,3.96
0.2653061224489796,-0.22448979591836735,-0.016736489239851958,-0.021436646295336117,0.0,28.08
0.2653061224489796,-0.1836734693877551,-0.008082462195179276,-0.00817686508172615,0.0,1.17
0.2653061224489796,-0.14285714285714285,-0.00013676371862323365,0.0024309598891618287,0.0,1877.49
0.2653061224489796,-0.10204081632653061,0.014715106952709315,0.010386828617327816,0.0,29.41
0.2653061224489796,-0.061224489795918366,0.01382080469136537,0.01569074110277181,0.0,13.53
0.2653061224489796,-0.02040816326530612,0.015190276987226692,0.0183426973454938,0.0,20.75
0.2653061224489796,0.02040816326530612,0.017044570355118166,0.0183426973454938,0.0,7.62
0.2653061224489796,0.061224489795918366,0.01649842806214241,0.01569074110277181,0.0,4.9
0.2653061224489796,0.10204081632653061,0.009741815505449985,0.010386828617327816,0.0,6.62
0.2653061224489796,0.14285714285714285,0.004190722131678282,0.0024309598891618287,0.0,41.99
0.2653061224489796,0.1836734693877551,-0.010171609817673323,-0.00817686508172615,0.0,19.61
0.2653061224489796,0.22448979591836735,-0.019414745804074558,-0.021436646295336117,0.0,10.41
0.2653061224489796,0.2653061224489796,-0.03424326974021459,-0.03734838375166811,0.0,9.07
0.2653061224489796,0.30612244897959184,-0.052627199364487655,-0.055912077450722054,0.0,6.24
0.2653061224489796,0.3469387755102041,-0.07285789219039675,-0.077127727392498,0.0,5.86
0.2653061224489796,0.3877551020408163,-0.09693861886261904,-0.100995333576996,0.0,4.18
0.2653061224489796,0.42857142857142855,-0.11571104363237801,-0.12751489600421587,0.01,10.2
0.2653061224489796,0.46938775510204084,-0.14988890342086075,-0.15668641467415786,0.01,4.54
0.2653061224489796,0.5102040816326531,-0.17987807887935908,-0.18850988958682183,0.01,4.8
0.2653061224489796,0.5510204081632653,-0.21126988453113893,-0.2229853207422077,0.01,5.55
0.2653061224489796,0.5918367346938775,-0.24470268226340944,-0.26011270814031573,0.02,6.3
0.2653061224489796,0.6326530612244898,-0.2821799393350092,-0.2998920517811457,0.02,6.28
0.2653061224489796,0.673469387755102,-0.3282314447315705,-0.34232335166469763,0.01,4.29
0.2653061224489796,0.7142857142857143,-0.3646889532940188,-0.3874066077909714,0.02,6.23
0.2653061224489796,0.7551020408163265,-0.4080323041110042,-0.4351418201599674,0.03,6.64
0.2653061224489796,0.7959183673469388,-0.458061667376611,-0.4855289887716854,0.03,6.0
0.2653061224489796,0.8367346938775511,-0.5081467463472588,-0.5385681136261252,0.03,5.99
0.2653061224489796,0.8775510204081632,-0.5588090413225021,-0.5942591947232869,0.04,6.34
0.2653061224489796,0.9183673469387755,-0.6169629196760817,-0.652602232063171,0.04,5.78
0.2653061224489796,0.9591836734693877,-0.6693410354155566,-0.7135972256457772,0.04,6.61
0.30612244897959184,-0.9183673469387755,-0.7063155214446518,-0.7458626932655613,0.04,5.6
0.30612244897959184,-0.8775510204081632,-0.6439368093259283,-0.6785438040272331,0.03,5.37
0.30612244897959184,-0.8367346938775511,-0.5817120652676717,-0.6142848642997392,0.03,5.6
0.30612244897959184,-0.7959183673469388,-0.5242163920539811,-0.5530858740830776,0.03,5.51
0.30612244897959184,-0.7551020408163265,-0.46509076441150227,-0.4949468333772494,0.03,6.42
0.30612244897959184,-0.7142857142857143,-0.4144031774860838,-0.439867742182254,0.03,6.14
0.30612244897959184,-0.673469387755102,-0.3671550422721138,-0.3878486004980919,0.02,5.64
0.30612244897959184,-0.6326530612244898,-0.3244416789908673,-0.33888940832476266,0.01,4.45
0.30612244897959184,-0.5918367346938775,-0.2729412274766192,-0.2929901656622665,0.02,7.35
0.30612244897959184,-0.5510204081632653,-0.23588789810187477,-0.25015087251060353,0.01,6.05
0.30612244897959184,-0.5102040816326531,-0.2016032966844031,-0.2103715288697736,0.01,4.35
0.30612244897959184,-0.46938775510204084,-0.16317361388121798,-0.17365213473977686,0.01,6.42
0.30612244897959184,-0.42857142857142855,-0.127169514338094,-0.13999269012061297,0.01,10.08
0.30612244897959184,-0.3877551020408163,-0.10270403262633956,-0.10939319501228227,0.01,6.51
0.30612244897959184,-0.3469387755102041,-0.07742001947152054,-0.08185364941478467,0.0,5.73
0.30612244897959184,-0.30612244897959184,-0.05600698412848991,-0.05737405332812007,0.0,2.44
0.30612244897959184,-0.2653061224489796,-0.03571731218317641,-0.03595440675228859,0.0,0.66
0.30612244897959184,-0.22448979591836735,-0.016170604373256094,-0.017594709687290155,0.0,8.81
0.30612244897959184,-0.1836734693877551,-0.000965301605951421,-0.002294962133124809,0.0,137.75
0.30612244897959184,-0.14285714285714285,0.01087663544360894,0.009944835910207483,0.0,8.57
0.30612244897959184,-0.10204081632653061,0.019485008848811304,0.019124684442706697,0.0,1.85
0.30612244897959184,-0.061224489795918366,0.02460567616039587,0.02524458346437284,0.0,2.6
0.30612244897959184,-0.02040816326530612,0.02038518966810357,0.028304532975205906,0.01,38.85
0.30612244897959184,0.02040816326530612,0.027772912699228026,0.028304532975205906,0.0,1.91
0.30612244897959184,0.061224489795918366,0.023688813472841064,0.02524458346437284,0.0,6.57
0.30612244897959184,0.10204081632653061,0.01635398085503629,0.019124684442706697,0.0,16.94
0.30612244897959184,0.14285714285714285,0.009681624095115735,0.009944835910207483,0.0,2.72
0.30612244897959184,0.1836734693877551,-0.004254581251836942,-0.002294962133124809,0.0,46.06
0.30612244897959184,0.22448979591836735,-0.013799947925207456,-0.017594709687290155,0.0,27.5
0.30612244897959184,0.2653061224489796,-0.035363070866021334,-0.03595440675228859,0.0,1.67
0.30612244897959184,0.30612244897959184,-0.059534753732240764,-0.05737405332812007,0.0,3.63
0.30612244897959184,0.3469387755102041,-0.08043558505715162,-0.08185364941478467,0.0,1.76
0.30612244897959184,0.3877551020408163,-0.10474953376935374,-0.10939319501228227,0.0,4.43
0.30612244897959184,0.42857142857142855,-0.13283537979775778,-0.13999269012061297,0.01,5.39
0.30612244897959184,0.46938775510204084,-0.1645895933463913,-0.17365213473977686,0.01,5.51
0.30612244897959184,0.5102040816326531,-0.1995259402711702,-0.2103715288697736,0.01,5.44
0.30612244897959184,0.5510204081632653,-0.2371520440938915,-0.25015087251060353,0.01,5.48
0.30612244897959184,0.5918367346938775,-0.2802798879431887,-0.2929901656622665,0.01,4.53
0.30612244897959184,0.6326530612244898,-0.31949724062512,-0.33888940832476266,0.02,6.07
0.30612244897959184,0.673469387755102,-0.3664176541815389,-0.3878486004980919,0.02,5.85
0.30612244897959184,0.7142857142857143,-0.4158428252606393,-0.439867742182254,0.02,5.78
0.30612244897959184,0.7551020408163265,-0.46666131072258976,-0.4949468333772494,0.03,6.06
0.30612244897959184,0.7959183673469388,-0.5216596145753875,-0.5530858740830776,0.03,6.02
0.30612244897959184,0.8367346938775511,-0.5818168842806203,-0.6142848642997392,0.03,5.58
0.30612244897959184,0.8775510204081632,-0.6406302980091126,-0.6785438040272331,0.04,5.92
0.30612244897959184,0.9183673469387755,-0.7058231692728844,-0.7458626932655613,0.04,5.67
0.3469387755102041,-0.9183673469387755,-0.7887613369279803,-0.8360632049571181,0.05,6.0
0.3469387755102041,-0.8775510204081632,-0.7176790414810278,-0.7597684638203469,0.04,5.86
0.3469387755102041,-0.8367346938775511,-0.6485100287496419,-0.6869416654625198,0.04,5.93
0.3469387755102041,-0.7959183673469388,-0.5835329505227221,-0.6175828098836368,0.03,5.84
0.3469387755102041,-0.7551020408163265,-0.521778946176679,-0.551691897083698,0.03,5.73
0.3469387755102041,-0.7142857142857143,-0.4645721815902079,-0.48926892706270336,0.02,5.32
0.3469387755102041,-0.673469387755102,-0.40808233535175054,-0.4303138998206529,0.02,5.45
0.3469387755102041,-0.6326530612244898,-0.35881166126026215,-0.37482681535754664,0.02,4.46
0.3469387755102041,-0.5918367346938775,-0.305019073706316,-0.3228076736733845,0.02,5.83
0.3469387755102041,-0.5510204081632653,-0.26510841768875454,-0.27425647476816617,0.01,3.45
0.3469387755102041,-0.5102040816326531,-0.21706286222183824,-0.22917321864189247,0.01,5.58
0.3469387755102041,-0.46938775510204084,-0.17958654680203645,-0.1875579052945626,0.01,4.44
0.3469387755102041,-0.42857142857142855,-0.13856527725434326,-0.14941053472617696,0.01,7.83
0.3469387755102041,-0.3877551020408163,-0.10991208943606565,-0.1147311069367355,0.0,4.38
0.3469387755102041,-0.3469387755102041,-0.07957398098302537,-0.0835196219262382,0.0,4.96
0.3469387755102041,-0.30612244897959184,-0.05062089352611569,-0.05577607969468508,0.01,10.18
0.3469387755102041,-0.2653061224489796,-0.029748688536284363,-0.03150048024207601,0.0,5.89
0.3469387755102041,-0.22448979591836735,-0.011479225673155544,-0.01069282356841113,0.0,6.85
0.3469387755102041,-0.1836734693877551,0.005736230871627157,0.006646890326309613,0.0,15.88
0.3469387755102041,-0.14285714285714285,0.019913046914056074,0.02051866144208621,0.0,3.04
0.3469387755102041,-0.10204081632653061,0.026966884619857613,0.03092248977891865,0.0,14.67
0.3469387755102041,-0.061224489795918366,0.03500303857428375,0.03785837533680694,0.0,8.16
0.3469387755102041,-0.02040816326530612,0.041923986459260446,0.04132631811575109,0.0,1.43
0.3469387755102041,0.02040816326530612,0.03965972024040529,0.04132631811575109,0.0,4.2
0.3469387755102041,0.061224489795918366,0.0340625135963491,0.03785837533680694,0.0,11.14
0.3469387755102041,0.10204081632653061,0.02750795388053142,0.03092248977891865,0.0,12.41
0.3469387755102041,0.14285714285714285,0.019643537388841614,0.02051866144208621,0.0,4.46
0.3469387755102041,0.1836734693877551,0.00784178786622538,0.006646890326309613,0.0,15.24
0.3469387755102041,0.22448979591836735,-0.010655099955033848,-0.01069282356841113,0.0,0.35
0.3469387755102041,0.2653061224489796,-0.02941238588387619,-0.03150048024207601,0.0,7.1
0.3469387755102041,0.30612244897959184,-0.05465091692026984,-0.05577607969468508,0.0,2.06
0.3469387755102041,0.3469387755102041,-0.08258028623531154,-0.0835196219262382,0.0,1.14
0.3469387755102041,0.3877551020408163,-0.10776297349125649,-0.1147311069367355,0.01,6.47
0.3469387755102041,0.42857142857142855,-0.141649255861452,-0.14941053472617696,0.01,5.48
0.3469387755102041,0.46938775510204084,-0.17972881901586577,-0.1875579052945626,0.01,4.36
0.3469387755102041,0.5102040816326531,-0.2194762232978295,-0.22917321864189247,0.01,4.42
0.3469387755102041,0.5510204081632653,-0.2576094882294425,-0.27425647476816617,0.02,6.46
0.3469387755102041,0.5918367346938775,-0.30215352487976543,-0.3228076736733845,0.02,6.84
0.3469387755102041,0.6326530612244898,-0.3524057765084825,-0.37482681535754664,0.02,6.36
0.3469387755102041,0.673469387755102,-0.4070922357783446,-0.4303138998206529,0.02,5.7
0.3469387755102041,0.7142857142857143,-0.461413246897596,-0.48926892706270336,0.03,6.04
0.3469387755102041,0.7551020408163265,-0.5231318157646269,-0.551691897083698,0.03,5.46
0.3469387755102041,0.7959183673469388,-0.5852020121722539,-0.6175828098836368,0.03,5.53
0.3469387755102041,0.8367346938775511,-0.6489871079106682,-0.6869416654625198,0.04,5.85
0.3469387755102041,0.8775510204081632,-0.7154597203929559,-0.7597684638203469,0.04,6.19
0.3469387755102041,0.9183673469387755,-0.7885026442945665,-0.8360632049571181,0.05,6.03
0.3877551020408163,-0.9183673469387755,-0.864748025176181,-0.9227957738697311,0.06,6.71
0.3877551020408163,-0.8775510204081632,-0.791623161723295,-0.8375251808345161,0.05,5.8
0.3877551020408163,-0.8367346938775511,-0.7151973654023769,-0.7561305238463566,0.04,5.72
0.3877551020408163,-0.7959183673469388,-0.6411796484573673,-0.678611802905252,0.04,5.84
0.3877551020408163,-0.7551020408163265,-0.5689664173557917,-0.6049690180112027,0.04,6.33
0.3877551020408163,-0.7142857142857143,-0.5048406361357147,-0.5352021691642088,0.03,6.01
0.3877551020408163,-0.673469387755102,-0.44346234101162596,-0.46931125636426996,0.03,5.83
0.3877551020408163,-0.6326530612244898,-0.3869599376278258,-0.4072962796113865,0.02,5.26
0.3877551020408163,-0.5918367346938775,-0.3314268518165642,-0.34915723890555805,0.02,5.35
0.3877551020408163,-0.5510204081632653,-0.27616993151144154,-0.2948941342467849,0.02,6.78
0.3877551020408163,-0.5102040816326531,-0.23206467228040836,-0.24450696563506708,0.01,5.36
0.3877551020408163,-0.46938775510204084,-0.18495588177583705,-0.19799573307040433,0.01,7.05
0.3877551020408163,-0.42857142857142855,-0.14809232865739835,-0.1553604365527968,0.01,4.91
0.3877551020408163,-0.3877551020408163,-0.1104751601582497,-0.11660107608224465,0.01,5.55
0.3877551020408163,-0.3469387755102041,-0.07688646607387559,-0.08171765165874763,0.0,6.28
0.3877551020408163,-0.30612244897959184,-0.04492963553575832,-0.05071016328230581,0.01,12.87
0.3877551020408163,-0.2653061224489796,-0.020330526948530808,-0.02357861095291929,0.0,15.98
0.3877551020408163,-0.22448979591836735,0.0006663276335038857,-0.00032299467058793995,0.0,148.47
0.3877551020408163,-0.1836734693877551,0.017827470261514346,0.019056685564688175,0.0,6.9
0.3877551020408163,-0.14285714285714285,0.0313766314349057,0.03456042975290909,0.0,10.15
0.3877551020408163,-0.10204081632653061,0.03919474849780889,0.046188237894074724,0.01,17.84
0.3877551020408163,-0.061224489795918366,0.050951555773361766,0.053940109988185186,0.0,5.87
0.3877551020408163,-0.02040816326530612,0.05122980433516701,0.0578160460352404,0.01,12.86
0.3877551020408163,0.02040816326530612,0.054318959041010736,0.0578160460352404,0.0,6.44
0.3877551020408163,0.061224489795918366,0.04864768023102663,0.053940109988185186,0.01,10.88
0.3877551020408163,0.10204081632653061,0.040036859423809884,0.046188237894074724,0.01,15.36
0.3877551020408163,0.14285714285714285,0.032114198905612866,0.03456042975290909,0.0,7.62
0.3877551020408163,0.1836734693877551,0.018218721175128915,0.019056685564688175,0.0,4.6
0.3877551020408163,0.22448979591836735,0.0025538547533687185,-0.00032299467058793995,0.0,112.65
0.3877551020408163,0.2653061224489796,-0.029179920776469238,-0.02357861095291929,0.01,19.2
0.3877551020408163,0.30612244897959184,-0.045288518259653375,-0.05071016328230581,0.01,11.97
0.3877551020408163,0.3469387755102041,-0.07881578908267882,-0.08171765165874763,0.0,3.68
0.3877551020408163,0.3877551020408163,-0.11193305577263986,-0.11660107608224465,0.0,4.17
0.3877551020408163,0.42857142857142855,-0.14609312667878344,-0.1553604365527968,0.01,6.34
0.3877551020408163,0.46938775510204084,-0.19071363618277426,-0.19799573307040433,0.01,3.82
0.3877551020408163,0.5102040816326531,-0.23088407139678985,-0.24450696563506708,0.01,5.9
0.3877551020408163,0.5510204081632653,-0.28168270401256035,-0.2948941342467849,0.01,4.69
0.3877551020408163,0.5918367346938775,-0.3332158451525441,-0.34915723890555805,0.02,4.78
0.3877551020408163,0.6326530612244898,-0.38603782839710526,-0.4072962796113865,0.02,5.51
0.3877551020408163,0.673469387755102,-0.4457021768685657,-0.46931125636426996,0.02,5.3
0.3877551020408163,0.7142857142857143,-0.5054448482798601,-0.5352021691642088,0.03,5.89
0.3877551020408163,0.7551020408163265,-0.5710272062912762,-0.6049690180112027,0.03,5.94
0.3877551020408163,0.7959183673469388,-0.6400176110609418,-0.678611802905252,0.04,6.03
0.3877551020408163,0.8367346938775511,-0.7137386260855176,-0.7561305238463566,0.04,5.94
0.3877551020408163,0.8775510204081632,-0.7926866894931466,-0.8375251808345161,0.04,5.66
0.3877551020408163,0.9183673469387755,-0.8643170024722169,-0.9227957738697311,0.06,6.77
0.42857142857142855,-0.8775510204081632,-0.8618490555499555,-0.9114059618016301,0.05,5.75
0.42857142857142855,-0.8367346938775511,-0.7786275279137931,-0.821443446183138,0.04,5.5
0.42857142857142855,-0.7959183673469388,-0.6962647056137387,-0.7357648598798118,0.04,5.67
0.42857142857142855,-0.7551020408163265,-0.6180598644390447,-0.6543702028916523,0.04,5.87
0.42857142857142855,-0.7142857142857143,-0.5445494186785408,-0.5772594752186587,0.03,6.01
0.42857142857142855,-0.673469387755102,-0.47699647133728806,-0.5044326768608317,0.03,5.75
0.42857142857142855,-0.6326530612244898,-0.4143244459687881,-0.43588980781817094,0.02,5.2
0.42857142857142855,-0.5918367346938775,-0.3495920329174704,-0.37163086809067647,0.02,6.3
0.42857142857142855,-0.5510204081632653,-0.296105696040297,-0.31165585767834825,0.02,5.25
0.42857142857142855,-0.5102040816326531,-0.24466713529914136,-0.2559647765811864,0.01,4.62
0.42857142857142855,-0.46938775510204084,-0.1955996029301149,-0.2045576247991908,0.01,4.58
0.42857142857142855,-0.42857142857142855,-0.14639699971478232,-0.15743440233236144,0.01,7.54
0.42857142857142855,-0.3877551020408163,-0.11128762376752102,-0.11459510918069843,0.0,2.97
0.42857142857142855,-0.3469387755102041,-0.07059080771754485,-0.07603974534420183,0.01,7.72
0.42857142857142855,-0.30612244897959184,-0.04126056589091574,-0.04176831082287144,0.0,1.23
0.42857142857142855,-0.2653061224489796,-0.008822955969636557,-0.011780805616707342,0.0,33.52
0.42857142857142855,-0.22448979591836735,0.011653424167809824,0.013922770274290463,0.0,19.47
0.42857142857142855,-0.1836734693877551,0.03680278091344623,0.035342416850121953,0.0,3.97
0.42857142857142855,-0.14285714285714285,0.04824974450419232,0.05247813411078716,0.0,8.76
0.42857142857142855,-0.10204081632653061,0.0630630501838151,0.06532992205628606,0.0,3.59
0.42857142857142855,-0.061224489795918366,0.06860714667917571,0.07389778068661865,0.01,7.71
0.42857142857142855,-0.02040816326530612,0.0715299097188102,0.07818171000178495,0.01,9.3
0.42857142857142855,0.02040816326530612,0.0721515160131897,0.07818171000178495,0.01,8.36
0.42857142857142855,0.061224489795918366,0.07388492751163125,0.07389778068661865,0.0,0.02
0.42857142857142855,0.10204081632653061,0.06451398186255611,0.06532992205628606,0.0,1.26
0.42857142857142855,0.14285714285714285,0.048863557405940276,0.05247813411078716,0.0,7.4
0.42857142857142855,0.1836734693877551,0.0345242179655127,0.035342416850121953,0.0,2.37
0.42857142857142855,0.22448979591836735,0.014415570287231283,0.013922770274290463,0.0,3.42
0.42857142857142855,0.2653061224489796,-0.009377094137156766,-0.011780805616707342,0.0,25.63
0.42857142857142855,0.30612244897959184,-0.03743968058862656,-0.04176831082287144,0.0,11.56
0.42857142857142855,0.3469387755102041,-0.07340368241395781,-0.07603974534420183,0.0,3.59
0.42857142857142855,0.3877551020408163,-0.11061912376645289,-0.11459510918069843,0.0,3.59
0.42857142857142855,0.42857142857142855,-0.14678148518682996,-0.15743440233236144,0.01,7.26
0.42857142857142855,0.46938775510204084,-0.19046780503766583,-0.2045576247991908,0.01,7.4
0.42857142857142855,0.5102040816326531,-0.24718695449638814,-0.2559647765811864,0.01,3.55
0.42857142857142855,0.5510204081632653,-0.29487157942626474,-0.31165585767834825,0.02,5.69
0.42857142857142855,0.5918367346938775,-0.3497705110911558,-0.37163086809067647,0.02,6.25
0.42857142857142855,0.6326530612244898,-0.4115958035482019,-0.43588980781817094,0.02,5.9
0.42857142857142855,0.673469387755102,-0.4765179978638824,-0.5044326768608317,0.03,5.86
0.42857142857142855,0.7142857142857143,-0.5443894788543487,-0.5772594752186587,0.03,6.04
0.42857142857142855,0.7551020408163265,-0.6194664879323566,-0.6543702028916523,0.03,5.63
0.42857142857142855,0.7959183673469388,-0.6972049572300666,-0.7357648598798118,0.04,5.53
0.42857142857142855,0.8367346938775511,-0.7761281450188099,-0.821443446183138,0.05,5.84
0.42857142857142855,0.8775510204081632,-0.8592933607792503,-0.9114059618016301,0.05,6.06
0.46938775510204084,-0.8775510204081632,-0.9191320854399081,-0.9810028134535779,0.06,6.73
0.46938775510204084,-0.8367346938775511,-0.8352844710789645,-0.8824724392047532,0.05,5.65
0.46938775510204084,-0.7959183673469388,-0.7459339821679003,-0.7886339875392055,0.04,5.72
0.46938775510204084,-0.7551020408163265,-0.6617397373786645,-0.6994874584569353,0.04,5.7
0.46938775510204084,-0.7142857142857143,-0.5819007188264033,-0.6150328519579427,0.03,5.69
0.46938775510204084,-0.673469387755102,-0.5052684898513569,-0.5352701680422273,0.03,5.94
0.46938775510204084,-0.6326530612244898,-0.4387253279108549,-0.4601994067097893,0.02,4.89
0.46938775510204084,-0.5918367346938775,-0.366608198812845,-0.38982056796062864,0.02,6.33
0.46938775510204084,-0.5510204081632653,-0.3085359695657427,-0.32413365179474535,0.02,5.06
0.46938775510204084,-0.5102040816326531,-0.2496255396282629,-0.26313865821213944,0.01,5.41
0.46938775510204084,-0.46938775510204084,-0.193462259209631,-0.20683558721281098,0.01,6.91
0.46938775510204084,-0.42857142857142855,-0.14889567675521698,-0.15522443879675982,0.01,4.25
0.46938775510204084,-0.3877551020408163,-0.10280825547526391,-0.1083052129639861,0.01,5.35
0.46938775510204084,-0.3469387755102041,-0.06523907049467827,-0.06607790971448967,0.0,1.29
0.46938775510204084,-0.30612244897959184,-0.02709169865550886,-0.028542529048270714,0.0,5.36
0.46938775510204084,-0.2653061224489796,0.0009506079746454301,0.004300929034670981,0.0,352.44
0.46938775510204084,-0.22448979591836735,0.027291094344993338,0.0324524645343352,0.01,18.91
0.46938775510204084,-0.1836734693877551,0.05154192087171816,0.05591207745072207,0.0,8.48
0.46938775510204084,-0.14285714285714285,0.07066745668766392,0.07467976778383159,0.0,5.68
0.46938775510204084,-0.10204081632653061,0.08345420909230386,0.0887555355336637,0.01,6.35
0.46938775510204084,-0.061224489795918366,0.0955050712084392,0.09813938070021845,0.0,2.76
0.46938775510204084,-0.02040816326530612,0.09475474996910441,0.10283130328349584,0.01,8.52
0.46938775510204084,0.02040816326530612,0.10048254529491488,0.10283130328349584,0.0,2.34
0.46938775510204084,0.061224489795918366,0.08997032317463848,0.09813938070021845,0.01,9.08
0.46938775510204084,0.10204081632653061,0.08149212538117187,0.0887555355336637,0.01,8.91
0.46938775510204084,0.14285714285714285,0.06720093816372931,0.07467976778383159,0.01,11.13
0.46938775510204084,0.1836734693877551,0.0561214088658322,0.05591207745072207,0.0,0.37
0.46938775510204084,0.22448979591836735,0.025128041327296236,0.0324524645343352,0.01,29.15
0.46938775510204084,0.2653061224489796,0.006166056625661043,0.004300929034670981,0.0,30.25
0.46938775510204084,0.30612244897959184,-0.024790739915227778,-0.028542529048270714,0.0,15.13
0.46938775510204084,0.3469387755102041,-0.05704215490236168,-0.06607790971448967,0.01,15.84
0.46938775510204084,0.3877551020408163,-0.10476926498022451,-0.1083052129639861,0.0,3.37
0.46938775510204084,0.42857142857142855,-0.14692105350738283,-0.15522443879675982,0.01,5.65
0.46938775510204084,0.46938775510204084,-0.19584371614764615,-0.20683558721281098,0.01,5.61
0.46938775510204084,0.5102040816326531,-0.24986227079054016,-0.26313865821213944,0.01,5.31
0.46938775510204084,0.5510204081632653,-0.3042230031922963,-0.32413365179474535,0.02,6.54
0.46938775510204084,0.5918367346938775,-0.37201516141172203,-0.38982056796062864,0.02,4.79
0.46938775510204084,0.6326530612244898,-0.4339727809148413,-0.4601994067097893,0.03,6.04
0.46938775510204084,0.673469387755102,-0.5044035601625299,-0.5352701680422273,0.03,6.12
0.46938775510204084,0.7142857142857143,-0.5797775914443155,-0.6150328519579427,0.04,6.08
0.46938775510204084,0.7551020408163265,-0.6626164467880271,-0.6994874584569353,0.04,5.56
0.46938775510204084,0.7959183673469388,-0.7444976187236344,-0.7886339875392055,0.04,5.93
0.46938775510204084,0.8367346938775511,-0.8348479942975107,-0.8824724392047532,0.05,5.7
0.46938775510204084,0.8775510204081632,-0.9187289578986897,-0.9810028134535779,0.06,6.78
0.5102040816326531,-0.8367346938775511,-0.8858407117689916,-0.9388095096430911,0.05,5.98
0.5102040816326531,-0.7959183673469388,-0.7922611034707714,-0.8368111926153217,0.04,5.62
0.5102040816326531,-0.7551020408163265,-0.7000672977585333,-0.739912791438941,0.04,5.69
0.5102040816326531,-0.7142857142857143,-0.6139524906589255,-0.6481143061139489,0.03,5.56
0.5102040816326531,-0.673469387755102,-0.5320161626224923,-0.5614157366403455,0.03,5.53
0.5102040816326531,-0.6326530612244898,-0.4534076455666267,-0.4798170830181303,0.03,5.82
0.5102040816326531,-0.5918367346938775,-0.3826432467126978,-0.40331834524730337,0.02,5.4
0.5102040816326531,-0.5510204081632653,-0.3154977655579657,-0.33191952332786495,0.02,5.21
0.5102040816326531,-0.5102040816326531,-0.24915816416621478,-0.26562061725981523,0.02,6.61
0.5102040816326531,-0.46938775510204084,-0.19532193559186403,-0.20442162704315375,0.01,4.66
0.5102040816326531,-0.42857142857142855,-0.13773261775248413,-0.14832255267788072,0.01,7.69
0.5102040816326531,-0.3877551020408163,-0.09078589790871669,-0.09732339416399634,0.01,7.2
0.5102040816326531,-0.3469387755102041,-0.046453123615114694,-0.05142415150150024,0.0,10.7
0.5102040816326531,-0.30612244897959184,-0.011232670877822586,-0.010624824690392635,0.0,5.41
0.5102040816326531,-0.2653061224489796,0.023646129902568758,0.025074586269326536,0.0,6.04
0.5102040816326531,-0.22448979591836735,0.0517612438672056,0.055674081377657246,0.0,7.56
0.5102040816326531,-0.1836734693877551,0.07346060069439561,0.08117366063459959,0.01,10.5
0.5102040816326531,-0.14285714285714285,0.09464356164238145,0.10157332404015339,0.01,7.32
0.5102040816326531,-0.10204081632653061,0.11223413762033825,0.11687307159431871,0.0,4.13
0.5102040816326531,-0.061224489795918366,0.11977924216134091,0.12707290329709564,0.01,6.09
0.5102040816326531,-0.02040816326530612,0.12760811997425464,0.13217281914848408,0.0,3.58
0.5102040816326531,0.02040816326530612,0.12110878522274193,0.13217281914848408,0.01,9.14
0.5102040816326531,0.061224489795918366,0.12042703670471658,0.12707290329709564,0.01,5.52
0.5102040816326531,0.10204081632653061,0.11610245758566973,0.11687307159431871,0.0,0.66
0.5102040816326531,0.14285714285714285,0.09654000559959952,0.10157332404015339,0.01,5.21
0.5102040816326531,0.1836734693877551,0.07501686871190891,0.08117366063459959,0.01,8.21
0.5102040816326531,0.22448979591836735,0.05430401522365754,0.055674081377657246,0.0,2.52
0.5102040816326531,0.2653061224489796,0.02637993219151292,0.025074586269326536,0.0,4.95
0.5102040816326531,0.30612244897959184,-0.012872288604864765,-0.010624824690392635,0.0,17.46
0.5102040816326531,0.3469387755102041,-0.04973438216569974,-0.05142415150150024,0.0,3.4
0.5102040816326531,0.3877551020408163,-0.09307331061763294,-0.09732339416399634,0.0,4.57
0.5102040816326531,0.42857142857142855,-0.1392785781127878,-0.14832255267788072,0.01,6.49
0.5102040816326531,0.46938775510204084,-0.19120454177453763,-0.20442162704315375,0.01,6.91
0.5102040816326531,0.5102040816326531,-0.2486875041122743,-0.26562061725981523,0.02,6.81
0.5102040816326531,0.5510204081632653,-0.3147384600272455,-0.33191952332786495,0.02,5.46
0.5102040816326531,0.5918367346938775,-0.38359385652233624,-0.40331834524730337,0.02,5.14
0.5102040816326531,0.6326530612244898,-0.4581195022272305,-0.4798170830181303,0.02,4.74
0.5102040816326531,0.673469387755102,-0.529752031796819,-0.5614157366403455,0.03,5.98
0.5102040816326531,0.7142857142857143,-0.6126132127347553,-0.6481143061139489,0.04,5.8
0.5102040816326531,0.7551020408163265,-0.699137990208848,-0.739912791438941,0.04,5.83
0.5102040816326531,0.7959183673469388,-0.7940524739706931,-0.8368111926153217,0.04,5.38
0.5102040816326531,0.8367346938775511,-0.8856490726281108,-0.9388095096430911,0.05,6.0
0.5510204081632653,-0.7959183673469388,-0.8304392188108549,-0.8798884818400495,0.05,5.95
0.5510204081632653,-0.7551020408163265,-0.7334594475170078,-0.7752382085695585,0.04,5.7
0.5510204081632653,-0.7142857142857143,-0.6388197574223613,-0.6760958444185671,0.04,5.84
0.5510204081632653,-0.673469387755102,-0.54912314548878,-0.5824613893870749,0.03,6.07
0.5510204081632653,-0.6326530612244898,-0.47029121821581554,-0.4943348434750828,0.02,5.11
0.5510204081632653,-0.5918367346938775,-0.39126167932462474,-0.41171620668258985,0.02,5.23
0.5510204081632653,-0.5510204081632653,-0.3180515994731613,-0.33460547900959625,0.02,5.2
0.5510204081632653,-0.5102040816326531,-0.24611648171282466,-0.26300266045610243,0.02,6.86
0.5510204081632653,-0.46938775510204084,-0.18320010575189488,-0.19690775102210825,0.01,7.48
0.5510204081632653,-0.42857142857142855,-0.1272748569899747,-0.13632075070761324,0.01,7.11
0.5510204081632653,-0.3877551020408163,-0.07616927976979879,-0.08124165951261808,0.01,6.66
0.5510204081632653,-0.3469387755102041,-0.0250310443841815,-0.03167047743712234,0.01,26.52
0.5510204081632653,-0.30612244897959184,0.012043110811829778,0.012392795518873918,0.0,2.9
0.5510204081632653,-0.2653061224489796,0.04957051079771921,0.050948159355370615,0.0,2.78
0.5510204081632653,-0.22448979591836735,0.08022233433060738,0.08399561407236777,0.0,4.7
0.5510204081632653,-0.1836734693877551,0.104365945594066,0.11153515966986538,0.01,6.87
0.5510204081632653,-0.14285714285714285,0.12522777577682853,0.13356679614786357,0.01,6.66
0.5510204081632653,-0.10204081632653061,0.14280426508046845,0.1500905235063621,0.01,5.1
0.5510204081632653,-0.061224489795918366,0.15144706786667325,0.1611063417453611,0.01,6.38
0.5510204081632653,-0.02040816326530612,0.15657609232761835,0.16661425086486067,0.01,6.41
0.5510204081632653,0.02040816326530612,0.15883910720006045,0.16661425086486067,0.01,4.89
0.5510204081632653,0.061224489795918366,0.1514375067481142,0.1611063417453611,0.01,6.38
0.5510204081632653,0.10204081632653061,0.14030722253002995,0.1500905235063621,0.01,6.97
0.5510204081632653,0.14285714285714285,0.12819945232024793,0.13356679614786357,0.01,4.19
0.5510204081632653,0.1836734693877551,0.11149887599782568,0.11153515966986538,0.0,0.03
0.5510204081632653,0.22448979591836735,0.07595322589606156,0.08399561407236777,0.01,10.59
0.5510204081632653,0.2653061224489796,0.04643872548684001,0.050948159355370615,0.0,9.71
0.5510204081632653,0.30612244897959184,0.010297158369141737,0.012392795518873918,0.0,20.35
0.5510204081632653,0.3469387755102041,-0.029122050326052622,-0.03167047743712234,0.0,8.75
0.5510204081632653,0.3877551020408163,-0.07517640979090466,-0.08124165951261808,0.01,8.07
0.5510204081632653,0.42857142857142855,-0.1322701972433574,-0.13632075070761324,0.0,3.06
0.5510204081632653,0.46938775510204084,-0.18750861900415278,-0.19690775102210825,0.01,5.01
0.5510204081632653,0.5102040816326531,-0.24737495089518693,-0.26300266045610243,0.02,6.32
0.5510204081632653,0.5510204081632653,-0.3168232193392482,-0.33460547900959625,0.02,5.61
0.5510204081632653,0.5918367346938775,-0.38885493543762434,-0.41171620668258985,0.02,5.88
0.5510204081632653,0.6326530612244898,-0.46703056500112616,-0.4943348434750828,0.03,5.85
0.5510204081632653,0.673469387755102,-0.551332766841918,-0.5824613893870749,0.03,5.65
0.5510204081632653,0.7142857142857143,-0.6388662426720509,-0.6760958444185671,0.04,5.83
0.5510204081632653,0.7551020408163265,-0.7320557473019981,-0.7752382085695585,0.04,5.9
0.5510204081632653,0.7959183673469388,-0.8314357606918685,-0.8798884818400495,0.05,5.83
0.5918367346938775,-0.7959183673469388,-0.862294848856928,-0.9174578619452781,0.06,6.4
0.5918367346938775,-0.7551020408163265,-0.7623086026043528,-0.8050557165806764,0.04,5.61
0.5918367346938775,-0.7142857142857143,-0.6597106871081456,-0.6985694736036854,0.04,5.89
0.5918367346938775,-0.673469387755102,-0.56803741800265,-0.5979991330143052,0.03,5.27
0.5918367346938775,-0.6326530612244898,-0.4745979790200452,-0.5033446948125356,0.03,6.06
0.5918367346938775,-0.5918367346938775,-0.3922678307806768,-0.41460615899837644,0.02,5.69
0.5918367346938775,-0.5510204081632653,-0.31232246190124335,-0.33178352557182805,0.02,6.23
0.5918367346938775,-0.5102040816326531,-0.23942617240233638,-0.2548767945328901,0.02,6.45
0.5918367346938775,-0.46938775510204084,-0.1742731566008045,-0.18388596588156303,0.01,5.52
0.5918367346938775,-0.42857142857142855,-0.11366365071031799,-0.11881103961784635,0.01,4.53
0.5918367346938775,-0.3877551020408163,-0.05682833892553161,-0.05965201574174018,0.0,4.97
0.5918367346938775,-0.3469387755102041,-0.007178985433347142,-0.0064088942532448045,0.0,10.73
0.5918367346938775,-0.30612244897959184,0.038019378026707656,0.04091832484764001,0.0,7.62
0.5918367346938775,-0.2653061224489796,0.07568560419957504,0.0823296415609142,0.01,8.78
0.5918367346938775,-0.22448979591836735,0.11082142566368536,0.11782505588657786,0.01,6.32
0.5918367346938775,-0.1836734693877551,0.1375735762467761,0.14740456782463085,0.01,7.15
0.5918367346938775,-0.14285714285714285,0.15936533001430728,0.1710681773750733,0.01,7.34
0.5918367346938775,-0.10204081632653061,0.17545703602935533,0.18881588453790513,0.01,7.61
0.5918367346938775,-0.061224489795918366,0.1914286387287531,0.20064768931312627,0.01,4.82
0.5918367346938775,-0.02040816326530612,0.19371371661694553,0.20656359170073693,0.01,6.63
0.5918367346938775,0.02040816326530612,0.19218498986367555,0.20656359170073693,0.01,7.48
0.5918367346938775,0.061224489795918366,0.19417594604117994,0.20064768931312627,0.01,3.33
0.5918367346938775,0.10204081632653061,0.17966639698331754,0.18881588453790513,0.01,5.09
0.5918367346938775,0.14285714285714285,0.16307028298371257,0.1710681773750733,0.01,4.9
0.5918367346938775,0.1836734693877551,0.13858519661005222,0.14740456782463085,0.01,6.36
0.5918367346938775,0.22448979591836735,0.11271899176458906,0.11782505588657786,0.01,4.53
0.5918367346938775,0.2653061224489796,0.07865000942852315,0.0823296415609142,0.0,4.68
0.5918367346938775,0.30612244897959184,0.03938690095732579,0.04091832484764001,0.0,3.89
0.5918367346938775,0.3469387755102041,-0.005836279418755258,-0.0064088942532448045,0.0,9.81
0.5918367346938775,0.3877551020408163,-0.057729465500255386,-0.05965201574174018,0.0,3.33
0.5918367346938775,0.42857142857142855,-0.1137029968458291,-0.11881103961784635,0.01,4.49
0.5918367346938775,0.46938775510204084,-0.17200054697611214,-0.18388596588156303,0.01,6.91
0.5918367346938775,0.5102040816326531,-0.24074413302077127,-0.2548767945328901,0.01,5.87
0.5918367346938775,0.5510204081632653,-0.31330105647996925,-0.33178352557182805,0.02,5.9
0.5918367346938775,0.5918367346938775,-0.39743496538285455,-0.41460615899837644,0.02,4.32
0.5918367346938775,0.6326530612244898,-0.4728160447981387,-0.5033446948125356,0.03,6.46
0.5918367346938775,0.673469387755102,-0.5662217007756307,-0.5979991330143052,0.03,5.61
0.5918367346938775,0.7142857142857143,-0.6617077389468307,-0.6985694736036854,0.04,5.57
0.5918367346938775,0.7551020408163265,-0.7618030625676295,-0.8050557165806764,0.04,5.68
0.5918367346938775,0.7959183673469388,-0.8617315340316768,-0.9174578619452781,0.06,6.47
0.6326530612244898,-0.7551020408163265,-0.7822881482270508,-0.8289573222041834,0.05,5.97
0.6326530612244898,-0.7142857142857143,-0.6776036279225999,-0.7151272004011935,0.04,5.54
0.6326530612244898,-0.673469387755102,-0.5762045644317566,-0.6076209742539247,0.03,5.45
0.6326530612244898,-0.6326530612244898,-0.47942621793880297,-0.506438643762378,0.03,5.63
0.6326530612244898,-0.5918367346938775,-0.39025839352988345,-0.4115802089265525,0.02,5.46
0.6326530612244898,-0.5510204081632653,-0.3055552278354521,-0.32304566974644905,0.02,5.72
0.6326530612244898,-0.5102040816326531,-0.23129918221658047,-0.2408350262220673,0.01,4.12
0.6326530612244898,-0.46938775510204084,-0.15238349776288454,-0.1649482783534071,0.01,8.25
0.6326530612244898,-0.42857142857142855,-0.08910888928642188,-0.09538542614046862,0.01,7.04
0.6326530612244898,-0.3877551020408163,-0.02967839746423865,-0.03214646958325179,0.0,8.32
0.6326530612244898,-0.3469387755102041,0.021153766516441255,0.024768591318243254,0.0,17.09
0.6326530612244898,-0.30612244897959184,0.07540088411183773,0.07535975656401675,0.0,0.05
0.6326530612244898,-0.2653061224489796,0.11780225440258223,0.11962702615406848,0.0,1.55
0.6326530612244898,-0.22448979591836735,0.15269244753750277,0.15757040008839857,0.0,3.19
0.6326530612244898,-0.1836734693877551,0.17708870975289548,0.18918987836700696,0.01,6.83
0.6326530612244898,-0.14285714285714285,0.2045979413743042,0.2144854609898937,0.01,4.83
0.6326530612244898,-0.10204081632653061,0.22225448986031754,0.23345714795705877,0.01,5.04
0.6326530612244898,-0.061224489795918366,0.23481695519951623,0.2461049392685021,0.01,4.81
0.6326530612244898,-0.02040816326530612,0.24043036363189957,0.25242883492422374,0.01,4.99
0.6326530612244898,0.02040816326530612,0.23693882820563433,0.25242883492422374,0.02,6.54
0.6326530612244898,0.061224489795918366,0.23582903245172315,0.2461049392685021,0.01,4.36
0.6326530612244898,0.10204081632653061,0.21944427523665003,0.23345714795705877,0.01,6.39
0.6326530612244898,0.14285714285714285,0.19873298122805458,0.2144854609898937,0.02,7.93
0.6326530612244898,0.1836734693877551,0.17698660081965295,0.18918987836700696,0.01,6.9
0.6326530612244898,0.22448979591836735,0.15141470791972692,0.15757040008839857,0.01,4.07
0.6326530612244898,0.2653061224489796,0.11275391297820762,0.11962702615406848,0.01,6.1
0.6326530612244898,0.30612244897959184,0.07088941421414313,0.07535975656401675,0.0,6.31
0.6326530612244898,0.3469387755102041,0.02292889306775877,0.024768591318243254,0.0,8.02
0.6326530612244898,0.3877551020408163,-0.032294248274011915,-0.03214646958325179,0.0,0.46
0.6326530612244898,0.42857142857142855,-0.09164852763704182,-0.09538542614046862,0.0,4.08
0.6326530612244898,0.46938775510204084,-0.157180572743668,-0.1649482783534071,0.01,4.94
0.6326530612244898,0.5102040816326531,-0.22796688775064888,-0.2408350262220673,0.01,5.64
0.6326530612244898,0.5510204081632653,-0.3048294580340594,-0.32304566974644905,0.02,5.98
0.6326530612244898,0.5918367346938775,-0.390820687354024,-0.4115802089265525,0.02,5.31
0.6326530612244898,0.6326530612244898,-0.4817365338048454,-0.506438643762378,0.02,5.13
0.6326530612244898,0.673469387755102,-0.5752060178330254,-0.6076209742539247,0.03,5.64
0.6326530612244898,0.7142857142857143,-0.6763958048371006,-0.7151272004011935,0.04,5.73
0.6326530612244898,0.7551020408163265,-0.7821764851282456,-0.8289573222041834,0.05,5.98
0.673469387755102,-0.7142857142857143,-0.6841609334049876,-0.7253610315429797,0.04,6.02
0.673469387755102,-0.673469387755102,-0.5775138590375889,-0.6109189198378224,0.03,5.78
0.673469387755102,-0.6326530612244898,-0.47955380470580417,-0.5032086970564984,0.02,4.93
0.673469387755102,-0.5918367346938775,-0.37997820476763505,-0.4022303631990073,0.02,5.86
0.673469387755102,-0.5510204081632653,-0.2914564186738199,-0.3079839182653482,0.02,5.67
0.673469387755102,-0.5102040816326531,-0.20808482013131652,-0.2204693622555229,0.01,5.95
0.673469387755102,-0.46938775510204084,-0.13240012820340533,-0.1396866951695298,0.01,5.5
0.673469387755102,-0.42857142857142855,-0.06426914427523808,-0.06563591700736938,0.0,2.13
0.673469387755102,-0.3877551020408163,-0.0013440148825023355,0.00168297223095824,0.0,225.22
0.673469387755102,-0.3469387755102041,0.05638675488161915,0.06226997254545299,0.01,10.43
0.673469387755102,-0.30612244897959184,0.10947640772570448,0.116125083936115,0.01,6.07
0.673469387755102,-0.2653061224489796,0.15769236492479083,0.1632483064029443,0.01,3.52
0.673469387755102,-0.22448979591836735,0.19198526954189896,0.2036396399459409,0.01,6.07
0.673469387755102,-0.1836734693877551,0.22076590457331852,0.23729908456510462,0.02,7.49
0.673469387755102,-0.14285714285714285,0.2498187940909263,0.2642266402604357,0.01,5.77
0.673469387755102,-0.10204081632653061,0.2652143029445512,0.28442230703193394,0.02,7.24
0.673469387755102,-0.061224489795918366,0.28139680988238525,0.29788608487959956,0.02,5.86
0.673469387755102,-0.02040816326530612,0.2907356329249371,0.3046179738034323,0.01,4.77
0.673469387755102,0.02040816326530612,0.2860969803396154,0.3046179738034323,0.02,6.47
0.673469387755102,0.061224489795918366,0.2803680583169013,0.29788608487959956,0.02,6.25
0.673469387755102,0.10204081632653061,0.27008749332176696,0.28442230703193394,0.01,5.31
0.673469387755102,0.14285714285714285,0.2495266719041907,0.2642266402604357,0.01,5.89
0.673469387755102,0.1836734693877551,0.2273660184263564,0.23729908456510462,0.01,4.37
0.673469387755102,0.22448979591836735,0.1929093228214654,0.2036396399459409,0.01,5.56
0.673469387755102,0.2653061224489796,0.15286956443610838,0.1632483064029443,0.01,6.79
0.673469387755102,0.30612244897959184,0.10989125146830254,0.116125083936115,0.01,5.67
0.673469387755102,0.3469387755102041,0.058171360576794215,0.06226997254545299,0.0,7.05
0.673469387755102,0.3877551020408163,0.0017330671524661474,0.00168297223095824,0.0,2.89
0.673469387755102,0.42857142857142855,-0.061564956616143286,-0.06563591700736938,0.0,6.61
0.673469387755102,0.46938775510204084,-0.13220880126934773,-0.1396866951695298,0.01,5.66
0.673469387755102,0.5102040816326531,-0.208380597844026,-0.2204693622555229,0.01,5.8
0.673469387755102,0.5510204081632653,-0.29209065508822185,-0.3079839182653482,0.02,5.44
0.673469387755102,0.5918367346938775,-0.382917355034316,-0.4022303631990073,0.02,5.04
0.673469387755102,0.6326530612244898,-0.47625243445484033,-0.5032086970564984,0.03,5.66
0.673469387755102,0.673469387755102,-0.5788264549988075,-0.6109189198378224,0.03,5.54
0.673469387755102,0.7142857142857143,-0.6840988356955585,-0.7253610315429797,0.04,6.03
0.7142857142857143,-0.673469387755102,-0.5720769557832484,-0.6074849764978877,0.04,6.19
0.7142857142857143,-0.6326530612244898,-0.4675125727199555,-0.49324686142678636,0.03,5.5
0.7142857142857143,-0.5918367346938775,-0.3659207303388662,-0.3861486285476286,0.02,5.53
0.7142857142857143,-0.5510204081632653,-0.26870498380345215,-0.2861902778604151,0.02,6.51
0.7142857142857143,-0.5102040816326531,-0.18451621587484981,-0.19337180936514556,0.01,4.8
0.7142857142857143,-0.46938775510204084,-0.10061314938144923,-0.10769322306181954,0.01,7.04
0.7142857142857143,-0.42857142857142855,-0.02694935265173117,-0.02915451895043739,0.0,8.18
0.7142857142857143,-0.3877551020408163,0.041041739397805935,0.04224430296900107,0.0,2.93
0.7142857142857143,-0.3469387755102041,0.10279365526658912,0.10650324269649555,0.0,3.61
0.7142857142857143,-0.30612244897959184,0.15405130677256806,0.1636223002320462,0.01,6.21
0.7142857142857143,-0.2653061224489796,0.19734888068894818,0.213601475575653,0.02,8.24
0.7142857142857143,-0.22448979591836735,0.24331115235721562,0.256440768727316,0.01,5.4
0.7142857142857143,-0.1836734693877551,0.27556059139018857,0.29214017968703515,0.02,6.02
0.7142857142857143,-0.14285714285714285,0.30451598883391784,0.32069970845481055,0.02,5.31
0.7142857142857143,-0.10204081632653061,0.32467494920550305,0.34211935503064206,0.02,5.37
0.7142857142857143,-0.061224489795918366,0.3379072360823985,0.3563991194145296,0.02,5.47
0.7142857142857143,-0.02040816326530612,0.3419409436360083,0.3635390016064735,0.02,6.32
0.7142857142857143,0.02040816326530612,0.3418381937854468,0.3635390016064735,0.02,6.35
0.7142857142857143,0.061224489795918366,0.3389826091903168,0.3563991194145296,0.02,5.14
0.7142857142857143,0.10204081632653061,0.326616975156309,0.34211935503064206,0.02,4.75
0.7142857142857143,0.14285714285714285,0.3042871192479816,0.32069970845481055,0.02,5.39
0.7142857142857143,0.1836734693877551,0.27844107178423455,0.29214017968703515,0.01,4.92
0.7142857142857143,0.22448979591836735,0.2447478061885549,0.256440768727316,0.01,4.78
0.7142857142857143,0.2653061224489796,0.20504910761388923,0.213601475575653,0.01,4.17
0.7142857142857143,0.30612244897959184,0.15333751361521664,0.1636223002320462,0.01,6.71
0.7142857142857143,0.3469387755102041,0.10046275630131343,0.10650324269649555,0.01,6.01
0.7142857142857143,0.3877551020408163,0.036219030391618584,0.04224430296900107,0.01,16.64
0.7142857142857143,0.42857142857142855,-0.02641224422619524,-0.02915451895043739,0.0,10.38
0.7142857142857143,0.46938775510204084,-0.10345462192646293,-0.10769322306181954,0.0,4.1
0.7142857142857143,0.5102040816326531,-0.1845652949625614,-0.19337180936514556,0.01,4.77
0.7142857142857143,0.5510204081632653,-0.272758994319438,-0.2861902778604151,0.01,4.92
0.7142857142857143,0.5918367346938775,-0.36435372912223524,-0.3861486285476286,0.02,5.98
0.7142857142857143,0.6326530612244898,-0.4662423539014691,-0.49324686142678636,0.03,5.79
0.7142857142857143,0.673469387755102,-0.5734235220582027,-0.6074849764978877,0.03,5.94
0.7551020408163265,-0.6326530612244898,-0.45039758694026866,-0.4761451436051304,0.03,5.72
0.7551020408163265,-0.5918367346938775,-0.342103104184082,-0.36292701170430686,0.02,6.09
0.7551020408163265,-0.5510204081632653,-0.2468307451249036,-0.2572567552635382,0.01,4.22
0.7551020408163265,-0.5102040816326531,-0.1520585164080358,-0.15913437428282448,0.01,4.65
0.7551020408163265,-0.46938775510204084,-0.0636259760614826,-0.06855986876216562,0.0,7.75
0.7551020408163265,-0.42857142857142855,0.015106694335393928,0.014466761298438633,0.0,4.24
0.7551020408163265,-0.3877551020408163,0.08802753581667536,0.08994551589898776,0.0,2.18
0.7551020408163265,-0.3469387755102041,0.1501432696641874,0.15787639503948178,0.01,5.15
0.7551020408163265,-0.30612244897959184,0.20448507661358756,0.21825939871992117,0.01,6.74
0.7551020408163265,-0.2653061224489796,0.2568931495667849,0.27109452694030545,0.01,5.53
0.7551020408163265,-0.22448979591836735,0.2993655419107836,0.316381779700635,0.02,5.68
0.7551020408163265,-0.1836734693877551,0.3358732546755725,0.35412115700090946,0.02,5.43
0.7551020408163265,-0.14285714285714285,0.36358016985088826,0.38431265884112903,0.02,5.7
0.7551020408163265,-0.10204081632653061,0.3848740835770796,0.4069562852212937,0.02,5.74
0.7551020408163265,-0.061224489795918366,0.40172061443021184,0.4220520361414036,0.02,5.06
0.7551020408163265,-0.02040816326530612,0.4081236404196694,0.42959991160145855,0.02,5.26
0.7551020408163265,0.02040816326530612,0.40633194208413626,0.42959991160145855,0.02,5.73
0.7551020408163265,0.061224489795918366,0.4012789559048609,0.4220520361414036,0.02,5.18
0.7551020408163265,0.10204081632653061,0.3850130119691747,0.4069562852212937,0.02,5.7
0.7551020408163265,0.14285714285714285,0.3642589072760939,0.38431265884112903,0.02,5.51
0.7551020408163265,0.1836734693877551,0.33379630031938556,0.35412115700090946,0.02,6.09
0.7551020408163265,0.22448979591836735,0.3012635958799615,0.316381779700635,0.02,5.02
0.7551020408163265,0.2653061224489796,0.25553688756034676,0.27109452694030545,0.02,6.09
0.7551020408163265,0.30612244897959184,0.20554729092926824,0.21825939871992117,0.01,6.18
0.7551020408163265,0.3469387755102041,0.14865033667581318,0.15787639503948178,0.01,6.21
0.7551020408163265,0.3877551020408163,0.08577376563197674,0.08994551589898776,0.0,4.86
0.7551020408163265,0.42857142857142855,0.015109044780627624,0.014466761298438633,0.0,4.25
0.7551020408163265,0.46938775510204084,-0.06361845358856477,-0.06855986876216562,0.0,7.77
0.7551020408163265,0.5102040816326531,-0.1504835319895931,-0.15913437428282448,0.01,5.75
0.7551020408163265,0.5510204081632653,-0.24304686262555922,-0.2572567552635382,0.01,5.85
0.7551020408163265,0.5918367346938775,-0.34505294564710937,-0.36292701170430686,0.02,5.18
0.7551020408163265,0.6326530612244898,-0.4473704154859027,-0.4761451436051304,0.03,6.43
0.7959183673469388,-0.5918367346938775,-0.31164519575038335,-0.33215751940092986,0.02,6.58
0.7959183673469388,-0.5510204081632653,-0.20987204364882656,-0.22077535720660602,0.01,5.2
0.7959183673469388,-0.5102040816326531,-0.10868292649044746,-0.11734906374044833,0.01,7.97
0.7959183673469388,-0.46938775510204084,-0.022991820852042138,-0.02187863900245633,0.0,4.84
0.7959183673469388,-0.42857142857142855,0.06137673691071945,0.06563591700736937,0.0,6.94
0.7959183673469388,-0.3877551020408163,0.13726406893601256,0.14519460428902925,0.01,5.78
0.7959183673469388,-0.3469387755102041,0.20343231940747528,0.216797422842523,0.01,6.57
0.7959183673469388,-0.30612244897959184,0.26464777342713103,0.28044437266785094,0.02,5.97
0.7959183673469388,-0.2653061224489796,0.3193281844852602,0.3361354537650129,0.02,5.26
0.7959183673469388,-0.22448979591836735,0.36003667030290887,0.3838706661340088,0.02,6.62
0.7959183673469388,-0.1836734693877551,0.3994434845280349,0.4236500097748386,0.02,6.06
0.7959183673469388,-0.14285714285714285,0.4333659766841739,0.45547348468750265,0.02,5.1
0.7959183673469388,-0.10204081632653061,0.4512205393297545,0.47934109087200055,0.03,6.23
0.7959183673469388,-0.061224489795918366,0.4672915873793608,0.4952528283283325,0.03,5.98
0.7959183673469388,-0.02040816326530612,0.4757660596497956,0.5032086970564985,0.03,5.77
0.7959183673469388,0.02040816326530612,0.4783669474701703,0.5032086970564985,0.02,5.19
0.7959183673469388,0.061224489795918366,0.4687754596133991,0.4952528283283325,0.03,5.65
0.7959183673469388,0.10204081632653061,0.4505712982651569,0.47934109087200055,0.03,6.39
0.7959183673469388,0.14285714285714285,0.43215852673339744,0.45547348468750265,0.02,5.4
0.7959183673469388,0.1836734693877551,0.3997681592447943,0.4236500097748386,0.02,5.97
0.7959183673469388,0.22448979591836735,0.36296544730456926,0.3838706661340088,0.02,5.76
0.7959183673469388,0.2653061224489796,0.31923494399157687,0.3361354537650129,0.02,5.29
0.7959183673469388,0.30612244897959184,0.2641101318571471,0.28044437266785094,0.02,6.18
0.7959183673469388,0.3469387755102041,0.20567310288085178,0.216797422842523,0.01,5.41
0.7959183673469388,0.3877551020408163,0.1385981829959518,0.14519460428902925,0.01,4.76
0.7959183673469388,0.42857142857142855,0.05904466007204183,0.06563591700736937,0.01,11.16
0.7959183673469388,0.46938775510204084,-0.020547010359820074,-0.02187863900245633,0.0,6.48
0.7959183673469388,0.5102040816326531,-0.11145183488626995,-0.11734906374044833,0.01,5.29
0.7959183673469388,0.5510204081632653,-0.2091762843376636,-0.22077535720660602,0.01,5.55
0.7959183673469388,0.5918367346938775,-0.31038498249387436,-0.33215751940092986,0.02,7.01
0.8367346938775511,-0.5102040816326531,-0.06239884070064663,-0.06760788446990629,0.01,8.35
0.8367346938775511,-0.46938775510204084,0.029498436422237956,0.032758459485418556,0.0,11.05
0.8367346938775511,-0.42857142857142855,0.11864142382364677,0.12476094144446645,0.01,5.16
0.8367346938775511,-0.3877551020408163,0.19475962324658846,0.20839956140723695,0.01,7.0
0.8367346938775511,-0.3469387755102041,0.26878702537913834,0.2836743193737303,0.01,5.54
0.8367346938775511,-0.30612244897959184,0.3299911963225546,0.3505852153439469,0.02,6.24
0.8367346938775511,-0.2653061224489796,0.38843338458799315,0.40913224931788633,0.02,5.33
0.8367346938775511,-0.22448979591836735,0.4369738587158306,0.4593154212955488,0.02,5.11
0.8367346938775511,-0.1836734693877551,0.4709798516856263,0.501134731276934,0.03,6.4
0.8367346938775511,-0.14285714285714285,0.5057796694497549,0.5345901792620422,0.03,5.7
0.8367346938775511,-0.10204081632653061,0.5302761282687298,0.5596817652508734,0.03,5.55
0.8367346938775511,-0.061224489795918366,0.5438974479247383,0.5764094892434276,0.03,5.98
0.8367346938775511,-0.02040816326530612,0.5578752405675302,0.5847733512397046,0.03,4.82
0.8367346938775511,0.02040816326530612,0.5532566731023051,0.5847733512397046,0.03,5.7
0.8367346938775511,0.061224489795918366,0.5462753257464351,0.5764094892434276,0.03,5.52
0.8367346938775511,0.10204081632653061,0.528843004556513,0.5596817652508734,0.03,5.83
0.8367346938775511,0.14285714285714285,0.5074068921040813,0.5345901792620422,0.03,5.36
0.8367346938775511,0.1836734693877551,0.4708362318029562,0.501134731276934,0.03,6.44
0.8367346938775511,0.22448979591836735,0.43453072023844264,0.4593154212955488,0.02,5.7
0.8367346938775511,0.2653061224489796,0.385836141521468,0.40913224931788633,0.02,6.04
0.8367346938775511,0.30612244897959184,0.3298445700109761,0.3505852153439469,0.02,6.29
0.8367346938775511,0.3469387755102041,0.2707683882979367,0.2836743193737303,0.01,4.77
0.8367346938775511,0.3877551020408163,0.19633999525892892,0.20839956140723695,0.01,6.14
0.8367346938775511,0.42857142857142855,0.11844646333229528,0.12476094144446645,0.01,5.33
0.8367346938775511,0.46938775510204084,0.030566219108626357,0.032758459485418556,0.0,7.17
0.8367346938775511,0.5102040816326531,-0.06419714004625585,-0.06760788446990629,0.0,5.31
0.8775510204081632,-0.46938775510204084,0.0907308862231875,0.09575941996957023,0.01,5.54
0.8775510204081632,-0.42857142857142855,0.18101815901408075,0.19224982787784017,0.01,6.2
0.8775510204081632,-0.3877551020408163,0.26352116531102804,0.2799683805217215,0.02,6.24
0.8775510204081632,-0.3469387755102041,0.3402280559519236,0.3589150779012145,0.02,5.49
0.8775510204081632,-0.30612244897959184,0.4048727460551473,0.42908992001631946,0.02,5.98
0.8775510204081632,-0.2653061224489796,0.4648573687307163,0.49049290686703667,0.03,5.51
0.8775510204081632,-0.22448979591836735,0.5140867357958548,0.5431240384533655,0.03,5.65
0.8775510204081632,-0.1836734693877551,0.558788794834854,0.5869833147753062,0.03,5.05
0.8775510204081632,-0.14285714285714285,0.589314339551506,0.6220707358328587,0.03,5.56
0.8775510204081632,-0.10204081632653061,0.6151024853579392,0.6483863016260232,0.03,5.41
0.8775510204081632,-0.061224489795918366,0.629403868350379,0.6659300121547995,0.04,5.8
0.8775510204081632,-0.02040816326530612,0.6374795813007956,0.6747018674191875,0.04,5.84
0.8775510204081632,0.02040816326530612,0.6386982045790787,0.6747018674191875,0.04,5.64
0.8775510204081632,0.061224489795918366,0.6264898200811448,0.6659300121547995,0.04,6.3
0.8775510204081632,0.10204081632653061,0.6127917020820999,0.6483863016260232,0.04,5.81
0.8775510204081632,0.14285714285714285,0.5882313616524155,0.6220707358328587,0.03,5.75
0.8775510204081632,0.1836734693877551,0.554973620751386,0.5869833147753062,0.03,5.77
0.8775510204081632,0.22448979591836735,0.5144123301555878,0.5431240384533655,0.03,5.58
0.8775510204081632,0.2653061224489796,0.4623463148533521,0.49049290686703667,0.03,6.09
0.8775510204081632,0.30612244897959184,0.40546988921229293,0.42908992001631946,0.02,5.83
0.8775510204081632,0.3469387755102041,0.34141911101235023,0.3589150779012145,0.02,5.12
0.8775510204081632,0.3877551020408163,0.2666310243234445,0.2799683805217215,0.01,5.0
0.8775510204081632,0.42857142857142855,0.17927093722182458,0.19224982787784017,0.01,7.24
0.8775510204081632,0.46938775510204084,0.08913665678812606,0.09575941996957023,0.01,7.43
0.9183673469387755,-0.3877551020408163,0.33841731120894347,0.36030905490059423,0.02,6.47
0.9183673469387755,-0.3469387755102041,0.419364104574197,0.44292769169308693,0.02,5.62
0.9183673469387755,-0.30612244897959184,0.4869485930063296,0.5163664799530808,0.03,6.04
0.9183673469387755,-0.2653061224489796,0.5483828035732886,0.5806254196805753,0.03,5.88
0.9183673469387755,-0.22448979591836735,0.6025179321399105,0.6357045108755707,0.03,5.51
0.9183673469387755,-0.1836734693877551,0.6436420179069156,0.6816037535380667,0.04,5.9
0.9183673469387755,-0.14285714285714285,0.677751171518267,0.7183231476680635,0.04,5.99
0.9183673469387755,-0.10204081632653061,0.7040085656266049,0.7458626932655611,0.04,5.95
0.9183673469387755,-0.061224489795918366,0.7224995526340634,0.7642223903305596,0.04,5.77
0.9183673469387755,-0.02040816326530612,0.7313390379154888,0.7734022388630588,0.04,5.75
0.9183673469387755,0.02040816326530612,0.735402184440167,0.7734022388630588,0.04,5.17
0.9183673469387755,0.061224489795918366,0.7232596896865705,0.7642223903305596,0.04,5.66
0.9183673469387755,0.10204081632653061,0.7046890858216801,0.7458626932655611,0.04,5.84
0.9183673469387755,0.14285714285714285,0.6789373295862698,0.7183231476680635,0.04,5.8
0.9183673469387755,0.1836734693877551,0.6439823823285865,0.6816037535380667,0.04,5.84
0.9183673469387755,0.22448979591836735,0.6026071678285047,0.6357045108755707,0.03,5.49
0.9183673469387755,0.2653061224489796,0.5490090568123785,0.5806254196805753,0.03,5.76
0.9183673469387755,0.30612244897959184,0.4882791136421566,0.5163664799530808,0.03,5.75
0.9183673469387755,0.3469387755102041,0.41775473626746934,0.44292769169308693,0.03,6.03
0.9183673469387755,0.3877551020408163,0.33798930343392475,0.36030905490059423,0.02,6.6
0.9591836734693877,-0.2653061224489796,0.6360124362002404,0.6799377810266132,0.04,6.91
0.9591836734693877,-0.22448979591836735,0.694818145904181,0.7374648318302747,0.04,6.14
0.9591836734693877,-0.1836734693877551,0.7409728541347952,0.7854040408333263,0.04,6.0
0.9591836734693877,-0.14285714285714285,0.7779094686391166,0.8237554080357674,0.05,5.89
0.9591836734693877,-0.10204081632653061,0.8050597234350846,0.8525189334375982,0.05,5.9
0.9591836734693877,-0.061224489795918366,0.8243299519471927,0.8716946170388188,0.05,5.75
0.9591836734693877,-0.02040816326530612,0.8337299187535535,0.881282458839429,0.05,5.7
0.9591836734693877,0.02040816326530612,0.8333715936669437,0.881282458839429,0.05,5.75
0.9591836734693877,0.061224489795918366,0.8225113836185669,0.8716946170388188,0.05,5.98
0.9591836734693877,0.10204081632653061,0.806905811917801,0.8525189334375982,0.05,5.65
0.9591836734693877,0.14285714285714285,0.7766660448282845,0.8237554080357674,0.05,6.06
0.9591836734693877,0.1836734693877551,0.7404845404396347,0.7854040408333263,0.04,6.07
0.9591836734693877,0.22448979591836735,0.693930394178489,0.7374648318302747,0.04,6.27
0.9591836734693877,0.2653061224489796,0.6363999450709925,0.6799377810266132,0.04,6.84
