x position,y position,Simulation Output (V),Analytical Output (V),Absolute error (%),Relative error (%)
-0.9591836734693877,-0.2653061224489796,4.286537709062166e8,1.7988407452465087e8,2.4876969638e8,58.04
-0.9591836734693877,-0.22448979591836735,5.507170599719486e8,5.524939534207553e8,1.77689345e6,0.32
-0.9591836734693877,-0.1836734693877551,6.682605146193144e8,8.600869225091597e8,1.9182640789e8,28.71
-0.9591836734693877,-0.14285714285714285,7.944657322210352e8,1.104236564654438e9,3.0977083243e8,38.99
-0.9591836734693877,-0.10204081632653061,8.753577173716183e8,1.2862181233684635e9,4.10860406e8,46.94
-0.9591836734693877,-0.061224489795918366,9.261171274274824e8,1.4069978683692045e9,4.8088074094e8,51.92
-0.9591836734693877,-0.02040816326530612,9.726802819271724e8,1.4672247691863327e9,4.9454448726e8,50.84
-0.9591836734693877,0.02040816326530612,9.544297041552931e8,1.4672247691863327e9,5.1279506503e8,53.73
-0.9591836734693877,0.061224489795918366,9.249624477292469e8,1.4069978683692045e9,4.8203542064e8,52.11
-0.9591836734693877,0.10204081632653061,9.255256709379625e8,1.2862181233684635e9,3.6069245243e8,38.97
-0.9591836734693877,0.14285714285714285,8.065429843415354e8,1.104236564654438e9,2.9769358031e8,36.91
-0.9591836734693877,0.1836734693877551,7.405894239471864e8,8.600869225091597e8,1.1949749856e8,16.14
-0.9591836734693877,0.22448979591836735,5.633916503172157e8,5.524939534207553e8,1.08976969e7,1.93
-0.9591836734693877,0.2653061224489796,4.176077763994764e8,1.7988407452465087e8,2.3772370187e8,56.93
-0.9183673469387755,-0.3877551020408163,4.05984478759434e8,1.1741391802150528e8,2.8857056074e8,71.08
-0.9183673469387755,-0.3469387755102041,6.31593197373033e8,6.758506284841367e8,4.425743111e7,7.01
-0.9183673469387755,-0.30612244897959184,8.070807698047013e8,1.1650050854720416e9,3.5792431567e8,44.35
-0.9183673469387755,-0.2653061224489796,1.0611524447580208e9,1.587351644485123e9,5.2619919973e8,49.59
-0.9183673469387755,-0.22448979591836735,1.1885693065200205e9,1.9451024910986006e9,7.5653318458e8,63.65
-0.9183673469387755,-0.1836734693877551,1.3452305433376155e9,2.240190661294267e9,8.9496011796e8,66.53
-0.9183673469387755,-0.14285714285714285,1.4976429255128064e9,2.4742542396744275e9,9.7661131416e8,65.21
-0.9183673469387755,-0.10204081632653061,1.5770997124110081e9,2.648622220617637e9,1.07152250821e9,67.94
-0.9183673469387755,-0.061224489795918366,1.5971875677400224e9,2.764302506498654e9,1.16711493876e9,73.07
-0.9183673469387755,-0.02040816326530612,1.652861992190226e9,2.8219724751225696e9,1.16911048293e9,70.73
-0.9183673469387755,0.02040816326530612,1.6732644418601098e9,2.8219724751225696e9,1.14870803326e9,68.65
-0.9183673469387755,0.061224489795918366,1.6408835511953385e9,2.764302506498654e9,1.1234189553e9,68.46
-0.9183673469387755,0.10204081632653061,1.5536521383082108e9,2.648622220617637e9,1.09497008231e9,70.48
-0.9183673469387755,0.14285714285714285,1.461244665393133e9,2.4742542396744275e9,1.01300957428e9,69.33
-0.9183673469387755,0.1836734693877551,1.3616618913313565e9,2.240190661294267e9,8.7852876996e8,64.52
-0.9183673469387755,0.22448979591836735,1.206522019001979e9,1.9451024910986006e9,7.385804721e8,61.22
-0.9183673469387755,0.2653061224489796,1.0334589269737365e9,1.587351644485123e9,5.5389271751e8,53.6
-0.9183673469387755,0.30612244897959184,8.26363998635271e8,1.1650050854720416e9,3.3864108684e8,40.98
-0.9183673469387755,0.3469387755102041,6.311270063333488e8,6.758506284841367e8,4.472362215e7,7.09
-0.9183673469387755,0.3877551020408163,3.930417605658015e8,1.1741391802150528e8,2.7562784254e8,70.13
-0.8775510204081632,-0.46938775510204084,4.2592641272442466e8,1.7988407452179307e8,2.460423382e8,57.77
-0.8775510204081632,-0.42857142857142855,6.725804755941589e8,8.600869224939002e8,1.875064469e8,27.88
-0.8775510204081632,-0.3877551020408163,9.89368914635752e8,1.46722476915733e9,4.7785585452e8,48.3
-0.8775510204081632,-0.3469387755102041,1.2195782539595237e9,2.0043419982094734e9,7.8476374425e8,64.35
-0.8775510204081632,-0.30612244897959184,1.4768098412795196e9,2.474254239646638e9,9.9744439837e8,67.54
-0.8775510204081632,-0.2653061224489796,1.6618525313617218e9,2.8795286960540257e9,1.21767616469e9,73.27
-0.8775510204081632,-0.22448979591836735,1.8505132262476406e9,3.2224646125907264e9,1.37195138634e9,74.14
-0.8775510204081632,-0.1836734693877551,2.0240796842967944e9,3.505074383402615e9,1.48099469911e9,73.17
-0.8775510204081632,-0.14285714285714285,2.1994092011184535e9,3.72906584308926e9,1.52965664197e9,69.55
-0.8775510204081632,-0.10204081632653061,2.257831993555326e9,3.8958263216518035e9,1.6379943281e9,72.55
-0.8775510204081632,-0.061224489795918366,2.2997726075461082e9,4.0064090368496284e9,1.7066364293e9,74.21
-0.8775510204081632,-0.02040816326530612,2.38186086231083e9,4.0615223535007753e9,1.67966149119e9,70.52
-0.8775510204081632,0.02040816326530612,2.3259625934979043e9,4.0615223535007753e9,1.73555976e9,74.62
-0.8775510204081632,0.061224489795918366,2.306603880275216e9,4.0064090368496284e9,1.69980515657e9,73.69
-0.8775510204081632,0.10204081632653061,2.1858284711691647e9,3.8958263216518035e9,1.70999785048e9,78.23
-0.8775510204081632,0.14285714285714285,2.1720382014703927e9,3.72906584308926e9,1.55702764162e9,71.69
-0.8775510204081632,0.1836734693877551,1.9748841730709221e9,3.505074383402615e9,1.53019021033e9,77.48
-0.8775510204081632,0.22448979591836735,1.8525007409179325e9,3.2224646125907264e9,1.36996387167e9,73.95
-0.8775510204081632,0.2653061224489796,1.7145848463467712e9,2.8795286960540257e9,1.16494384971e9,67.94
-0.8775510204081632,0.30612244897959184,1.440971791766939e9,2.474254239646638e9,1.03328244788e9,71.71
-0.8775510204081632,0.3469387755102041,1.2260528157755218e9,2.0043419982094734e9,7.7828918243e8,63.48
-0.8775510204081632,0.3877551020408163,9.717587756228018e8,1.46722476915733e9,4.9546599353e8,50.99
-0.8775510204081632,0.42857142857142855,6.955476711763728e8,8.600869224939002e8,1.6453925132e8,23.66
-0.8775510204081632,0.46938775510204084,4.3541484884426916e8,1.7988407452179307e8,2.5553077432e8,58.69
-0.8367346938775511,-0.5102040816326531,6.55063341989947e8,7.373694067533557e8,8.230606476e7,12.56
-0.8367346938775511,-0.46938775510204084,9.685868946800492e8,1.4672247691456394e9,4.9863787447e8,51.48
-0.8367346938775511,-0.42857142857142855,1.2987250706691225e9,2.122488620069239e9,8.237635494e8,63.43
-0.8367346938775511,-0.3877551020408163,1.575387231709704e9,2.7065190140721383e9,1.13113178236e9,71.8
-0.8367346938775511,-0.3469387755102041,1.8835629036327114e9,3.2224646125542364e9,1.33890170892e9,71.08
-0.8367346938775511,-0.30612244897959184,2.1579943054583044e9,3.6732436437754083e9,1.51524933832e9,70.22
-0.8367346938775511,-0.2653061224489796,2.388139217005788e9,4.061522353443948e9,1.67338313644e9,70.07
-0.8367346938775511,-0.22448979591836735,2.5163098085590067e9,4.389693411503969e9,1.87338360294e9,74.45
-0.8367346938775511,-0.1836734693877551,2.719322581180854e9,4.659854838251598e9,1.94053225707e9,71.36
-0.8367346938775511,-0.14285714285714285,2.8392744084594183e9,4.873790092639188e9,2.03451568418e9,71.66
-0.8367346938775511,-0.10204081632653061,2.887693117207316e9,5.032950014792777e9,2.14525689759e9,74.29
-0.8367346938775511,-0.061224489795918366,3.029440724666503e9,5.138437321328929e9,2.10899659666e9,69.62
-0.8367346938775511,-0.02040816326530612,3.018875581552955e9,5.190994307098002e9,2.17211872555e9,71.95
-0.8367346938775511,0.02040816326530612,3.06110149596323e9,5.190994307098002e9,2.12989281113e9,69.58
-0.8367346938775511,0.061224489795918366,2.992391837564806e9,5.138437321328929e9,2.14604548376e9,71.72
-0.8367346938775511,0.10204081632653061,2.917891812457902e9,5.032950014792777e9,2.11505820233e9,72.49
-0.8367346938775511,0.14285714285714285,2.837278496843124e9,4.873790092639188e9,2.0365115958e9,71.78
-0.8367346938775511,0.1836734693877551,2.735243243989032e9,4.659854838251598e9,1.92461159426e9,70.36
-0.8367346938775511,0.22448979591836735,2.531774666962298e9,4.389693411503969e9,1.85791874454e9,73.38
-0.8367346938775511,0.2653061224489796,2.3335492123911915e9,4.061522353443948e9,1.72797314105e9,74.05
-0.8367346938775511,0.30612244897959184,2.1548472829309506e9,3.6732436437754083e9,1.51839636084e9,70.46
-0.8367346938775511,0.3469387755102041,1.878550364977269e9,3.2224646125542364e9,1.34391424758e9,71.54
-0.8367346938775511,0.3877551020408163,1.56226157849222e9,2.7065190140721383e9,1.14425743558e9,73.24
-0.8367346938775511,0.42857142857142855,1.3303153238586807e9,2.122488620069239e9,7.9217329621e8,59.55
-0.8367346938775511,0.46938775510204084,9.639707967736866e8,1.4672247691456394e9,5.0325397237e8,52.21
-0.8367346938775511,0.5102040816326531,6.292257375879121e8,7.373694067533557e8,1.0814366917e8,17.19
-0.7959183673469388,-0.5918367346938775,4.5487846595620906e8,3.0450923451756215e8,1.5036923144e8,33.06
-0.7959183673469388,-0.5510204081632653,8.314957815156302e8,1.1650050854455147e9,3.3350930393e8,40.11
-0.7959183673469388,-0.5102040816326531,1.2031749371096745e9,1.9451024910476995e9,7.4192755394e8,61.66
-0.7959183673469388,-0.46938775510204084,1.561156143326242e9,2.6486222205378785e9,1.08746607721e9,69.66
-0.7959183673469388,-0.42857142857142855,1.9431957829976177e9,3.279218216875418e9,1.33602243388e9,68.75
-0.7959183673469388,-0.3877551020408163,2.2123231686399903e9,3.8403574311619573e9,1.62803426252e9,73.59
-0.7959183673469388,-0.3469387755102041,2.521306506956587e9,4.335298214862508e9,1.81399170791e9,71.95
-0.7959183673469388,-0.30612244897959184,2.7460631351597667e9,4.767067525086262e9,2.02100438993e9,73.6
-0.7959183673469388,-0.2653061224489796,2.952259635828628e9,5.138437321247092e9,2.18617768542e9,74.05
-0.7959183673469388,-0.22448979591836735,3.173808873092071e9,5.451900663512882e9,2.27809179042e9,71.78
-0.7959183673469388,-0.1836734693877551,3.299268966140507e9,5.709648153311701e9,2.41037918717e9,73.06
-0.7959183673469388,-0.14285714285714285,3.437375273921346e9,5.913545468660436e9,2.47617019474e9,72.04
-0.7959183673469388,-0.10204081632653061,3.5193716245592093e9,6.065112824548094e9,2.54574119999e9,72.34
-0.7959183673469388,-0.061224489795918366,3.6439099059321604e9,6.165507213392234e9,2.52159730746e9,69.2
-0.7959183673469388,-0.02040816326530612,3.6536520440112143e9,6.215508238585974e9,2.56185619457e9,70.12
-0.7959183673469388,0.02040816326530612,3.6467865357928934e9,6.215508238585974e9,2.56872170279e9,70.44
-0.7959183673469388,0.061224489795918366,3.667379766438414e9,6.165507213392234e9,2.49812744695e9,68.12
-0.7959183673469388,0.10204081632653061,3.518975935271515e9,6.065112824548094e9,2.54613688928e9,72.35
-0.7959183673469388,0.14285714285714285,3.442017191487961e9,5.913545468660436e9,2.47152827717e9,71.8
-0.7959183673469388,0.1836734693877551,3.3035086424899707e9,5.709648153311701e9,2.40613951082e9,72.84
-0.7959183673469388,0.22448979591836735,3.2386965876866655e9,5.451900663512882e9,2.21320407583e9,68.34
-0.7959183673469388,0.2653061224489796,2.982439227099726e9,5.138437321247092e9,2.15599809415e9,72.29
-0.7959183673469388,0.30612244897959184,2.773699674436552e9,4.767067525086262e9,1.99336785065e9,71.87
-0.7959183673469388,0.3469387755102041,2.518921294285899e9,4.335298214862508e9,1.81637692058e9,72.11
-0.7959183673469388,0.3877551020408163,2.186884378189444e9,3.8403574311619573e9,1.65347305297e9,75.61
-0.7959183673469388,0.42857142857142855,1.9167904270851388e9,3.279218216875418e9,1.36242778979e9,71.08
-0.7959183673469388,0.46938775510204084,1.5955228975138173e9,2.6486222205378785e9,1.05309932302e9,66.0
-0.7959183673469388,0.5102040816326531,1.2053565736351857e9,1.9451024910476995e9,7.3974591741e8,61.37
-0.7959183673469388,0.5510204081632653,8.149435555135024e8,1.1650050854455147e9,3.5006152993e8,42.96
-0.7959183673469388,0.5918367346938775,4.6617615560890734e8,3.0450923451756215e8,1.6166692109e8,34.68
-0.7551020408163265,-0.6326530612244898,5.59202246285385e8,5.524939534016625e8,6.70829288e6,1.2
-0.7551020408163265,-0.5918367346938775,9.937628723054718e8,1.467224769127214e9,4.7346189682e8,47.64
-0.7551020408163265,-0.5510204081632653,1.3817609851151412e9,2.298874438031738e9,9.1711345292e8,66.37
-0.7551020408163265,-0.5102040816326531,1.7413345639638278e9,3.05151261375334e9,1.31017804979e9,75.24
-0.7551020408163265,-0.46938775510204084,2.164374439072467e9,3.729065842968221e9,1.5646914039e9,72.29
-0.7551020408163265,-0.42857142857142855,2.47815385738728e9,4.335298214817727e9,1.85714435743e9,74.94
-0.7551020408163265,-0.3877551020408163,2.8379176010321255e9,4.873790092509574e9,2.03587249148e9,71.74
-0.7551020408163265,-0.3469387755102041,3.1132553458188953e9,5.347915037872667e9,2.23465969205e9,71.78
-0.7551020408163265,-0.30612244897959184,3.346592096768389e9,5.76081516337689e9,2.41422306661e9,72.14
-0.7551020408163265,-0.2653061224489796,3.609858288389037e9,6.11537529497872e9,2.50551700659e9,69.41
-0.7551020408163265,-0.22448979591836735,3.7838276606151366e9,6.414196496042241e9,2.63036883543e9,69.52
-0.7551020408163265,-0.1836734693877551,3.9403566451667504e9,6.659569674390806e9,2.71921302922e9,69.01
-0.7551020408163265,-0.14285714285714285,4.0747777549483466e9,6.853450151895589e9,2.77867239695e9,68.19
-0.7551020408163265,-0.10204081632653061,4.229763945524621e9,6.9974341946387415e9,2.76767024911e9,65.43
-0.7551020408163265,-0.061224489795918366,4.30989566453114e9,7.092738555773222e9,2.78284289124e9,64.57
-0.7551020408163265,-0.02040816326530612,4.296366864552304e9,7.140184050502577e9,2.84381718595e9,66.19
-0.7551020408163265,0.02040816326530612,4.321307555672506e9,7.140184050502577e9,2.81887649483e9,65.23
-0.7551020408163265,0.061224489795918366,4.220833000805421e9,7.092738555773222e9,2.87190555497e9,68.04
-0.7551020408163265,0.10204081632653061,4.1924822531875663e9,6.9974341946387415e9,2.80495194145e9,66.9
-0.7551020408163265,0.14285714285714285,4.06492301876591e9,6.853450151895589e9,2.78852713313e9,68.6
-0.7551020408163265,0.1836734693877551,3.992160983647673e9,6.659569674390806e9,2.66740869074e9,66.82
-0.7551020408163265,0.22448979591836735,3.8014005534145584e9,6.414196496042241e9,2.61279594263e9,68.73
-0.7551020408163265,0.2653061224489796,3.619682123784669e9,6.11537529497872e9,2.49569317119e9,68.95
-0.7551020408163265,0.30612244897959184,3.430988218289566e9,5.76081516337689e9,2.32982694509e9,67.91
-0.7551020408163265,0.3469387755102041,3.1309711155814466e9,5.347915037872667e9,2.21694392229e9,70.81
-0.7551020408163265,0.3877551020408163,2.844908882013708e9,4.873790092509574e9,2.0288812105e9,71.32
-0.7551020408163265,0.42857142857142855,2.4400544281879277e9,4.335298214817727e9,1.89524378663e9,77.67
-0.7551020408163265,0.46938775510204084,2.1732518291169095e9,3.729065842968221e9,1.55581401385e9,71.59
-0.7551020408163265,0.5102040816326531,1.8189955921837387e9,3.05151261375334e9,1.23251702157e9,67.76
-0.7551020408163265,0.5510204081632653,1.4267200689333694e9,2.298874438031738e9,8.721543691e8,61.13
-0.7551020408163265,0.5918367346938775,9.715168117539585e8,1.467224769127214e9,4.9570795737e8,51.02
-0.7551020408163265,0.6326530612244898,5.747595886799322e8,5.524939534016625e8,2.226563528e7,3.87
-0.7142857142857143,-0.673469387755102,6.217154822515064e8,6.758506284636859e8,5.413514621e7,8.71
-0.7142857142857143,-0.6326530612244898,1.0626780744542927e9,1.6472512225267231e9,5.8457314807e8,55.01
-0.7142857142857143,-0.5918367346938775,1.5047466625956743e9,2.532489613921327e9,1.02774295133e9,68.3
-0.7142857142857143,-0.5510204081632653,1.9387612000120883e9,3.3358562331888185e9,1.39709503318e9,72.06
-0.7142857142857143,-0.5102040816326531,2.316377340801021e9,4.0615223533253274e9,1.74514501252e9,75.34
-0.7142857142857143,-0.46938775510204084,2.7761401535337114e9,4.713522306350654e9,1.93738215282e9,69.79
-0.7142857142857143,-0.42857142857142855,3.0923791588591666e9,5.295733464252212e9,2.20335430539e9,71.25
-0.7142857142857143,-0.3877551020408163,3.4575244497199755e9,5.811853934999794e9,2.35432948528e9,68.09
-0.7142857142857143,-0.3469387755102041,3.609628259862478e9,6.265378026901183e9,2.65574976704e9,73.57
-0.7142857142857143,-0.30612244897959184,3.970068412603845e9,6.659569674273125e9,2.68950126167e9,67.74
-0.7142857142857143,-0.2653061224489796,4.2292830911454353e9,6.997434194494876e9,2.76815110335e9,65.45
-0.7142857142857143,-0.22448979591836735,4.397899440589391e9,7.28168895503847e9,2.88378951445e9,65.57
-0.7142857142857143,-0.1836734693877551,4.588187688591143e9,7.514733754597717e9,2.92654606601e9,63.78
-0.7142857142857143,-0.14285714285714285,4.708955578745577e9,7.698621940810039e9,2.98966636206e9,63.49
-0.7142857142857143,-0.10204081632653061,4.767652838697062e9,7.835033465325087e9,3.06738062663e9,64.34
-0.7142857142857143,-0.061224489795918366,4.7832684280281e9,7.925251177439854e9,3.14198274941e9,65.69
-0.7142857142857143,-0.02040816326530612,4.803732624434337e9,7.970141645213694e9,3.16640902078e9,65.92
-0.7142857142857143,0.02040816326530612,4.801928703308588e9,7.970141645213694e9,3.16821294191e9,65.98
-0.7142857142857143,0.061224489795918366,4.84042717635421e9,7.925251177439854e9,3.08482400109e9,63.73
-0.7142857142857143,0.10204081632653061,4.829149837892593e9,7.835033465325087e9,3.00588362743e9,62.24
-0.7142857142857143,0.14285714285714285,4.680861565008532e9,7.698621940810039e9,3.0177603758e9,64.47
-0.7142857142857143,0.1836734693877551,4.574160900854259e9,7.514733754597717e9,2.94057285374e9,64.29
-0.7142857142857143,0.22448979591836735,4.392212272456949e9,7.28168895503847e9,2.88947668258e9,65.79
-0.7142857142857143,0.2653061224489796,4.159778336576352e9,6.997434194494876e9,2.83765585792e9,68.22
-0.7142857142857143,0.30612244897959184,3.997190364139193e9,6.659569674273125e9,2.66237931013e9,66.61
-0.7142857142857143,0.3469387755102041,3.7097418902327447e9,6.265378026901183e9,2.55563613667e9,68.89
-0.7142857142857143,0.3877551020408163,3.4176264753259773e9,5.811853934999794e9,2.39422745967e9,70.06
-0.7142857142857143,0.42857142857142855,3.0728669321907554e9,5.295733464252212e9,2.22286653206e9,72.34
-0.7142857142857143,0.46938775510204084,2.7214765022622604e9,4.713522306350654e9,1.99204580409e9,73.2
-0.7142857142857143,0.5102040816326531,2.326746146558296e9,4.0615223533253274e9,1.73477620677e9,74.56
-0.7142857142857143,0.5510204081632653,1.9648147920523624e9,3.3358562331888185e9,1.37104144114e9,69.78
-0.7142857142857143,0.5918367346938775,1.4890139507942631e9,2.532489613921327e9,1.04347566313e9,70.08
-0.7142857142857143,0.6326530612244898,1.0644712257127907e9,1.6472512225267231e9,5.8277999681e8,54.75
-0.7142857142857143,0.673469387755102,6.23810447038633e8,6.758506284636859e8,5.204018143e7,8.34
-0.673469387755102,-0.7142857142857143,6.187755607110536e8,6.758506284614164e8,5.707506775e7,9.22
-0.673469387755102,-0.673469387755102,1.1188258997028704e9,1.707041294837562e9,5.8821539513e8,52.57
-0.673469387755102,-0.6326530612244898,1.5495715036938603e9,2.648622220490914e9,1.0990507168e9,70.93
-0.673469387755102,-0.5918367346938775,2.0042687626000957e9,3.5050743832504973e9,1.50080562065e9,74.88
-0.673469387755102,-0.5510204081632653,2.494443158259839e9,4.280782674568537e9,1.78633951631e9,71.61
-0.673469387755102,-0.5102040816326531,2.8860063122298365e9,4.980020279201469e9,2.09401396697e9,72.56
-0.673469387755102,-0.46938775510204084,3.259810991398433e9,5.606930697425958e9,2.34711970603e9,72.0
-0.673469387755102,-0.42857142857142855,3.613077797640831e9,6.165507213118302e9,2.55242941548e9,70.64
-0.673469387755102,-0.3877551020408163,3.9457477432778144e9,6.6595696741821375e9,2.7138219309e9,68.78
-0.673469387755102,-0.3469387755102041,4.271519027196898e9,7.092738555504489e9,2.82121952831e9,66.05
-0.673469387755102,-0.30612244897959184,4.58938730614375e9,7.468406427165902e9,2.87901912102e9,62.73
-0.673469387755102,-0.2653061224489796,4.749298979608515e9,7.789707156609883e9,3.040408177e9,64.02
-0.673469387755102,-0.22448979591836735,4.936579650253623e9,8.059483430106344e9,3.12290377985e9,63.26
-0.673469387755102,-0.1836734693877551,5.140317596802126e9,8.280253471908834e9,3.13993587511e9,61.08
-0.673469387755102,-0.14285714285714285,5.269114123325714e9,8.454178140139838e9,3.18506401681e9,60.45
-0.673469387755102,-0.10204081632653061,5.403097892045241e9,8.58302984267282e9,3.17993195063e9,58.85
-0.673469387755102,-0.061224489795918366,5.424490476649604e9,8.668164889452894e9,3.2436744128e9,59.8
-0.673469387755102,-0.02040816326530612,5.385475468747368e9,8.710500924861105e9,3.32502545611e9,61.74
-0.673469387755102,0.02040816326530612,5.3010715744900875e9,8.710500924861105e9,3.40942935037e9,64.32
-0.673469387755102,0.061224489795918366,5.378540715434339e9,8.668164889452894e9,3.28962417402e9,61.16
-0.673469387755102,0.10204081632653061,5.353733891298623e9,8.58302984267282e9,3.22929595137e9,60.32
-0.673469387755102,0.14285714285714285,5.28544070494812e9,8.454178140139838e9,3.16873743519e9,59.95
-0.673469387755102,0.1836734693877551,5.099364168532959e9,8.280253471908834e9,3.18088930338e9,62.38
-0.673469387755102,0.22448979591836735,4.916250680462664e9,8.059483430106344e9,3.14323274964e9,63.94
-0.673469387755102,0.2653061224489796,4.7393807418738575e9,7.789707156609883e9,3.05032641474e9,64.36
-0.673469387755102,0.30612244897959184,4.492891278245405e9,7.468406427165902e9,2.97551514892e9,66.23
-0.673469387755102,0.3469387755102041,4.248499787786882e9,7.092738555504489e9,2.84423876772e9,66.95
-0.673469387755102,0.3877551020408163,4.020842934842093e9,6.6595696741821375e9,2.63872673934e9,65.63
-0.673469387755102,0.42857142857142855,3.5752846778151617e9,6.165507213118302e9,2.5902225353e9,72.45
-0.673469387755102,0.46938775510204084,3.2998344124425135e9,5.606930697425958e9,2.30709628498e9,69.92
-0.673469387755102,0.5102040816326531,2.932130247905589e9,4.980020279201469e9,2.0478900313e9,69.84
-0.673469387755102,0.5510204081632653,2.482955111916391e9,4.280782674568537e9,1.79782756265e9,72.41
-0.673469387755102,0.5918367346938775,2.031043326183864e9,3.5050743832504973e9,1.47403105707e9,72.58
-0.673469387755102,0.6326530612244898,1.6061535708327324e9,2.648622220490914e9,1.04246864966e9,64.9
-0.673469387755102,0.673469387755102,1.1042882827298312e9,1.707041294837562e9,6.0275301211e8,54.58
-0.673469387755102,0.7142857142857143,6.209139963365234e8,6.758506284614164e8,5.493663212e7,8.85
-0.6326530612244898,-0.7551020408163265,5.853729703662732e8,5.524939533961799e8,3.287901697e7,5.62
-0.6326530612244898,-0.7142857142857143,1.0513865882798659e9,1.6472512225151277e9,5.9586463424e8,56.67
-0.6326530612244898,-0.673469387755102,1.5529275523957965e9,2.6486222204810214e9,1.09569466809e9,70.56
-0.6326530612244898,-0.6326530612244898,2.1069139831322148e9,3.5612476692286606e9,1.4543336861e9,69.03
-0.6326530612244898,-0.5918367346938775,2.5652659326832867e9,4.389693411310459e9,1.82442747863e9,71.12
-0.6326530612244898,-0.5510204081632653,3.0425083394284945e9,5.138437321050409e9,2.09592898162e9,68.89
-0.6326530612244898,-0.5102040816326531,3.414111347721576e9,5.811853934894531e9,2.39774258717e9,70.23
-0.6326530612244898,-0.46938775510204084,3.8264523114842863e9,6.414196495797958e9,2.58774418431e9,67.63
-0.6326530612244898,-0.42857142857142855,4.1580840098527246e9,6.949576121722572e9,2.79149211187e9,67.13
-0.6326530612244898,-0.3877551020408163,4.475749150315268e9,7.421937857380856e9,2.94618870707e9,65.83
-0.6326530612244898,-0.3469387755102041,4.753777689947607e9,7.835033465000697e9,3.08125577505e9,64.82
-0.6326530612244898,-0.30612244897959184,5.06869124069473e9,8.192390968387709e9,3.12369972769e9,61.63
-0.6326530612244898,-0.2653061224489796,5.323872790571837e9,8.497281196519144e9,3.17340840595e9,59.61
-0.6326530612244898,-0.22448979591836735,5.464213242613051e9,8.752681882072874e9,3.28846863946e9,60.18
-0.6326530612244898,-0.1836734693877551,5.654274494511754e9,8.96124024589244e9,3.30696575138e9,58.49
-0.6326530612244898,-0.14285714285714285,5.777463686107748e9,9.12523540837935e9,3.34777172227e9,57.95
-0.6326530612244898,-0.10204081632653061,5.878097778363953e9,9.24654235622104e9,3.36844457786e9,57.31
-0.6326530612244898,-0.061224489795918366,5.889146971408487e9,9.326599479235983e9,3.43745250783e9,58.37
-0.6326530612244898,-0.02040816326530612,5.955567813394784e9,9.366381791290249e9,3.4108139779e9,57.27
-0.6326530612244898,0.02040816326530612,5.942281857652501e9,9.366381791290249e9,3.42409993364e9,57.62
-0.6326530612244898,0.061224489795918366,5.964695520202294e9,9.326599479235983e9,3.36190395903e9,56.36
-0.6326530612244898,0.10204081632653061,5.80008050995872e9,9.24654235622104e9,3.44646184626e9,59.42
-0.6326530612244898,0.14285714285714285,5.74562204317095e9,9.12523540837935e9,3.37961336521e9,58.82
-0.6326530612244898,0.1836734693877551,5.624381284750338e9,8.96124024589244e9,3.33685896114e9,59.33
-0.6326530612244898,0.22448979591836735,5.496983479577759e9,8.752681882072874e9,3.2556984025e9,59.23
-0.6326530612244898,0.2653061224489796,5.284907839747385e9,8.497281196519144e9,3.21237335677e9,60.78
-0.6326530612244898,0.30612244897959184,5.040202203393096e9,8.192390968387709e9,3.15218876499e9,62.54
-0.6326530612244898,0.3469387755102041,4.796600480865481e9,7.835033465000697e9,3.03843298414e9,63.35
-0.6326530612244898,0.3877551020408163,4.483434048725111e9,7.421937857380856e9,2.93850380866e9,65.54
-0.6326530612244898,0.42857142857142855,4.180556234719078e9,6.949576121722572e9,2.769019887e9,66.24
-0.6326530612244898,0.46938775510204084,3.792722869551821e9,6.414196495797958e9,2.62147362625e9,69.12
-0.6326530612244898,0.5102040816326531,3.394070687234767e9,5.811853934894531e9,2.41778324766e9,71.24
-0.6326530612244898,0.5510204081632653,3.0313820564504633e9,5.138437321050409e9,2.1070552646e9,69.51
-0.6326530612244898,0.5918367346938775,2.5397837322083673e9,4.389693411310459e9,1.8499096791e9,72.84
-0.6326530612244898,0.6326530612244898,2.1058990489242291e9,3.5612476692286606e9,1.4553486203e9,69.11
-0.6326530612244898,0.673469387755102,1.5438455265507035e9,2.6486222204810214e9,1.10477669393e9,71.56
-0.6326530612244898,0.7142857142857143,1.0666330724492556e9,1.6472512225151277e9,5.8061815007e8,54.43
-0.6326530612244898,0.7551020408163265,5.706642054300395e8,5.524939533961799e8,1.817025203e7,3.18
-0.5918367346938775,-0.7959183673469388,4.5761227847688913e8,3.04509234512676e8,1.5310304396e8,33.46
-0.5918367346938775,-0.7551020408163265,9.560467191687311e8,1.4672247691070237e9,5.1117804994e8,53.47
-0.5918367346938775,-0.7142857142857143,1.4987686478440654e9,2.532489613893381e9,1.03372096605e9,68.97
-0.5918367346938775,-0.673469387755102,2.0311518824363391e9,3.505074383223002e9,1.47392250079e9,72.57
-0.5918367346938775,-0.6326530612244898,2.526481018653166e9,4.389693411292152e9,1.86321239264e9,73.75
-0.5918367346938775,-0.5918367346938775,3.0102941877673697e9,5.190994306785572e9,2.18070011902e9,72.44
-0.5918367346938775,-0.5510204081632653,3.500541176521403e9,5.913545468334887e9,2.41300429181e9,68.93
-0.5918367346938775,-0.5102040816326531,3.888682342137728e9,6.561821201606668e9,2.67313885947e9,68.74
-0.5918367346938775,-0.46938775510204084,4.273809066078388e9,7.140184050067153e9,2.86637498399e9,67.07
-0.5918367346938775,-0.42857142857142855,4.704698899179769e9,7.652863942306705e9,2.94816504313e9,62.66
-0.5918367346938775,-0.3877551020408163,4.981986036494204e9,8.103933783549972e9,3.12194774706e9,62.66
-0.5918367346938775,-0.3469387755102041,5.282311248333923e9,8.497281196361856e9,3.21496994803e9,60.86
-0.5918367346938775,-0.30612244897959184,5.551403615830072e9,8.836576267667662e9,3.28517265184e9,59.18
-0.5918367346938775,-0.2653061224489796,5.754998103122857e9,9.125235408113447e9,3.37023730499e9,58.56
-0.5918367346938775,-0.22448979591836735,6.023439330854663e9,9.366381790950518e9,3.3429424601e9,55.5
-0.5918367346938775,-0.1836734693877551,6.079359442432677e9,9.56280330964015e9,3.48344386721e9,57.3
-0.5918367346938775,-0.14285714285714285,6.275845770271294e9,9.716909545588095e9,3.44106377532e9,54.83
-0.5918367346938775,-0.10204081632653061,6.278292403022631e9,9.830689799630943e9,3.55239739661e9,56.58
-0.5918367346938775,-0.061224489795918366,6.399819686760279e9,9.905674702499327e9,3.50585501574e9,54.78
-0.5918367346938775,-0.02040816326530612,6.414006754895081e9,9.942904145948147e9,3.52889739105e9,55.02
-0.5918367346938775,0.02040816326530612,6.433466808297078e9,9.942904145948147e9,3.50943733765e9,54.55
-0.5918367346938775,0.061224489795918366,6.395401262624723e9,9.905674702499327e9,3.51027343987e9,54.89
-0.5918367346938775,0.10204081632653061,6.334929366747198e9,9.830689799630943e9,3.49576043288e9,55.18
-0.5918367346938775,0.14285714285714285,6.173107595678104e9,9.716909545588095e9,3.54380194991e9,57.41
-0.5918367346938775,0.1836734693877551,6.00223828367948e9,9.56280330964015e9,3.56056502596e9,59.32
-0.5918367346938775,0.22448979591836735,5.970251292031841e9,9.366381790950518e9,3.39613049892e9,56.88
-0.5918367346938775,0.2653061224489796,5.699132193332433e9,9.125235408113447e9,3.42610321478e9,60.12
-0.5918367346938775,0.30612244897959184,5.565957626063581e9,8.836576267667662e9,3.2706186416e9,58.76
-0.5918367346938775,0.3469387755102041,5.324983124785571e9,8.497281196361856e9,3.17229807158e9,59.57
-0.5918367346938775,0.3877551020408163,4.994566638856561e9,8.103933783549972e9,3.10936714469e9,62.25
-0.5918367346938775,0.42857142857142855,4.684100694528404e9,7.652863942306705e9,2.96876324778e9,63.38
-0.5918367346938775,0.46938775510204084,4.2520553658052263e9,7.140184050067153e9,2.88812868426e9,67.92
-0.5918367346938775,0.5102040816326531,3.8907103896989264e9,6.561821201606668e9,2.67111081191e9,68.65
-0.5918367346938775,0.5510204081632653,3.486429650657766e9,5.913545468334887e9,2.42711581768e9,69.62
-0.5918367346938775,0.5918367346938775,3.0383548549688315e9,5.190994306785572e9,2.15263945182e9,70.85
-0.5918367346938775,0.6326530612244898,2.524874124236945e9,4.389693411292152e9,1.86481928706e9,73.86
-0.5918367346938775,0.673469387755102,2.0278868887614493e9,3.505074383223002e9,1.47718749446e9,72.84
-0.5918367346938775,0.7142857142857143,1.482155194045978e9,2.532489613893381e9,1.05033441985e9,70.87
-0.5918367346938775,0.7551020408163265,1.008480999461812e9,1.4672247691070237e9,4.5874376965e8,45.49
-0.5918367346938775,0.7959183673469388,4.420717527499455e8,3.04509234512676e8,1.3756251824e8,31.12
-0.5510204081632653,-0.7959183673469388,8.300723889929465e8,1.1650050854223773e9,3.3493269643e8,40.35
-0.5510204081632653,-0.7551020408163265,1.3753497009051387e9,2.298874437990746e9,9.2352473709e8,67.15
-0.5510204081632653,-0.7142857142857143,1.9321805493845494e9,3.3358562331376796e9,1.40367568375e9,72.65
-0.5510204081632653,-0.673469387755102,2.4465098468490324e9,4.28078267451579e9,1.83427282767e9,74.98
-0.5510204081632653,-0.6326530612244898,2.9464770623692656e9,5.138437321005303e9,2.19196025864e9,74.39
-0.5510204081632653,-0.5918367346938775,3.5110189645802317e9,5.91354546830723e9,2.40252650373e9,68.43
-0.5510204081632653,-0.5510204081632653,3.9795085644619455e9,6.610762480852303e9,2.63125391639e9,66.12
-0.5510204081632653,-0.5102040816326531,4.326099331553206e9,7.234659657153656e9,2.9085603256e9,67.23
-0.5510204081632653,-0.46938775510204084,4.797179461797259e9,7.78970715630616e9,2.99252769451e9,62.38
-0.5510204081632653,-0.42857142857142855,5.146677195989332e9,8.2802534714897e9,3.1335762755e9,60.89
-0.5510204081632653,-0.3877551020408163,5.472461514272507e9,8.710500924279793e9,3.23803941001e9,59.17
-0.5510204081632653,-0.3469387755102041,5.645170260228285e9,9.08447669491911e9,3.43930643469e9,60.92
-0.5510204081632653,-0.30612244897959184,6.049718136633156e9,9.405999029737827e9,3.3562808931e9,55.48
-0.5510204081632653,-0.2653061224489796,6.209289746755567e9,9.678638514114187e9,3.46934876736e9,55.87
-0.5510204081632653,-0.22448979591836735,6.423508837138467e9,9.90567470208956e9,3.48216586495e9,54.21
-0.5510204081632653,-0.1836734693877551,6.592056248659217e9,1.0090048970053522e10,3.49799272139e9,53.06
-0.5510204081632653,-0.14285714285714285,6.614510859887903e9,1.0234315192693995e10,3.61980433281e9,54.73
-0.5510204081632653,-0.10204081632653061,6.752167166703992e9,1.0340590645807302e10,3.5884234791e9,53.14
-0.5510204081632653,-0.061224489795918366,6.821341572173654e9,1.0410510271616388e10,3.58916869944e9,52.62
-0.5510204081632653,-0.02040816326530612,6.927096015109358e9,1.0445187889735998e10,3.51809187463e9,50.79
-0.5510204081632653,0.02040816326530612,6.777339871196805e9,1.0445187889735998e10,3.66784801854e9,54.12
-0.5510204081632653,0.061224489795918366,6.917970484996508e9,1.0410510271616388e10,3.49253978662e9,50.49
-0.5510204081632653,0.10204081632653061,6.727037338139085e9,1.0340590645807302e10,3.61355330767e9,53.72
-0.5510204081632653,0.14285714285714285,6.65717803451685e9,1.0234315192693995e10,3.57713715818e9,53.73
-0.5510204081632653,0.1836734693877551,6.5402459314058895e9,1.0090048970053522e10,3.54980303865e9,54.28
-0.5510204081632653,0.22448979591836735,6.356987191956339e9,9.90567470208956e9,3.54868751013e9,55.82
-0.5510204081632653,0.2653061224489796,6.200670989348635e9,9.678638514114187e9,3.47796752477e9,56.09
-0.5510204081632653,0.30612244897959184,5.978739934289679e9,9.405999029737827e9,3.42725909545e9,57.32
-0.5510204081632653,0.3469387755102041,5.680567725924658e9,9.08447669491911e9,3.40390896899e9,59.92
-0.5510204081632653,0.3877551020408163,5.542645926070413e9,8.710500924279793e9,3.16785499821e9,57.15
-0.5510204081632653,0.42857142857142855,5.108822444765882e9,8.2802534714897e9,3.17143102672e9,62.08
-0.5510204081632653,0.46938775510204084,4.741853746970164e9,7.78970715630616e9,3.04785340934e9,64.28
-0.5510204081632653,0.5102040816326531,4.315625298530875e9,7.234659657153656e9,2.91903435862e9,67.64
-0.5510204081632653,0.5510204081632653,3.876036384049147e9,6.610762480852303e9,2.7347260968e9,70.55
-0.5510204081632653,0.5918367346938775,3.4969948655386667e9,5.91354546830723e9,2.41655060277e9,69.1
-0.5510204081632653,0.6326530612244898,2.997295244510121e9,5.138437321005303e9,2.1411420765e9,71.44
-0.5510204081632653,0.673469387755102,2.5177671448484535e9,4.28078267451579e9,1.76301552967e9,70.02
-0.5510204081632653,0.7142857142857143,1.9055299679271126e9,3.3358562331376796e9,1.43032626521e9,75.06
-0.5510204081632653,0.7551020408163265,1.3557973420769348e9,2.298874437990746e9,9.4307709591e8,69.56
-0.5510204081632653,0.7959183673469388,8.198388105315193e8,1.1650050854223773e9,3.4516627489e8,42.1
-0.5102040816326531,-0.8367346938775511,6.467405869037237e8,7.373694067348726e8,9.062881983e7,14.01
-0.5102040816326531,-0.7959183673469388,1.2329818277924855e9,1.945102491001387e9,7.1212066321e8,57.76
-0.5102040816326531,-0.7551020408163265,1.7748189876714618e9,3.0515126136858826e9,1.27669362601e9,71.93
-0.5102040816326531,-0.7142857142857143,2.319759361501588e9,4.061522353244487e9,1.74176299174e9,75.08
-0.5102040816326531,-0.673469387755102,2.91432083957644e9,4.980020279116032e9,2.06569943954e9,70.88
-0.5102040816326531,-0.6326530612244898,3.386995648739909e9,5.8118539348141985e9,2.42485828607e9,71.59
-0.5102040816326531,-0.5918367346938775,3.933537277403833e9,6.561821201541913e9,2.62828392414e9,66.82
-0.5102040816326531,-0.5510204081632653,4.34826438870246e9,7.234659657115537e9,2.88639526841e9,66.38
-0.5102040816326531,-0.5102040816326531,4.815805073229484e9,7.835033464772859e9,3.01922839154e9,62.69
-0.5102040816326531,-0.46938775510204084,5.174071396494272e9,8.367517240774594e9,3.19344584428e9,61.72
-0.5102040816326531,-0.42857142857142855,5.517829942030536e9,8.836576267425732e9,3.3187463254e9,60.15
-0.5102040816326531,-0.3877551020408163,5.745305414898733e9,9.246542355585274e9,3.50123694069e9,60.94
-0.5102040816326531,-0.3469387755102041,6.075942505297443e9,9.60158464494315e9,3.52564213965e9,58.03
-0.5102040816326531,-0.30612244897959184,6.428371128585042e9,9.905674701833681e9,3.47730357325e9,54.09
-0.5102040816326531,-0.2653061224489796,6.541798963544459e9,1.016254548737779e10,3.62074652383e9,55.35
-0.5102040816326531,-0.22448979591836735,6.853179596294152e9,1.0375644185388521e10,3.52246458909e9,51.4
-0.5102040816326531,-0.1836734693877551,6.984859044243105e9,1.0548079552704262e10,3.56322050846e9,51.01
-0.5102040816326531,-0.14285714285714285,7.006661634359792e9,1.0682565396609539e10,3.67590376225e9,52.46
-0.5102040816326531,-0.10204081632653061,7.183115375908275e9,1.0781362922786097e10,3.59824754688e9,50.09
-0.5102040816326531,-0.061224489795918366,7.217896971599815e9,1.0846225838497265e10,3.6283288669e9,50.27
-0.5102040816326531,-0.02040816326530612,7.229247135458921e9,1.0878352922791126e10,3.64910578733e9,50.48
-0.5102040816326531,0.02040816326530612,7.338001499734134e9,1.0878352922791126e10,3.54035142306e9,48.25
-0.5102040816326531,0.061224489795918366,7.187817082251518e9,1.0846225838497265e10,3.65840875625e9,50.9
-0.5102040816326531,0.10204081632653061,7.178179781302058e9,1.0781362922786097e10,3.60318314148e9,50.2
-0.5102040816326531,0.14285714285714285,7.059609991025564e9,1.0682565396609539e10,3.62295540558e9,51.32
-0.5102040816326531,0.1836734693877551,6.938570986568174e9,1.0548079552704262e10,3.60950856614e9,52.02
-0.5102040816326531,0.22448979591836735,6.831214190527347e9,1.0375644185388521e10,3.54442999486e9,51.89
-0.5102040816326531,0.2653061224489796,6.577371774258654e9,1.016254548737779e10,3.58517371312e9,54.51
-0.5102040816326531,0.30612244897959184,6.410618328332003e9,9.905674701833681e9,3.4950563735e9,54.52
-0.5102040816326531,0.3469387755102041,6.130654031466326e9,9.60158464494315e9,3.47093061348e9,56.62
-0.5102040816326531,0.3877551020408163,5.81715590760399e9,9.246542355585274e9,3.42938644798e9,58.95
-0.5102040816326531,0.42857142857142855,5.558588061377279e9,8.836576267425732e9,3.27798820605e9,58.97
-0.5102040816326531,0.46938775510204084,5.180598799816981e9,8.367517240774594e9,3.18691844096e9,61.52
-0.5102040816326531,0.5102040816326531,4.788907111916613e9,7.835033464772859e9,3.04612635286e9,63.61
-0.5102040816326531,0.5510204081632653,4.355433276204721e9,7.234659657115537e9,2.87922638091e9,66.11
-0.5102040816326531,0.5918367346938775,3.883320644946524e9,6.561821201541913e9,2.6785005566e9,68.97
-0.5102040816326531,0.6326530612244898,3.4560556885904655e9,5.8118539348141985e9,2.35579824622e9,68.16
-0.5102040816326531,0.673469387755102,2.9097433632385755e9,4.980020279116032e9,2.07027691588e9,71.15
-0.5102040816326531,0.7142857142857143,2.394558589006085e9,4.061522353244487e9,1.66696376424e9,69.61
-0.5102040816326531,0.7551020408163265,1.7628877414414322e9,3.0515126136858826e9,1.28862487224e9,73.1
-0.5102040816326531,0.7959183673469388,1.1854380402086089e9,1.945102491001387e9,7.5966445079e8,64.08
-0.5102040816326531,0.8367346938775511,6.707763529492185e8,7.373694067348726e8,6.659305379e7,9.93
-0.46938775510204084,-0.8775510204081632,4.175888554562613e8,1.7988407451654685e8,2.3770478094e8,56.92
-0.46938775510204084,-0.8367346938775511,1.001101993935602e9,1.4672247691035287e9,4.6612277517e8,46.56
-0.46938775510204084,-0.7959183673469388,1.609666225354583e9,2.6486222204641147e9,1.03895599511e9,64.54
-0.46938775510204084,-0.7551020408163265,2.166534956927277e9,3.7290658428692226e9,1.56253088594e9,72.12
-0.46938775510204084,-0.7142857142857143,2.725630167303814e9,4.713522306234091e9,1.98789213893e9,72.93
-0.46938775510204084,-0.673469387755102,3.300822094508785e9,5.60693069730074e9,2.30610860279e9,69.86
-0.46938775510204084,-0.6326530612244898,3.8166496413212585e9,6.414196495674158e9,2.59754685435e9,68.06
-0.46938775510204084,-0.5918367346938775,4.299833850825189e9,7.14018404995586e9,2.84035019913e9,66.06
-0.46938775510204084,-0.5510204081632653,4.765248145139793e9,7.789707156219286e9,3.02445901108e9,63.47
-0.46938775510204084,-0.5102040816326531,5.181947337403838e9,8.367517240724664e9,3.18556990332e9,61.47
-0.46938775510204084,-0.46938775510204084,5.628826859545286e9,8.878288531891237e9,3.24946167235e9,57.73
-0.46938775510204084,-0.42857142857142855,5.985769262851909e9,9.32659947845244e9,3.3408302156e9,55.81
-0.46938775510204084,-0.3877551020408163,6.154024278660562e9,9.716909544919558e9,3.56288526626e9,57.9
-0.46938775510204084,-0.3469387755102041,6.499260534969877e9,1.0053530418963274e10,3.55426988399e9,54.69
-0.46938775510204084,-0.30612244897959184,6.777761794772928e9,1.0340590645078922e10,3.56282885031e9,52.57
-0.46938775510204084,-0.2653061224489796,6.891462844029465e9,1.0581992827620508e10,3.69052998359e9,53.55
-0.46938775510204084,-0.22448979591836735,7.180104658158773e9,1.0781362922228949e10,3.60125826407e9,50.16
-0.46938775510204084,-0.1836734693877551,7.274662916840124e9,1.0941991866580135e10,3.66732894974e9,50.41
-0.46938775510204084,-0.14285714285714285,7.389601710994688e9,1.1066770966837027e10,3.67716925584e9,49.76
-0.46938775510204084,-0.10204081632653061,7.431730170978006e9,1.115812402764383e10,3.72639385667e9,50.14
-0.46938775510204084,-0.061224489795918366,7.531685261671997e9,1.1217940968667763e10,3.686255707e9,48.94
-0.46938775510204084,-0.02040816326530612,7.616839938169222e9,1.1247519144155342e10,3.63067920599e9,47.67
-0.46938775510204084,0.02040816326530612,7.530028336449142e9,1.1247519144155342e10,3.71749080771e9,49.37
-0.46938775510204084,0.061224489795918366,7.562350010520169e9,1.1217940968667763e10,3.65559095815e9,48.34
-0.46938775510204084,0.10204081632653061,7.487891799236479e9,1.115812402764383e10,3.67023222841e9,49.02
-0.46938775510204084,0.14285714285714285,7.392064576983073e9,1.1066770966837027e10,3.67470638985e9,49.71
-0.46938775510204084,0.1836734693877551,7.375061843896658e9,1.0941991866580135e10,3.56693002268e9,48.36
-0.46938775510204084,0.22448979591836735,7.129864916583122e9,1.0781362922228949e10,3.65149800565e9,51.21
-0.46938775510204084,0.2653061224489796,6.86483061986371e9,1.0581992827620508e10,3.71716220776e9,54.15
-0.46938775510204084,0.30612244897959184,6.856484566132521e9,1.0340590645078922e10,3.48410607895e9,50.81
-0.46938775510204084,0.3469387755102041,6.583697088903331e9,1.0053530418963274e10,3.46983333006e9,52.7
-0.46938775510204084,0.3877551020408163,6.228409642953768e9,9.716909544919558e9,3.48849990197e9,56.01
-0.46938775510204084,0.42857142857142855,5.959241707433378e9,9.32659947845244e9,3.36735777102e9,56.51
-0.46938775510204084,0.46938775510204084,5.510838281462084e9,8.878288531891237e9,3.36745025043e9,61.11
-0.46938775510204084,0.5102040816326531,5.209936399149591e9,8.367517240724664e9,3.15758084158e9,60.61
-0.46938775510204084,0.5510204081632653,4.766943736317035e9,7.789707156219286e9,3.0227634199e9,63.41
-0.46938775510204084,0.5918367346938775,4.2516588412274714e9,7.14018404995586e9,2.88852520873e9,67.94
-0.46938775510204084,0.6326530612244898,3.7737879786598916e9,6.414196495674158e9,2.64040851701e9,69.97
-0.46938775510204084,0.673469387755102,3.265289088958379e9,5.60693069730074e9,2.34164160834e9,71.71
-0.46938775510204084,0.7142857142857143,2.7834466847952676e9,4.713522306234091e9,1.93007562144e9,69.34
-0.46938775510204084,0.7551020408163265,2.203222967863275e9,3.7290658428692226e9,1.52584287501e9,69.26
-0.46938775510204084,0.7959183673469388,1.5374477444157252e9,2.6486222204641147e9,1.11117447605e9,72.27
-0.46938775510204084,0.8367346938775511,1.0206872390590112e9,1.4672247691035287e9,4.4653753004e8,43.75
-0.46938775510204084,0.8775510204081632,4.211534224922875e8,1.7988407451654685e8,2.4126934798e8,57.29
-0.42857142857142855,-0.8775510204081632,7.098336069994009e8,8.600869224661125e8,1.5025331547e8,21.17
-0.42857142857142855,-0.8367346938775511,1.3462531896205711e9,2.1224886200006857e9,7.7623543038e8,57.66
-0.42857142857142855,-0.7959183673469388,1.9132386863310196e9,3.2792182167707367e9,1.36597953044e9,71.4
-0.42857142857142855,-0.7551020408163265,2.541379423107882e9,4.335298214682877e9,1.79391879157e9,70.59
-0.42857142857142855,-0.7142857142857143,3.0781821194054823e9,5.295733464094573e9,2.21755134469e9,72.04
-0.42857142857142855,-0.673469387755102,3.6431918774949517e9,6.16550721294673e9,2.52231533545e9,69.23
-0.42857142857142855,-0.6326530612244898,4.155754815505513e9,6.949576121547368e9,2.79382130604e9,67.23
-0.42857142857142855,-0.5918367346938775,4.664323102077203e9,7.652863942139504e9,2.98854084006e9,64.07
-0.42857142857142855,-0.5510204081632653,5.172556746552019e9,8.280253471343267e9,3.10769672479e9,60.08
-0.42857142857142855,-0.5102040816326531,5.486897937596575e9,8.836576267313694e9,3.34967832972e9,61.05
-0.42857142857142855,-0.46938775510204084,5.94366565508724e9,9.32659947838904e9,3.3829338233e9,56.92
-0.42857142857142855,-0.42857142857142855,6.307720270511096e9,9.755008955551403e9,3.44728868504e9,54.65
-0.42857142857142855,-0.3877551020408163,6.591247566625517e9,1.0126387623816128e10,3.53514005719e9,53.63
-0.42857142857142855,-0.3469387755102041,6.81901737722518e9,1.0445187888692438e10,3.62617051147e9,53.18
-0.42857142857142855,-0.30612244897959184,7.058368606270903e9,1.071569669939186e10,3.65732809312e9,51.82
-0.42857142857142855,-0.2653061224489796,7.26179407025318e9,1.0941991866170382e10,3.68019779592e9,50.68
-0.42857142857142855,-0.22448979591836735,7.379993687143718e9,1.1127888472556812e10,3.74789478541e9,50.78
-0.42857142857142855,-0.1836734693877551,7.6001582555193205e9,1.1276874921161076e10,3.67671666564e9,48.38
-0.42857142857142855,-0.14285714285714285,7.682460332789126e9,1.139203949910498e10,3.70957916632e9,48.29
-0.42857142857142855,-0.10204081632653061,7.775390800853999e9,1.147599043941028e10,3.70059963856e9,47.59
-0.42857142857142855,-0.061224489795918366,7.796913631711377e9,1.153077510081222e10,3.7338614691e9,47.89
-0.42857142857142855,-0.02040816326530612,7.811608078935617e9,1.155780645125419e10,3.74619837232e9,47.96
-0.42857142857142855,0.02040816326530612,7.807283588640979e9,1.155780645125419e10,3.75052286261e9,48.04
-0.42857142857142855,0.061224489795918366,7.818563048723905e9,1.153077510081222e10,3.71221205209e9,47.48
-0.42857142857142855,0.10204081632653061,7.844518067923281e9,1.147599043941028e10,3.63147237149e9,46.29
-0.42857142857142855,0.14285714285714285,7.669162635945662e9,1.139203949910498e10,3.72287686316e9,48.54
-0.42857142857142855,0.1836734693877551,7.54398532266342e9,1.1276874921161076e10,3.7328895985e9,49.48
-0.42857142857142855,0.22448979591836735,7.468499788007434e9,1.1127888472556812e10,3.65938868455e9,49.0
-0.42857142857142855,0.2653061224489796,7.364930097389151e9,1.0941991866170382e10,3.57706176878e9,48.57
-0.42857142857142855,0.30612244897959184,7.129075263279787e9,1.071569669939186e10,3.58662143611e9,50.31
-0.42857142857142855,0.3469387755102041,6.815574138398207e9,1.0445187888692438e10,3.62961375029e9,53.25
-0.42857142857142855,0.3877551020408163,6.518377635371847e9,1.0126387623816128e10,3.60800998844e9,55.35
-0.42857142857142855,0.42857142857142855,6.238315841038592e9,9.755008955551403e9,3.51669311451e9,56.37
-0.42857142857142855,0.46938775510204084,5.861403136684491e9,9.32659947838904e9,3.4651963417e9,59.12
-0.42857142857142855,0.5102040816326531,5.502208528998299e9,8.836576267313694e9,3.33436773832e9,60.6
-0.42857142857142855,0.5510204081632653,5.102274213648917e9,8.280253471343267e9,3.17797925769e9,62.29
-0.42857142857142855,0.5918367346938775,4.618208888584822e9,7.652863942139504e9,3.03465505355e9,65.71
-0.42857142857142855,0.6326530612244898,4.201101902217046e9,6.949576121547368e9,2.74847421933e9,65.42
-0.42857142857142855,0.673469387755102,3.589567834201243e9,6.16550721294673e9,2.57593937875e9,71.76
-0.42857142857142855,0.7142857142857143,3.067927590238452e9,5.295733464094573e9,2.22780587386e9,72.62
-0.42857142857142855,0.7551020408163265,2.5711311309732676e9,4.335298214682877e9,1.76416708371e9,68.61
-0.42857142857142855,0.7959183673469388,1.95545083002374e9,3.2792182167707367e9,1.32376738675e9,67.7
-0.42857142857142855,0.8367346938775511,1.2725059534563463e9,2.1224886200006857e9,8.4998266654e8,66.8
-0.42857142857142855,0.8775510204081632,7.077163103558323e8,8.600869224661125e8,1.5237061211e8,21.53
-0.3877551020408163,-0.9183673469387755,4.268233062954401e8,1.174139180174503e8,3.0940938828e8,72.49
-0.3877551020408163,-0.8775510204081632,9.489495830209243e8,1.4672247691055574e9,5.1827518608e8,54.62
-0.3877551020408163,-0.8367346938775511,1.6303265784549885e9,2.7065190139752913e9,1.07619243552e9,66.01
-0.3877551020408163,-0.7959183673469388,2.2476454903452883e9,3.8403574310238886e9,1.59271194068e9,70.86
-0.3877551020408163,-0.7551020408163265,2.898599947299678e9,4.873790092335537e9,1.97519014504e9,68.14
-0.3877551020408163,-0.7142857142857143,3.3692411784121494e9,5.811853934796616e9,2.44261275638e9,72.5
-0.3877551020408163,-0.673469387755102,3.9616586091783266e9,6.659569673958353e9,2.69791106478e9,68.1
-0.3877551020408163,-0.6326530612244898,4.448633854397113e9,7.421937857146772e9,2.97330400275e9,66.84
-0.3877551020408163,-0.5918367346938775,4.970171452047963e9,8.103933783317619e9,3.13376233127e9,63.05
-0.3877551020408163,-0.5510204081632653,5.523661224938715e9,8.710500924062756e9,3.18683969912e9,57.69
-0.3877551020408163,-0.5102040816326531,5.824585381872948e9,9.246542355398382e9,3.42195697353e9,58.75
-0.3877551020408163,-0.46938775510204084,6.268932605642889e9,9.716909544778505e9,3.44797693914e9,55.0
-0.3877551020408163,-0.42857142857142855,6.635135505355589e9,1.0126387623737175e10,3.49125211838e9,52.62
-0.3877551020408163,-0.3877551020408163,6.867685505414331e9,1.0479676009097298e10,3.61199050368e9,52.59
-0.3877551020408163,-0.3469387755102041,7.146059659181852e9,1.0781362921751036e10,3.63530326257e9,50.87
-0.3877551020408163,-0.30612244897959184,7.389940808240895e9,1.103589202456688e10,3.64595121633e9,49.34
-0.3877551020408163,-0.2653061224489796,7.571371209139316e9,1.1247519142882717e10,3.67614793374e9,48.55
-0.3877551020408163,-0.22448979591836735,7.717023290228398e9,1.1420257007723642e10,3.7032337175e9,47.99
-0.3877551020408163,-0.1836734693877551,7.819252608275355e9,1.1557806450169958e10,3.73855384189e9,47.81
-0.3877551020408163,-0.14285714285714285,7.917083589290233e9,1.166347385087574e10,3.74639026159e9,47.32
-0.3877551020408163,-0.10204081632653061,8.033387926424548e9,1.1740077261476147e10,3.70668933505e9,46.14
-0.3877551020408163,-0.061224489795918366,8.022424103402972e9,1.1789847481332409e10,3.76742337793e9,46.96
-0.3877551020408163,-0.02040816326530612,8.079020398875498e9,1.1814334739048033e10,3.73531434017e9,46.23
-0.3877551020408163,0.02040816326530612,8.040513363745938e9,1.1814334739048033e10,3.7738213753e9,46.94
-0.3877551020408163,0.061224489795918366,8.015943237747217e9,1.1789847481332409e10,3.77390424359e9,47.08
-0.3877551020408163,0.10204081632653061,7.931995430942556e9,1.1740077261476147e10,3.80808183053e9,48.01
-0.3877551020408163,0.14285714285714285,7.927425081030579e9,1.166347385087574e10,3.73604876985e9,47.13
-0.3877551020408163,0.1836734693877551,7.777406575372175e9,1.1557806450169958e10,3.7803998748e9,48.61
-0.3877551020408163,0.22448979591836735,7.774051698726214e9,1.1420257007723642e10,3.646205309e9,46.9
-0.3877551020408163,0.2653061224489796,7.535836786324536e9,1.1247519142882717e10,3.71168235656e9,49.25
-0.3877551020408163,0.30612244897959184,7.371508487239322e9,1.103589202456688e10,3.66438353733e9,49.71
-0.3877551020408163,0.3469387755102041,7.116223707910686e9,1.0781362921751036e10,3.66513921384e9,51.5
-0.3877551020408163,0.3877551020408163,6.920239087819377e9,1.0479676009097298e10,3.55943692128e9,51.44
-0.3877551020408163,0.42857142857142855,6.592742486153818e9,1.0126387623737175e10,3.53364513758e9,53.6
-0.3877551020408163,0.46938775510204084,6.293764775392633e9,9.716909544778505e9,3.42314476939e9,54.39
-0.3877551020408163,0.5102040816326531,5.824752894745839e9,9.246542355398382e9,3.42178946065e9,58.75
-0.3877551020408163,0.5510204081632653,5.498397325908987e9,8.710500924062756e9,3.21210359815e9,58.42
-0.3877551020408163,0.5918367346938775,4.9792041781497135e9,8.103933783317619e9,3.12472960517e9,62.76
-0.3877551020408163,0.6326530612244898,4.534444257335795e9,7.421937857146772e9,2.88749359981e9,63.68
-0.3877551020408163,0.673469387755102,4.006085599340544e9,6.659569673958353e9,2.65348407462e9,66.24
-0.3877551020408163,0.7142857142857143,3.4139789354115477e9,5.811853934796616e9,2.39787499939e9,70.24
-0.3877551020408163,0.7551020408163265,2.8019903844435196e9,4.873790092335537e9,2.07179970789e9,73.94
-0.3877551020408163,0.7959183673469388,2.1668933567501397e9,3.8403574310238886e9,1.67346407427e9,77.23
-0.3877551020408163,0.8367346938775511,1.595379604189117e9,2.7065190139752913e9,1.11113940979e9,69.65
-0.3877551020408163,0.8775510204081632,9.71879692656628e8,1.4672247691055574e9,4.9534507645e8,50.97
-0.3877551020408163,0.9183673469387755,4.1144733476600933e8,1.174139180174503e8,2.9403341675e8,71.46
-0.3469387755102041,-0.9183673469387755,6.131782907311552e8,6.758506284592857e8,6.267233773e7,10.22
-0.3469387755102041,-0.8775510204081632,1.2517537460737648e9,2.004341998133289e9,7.5258825206e8,60.12
-0.3469387755102041,-0.8367346938775511,1.9070657195007808e9,3.2224646124283752e9,1.31539889293e9,68.98
-0.3469387755102041,-0.7959183673469388,2.480610414392884e9,4.335298214689798e9,1.8546878003e9,74.77
-0.3469387755102041,-0.7551020408163265,3.151038127907974e9,5.347915037657362e9,2.19687690975e9,69.72
-0.3469387755102041,-0.7142857142857143,3.691675240986684e9,6.265378026649205e9,2.57370278566e9,69.72
-0.3469387755102041,-0.673469387755102,4.284043541752641e9,7.092738555223679e9,2.80869501347e9,65.56
-0.3469387755102041,-0.6326530612244898,4.777312555963072e9,7.835033464700994e9,3.05772090874e9,64.01
-0.3469387755102041,-0.5918367346938775,5.236152534474734e9,8.497281196055389e9,3.26112866158e9,62.28
-0.3469387755102041,-0.5510204081632653,5.727583193028551e9,9.084476694620125e9,3.35689350159e9,58.61
-0.3469387755102041,-0.5102040816326531,6.171166396138467e9,9.601584644667742e9,3.43041824853e9,55.59
-0.3469387755102041,-0.46938775510204084,6.543300030103807e9,1.0053530418728905e10,3.51023038863e9,53.65
-0.3469387755102041,-0.42857142857142855,6.829648874883628e9,1.0445187888517351e10,3.61553901363e9,52.94
-0.3469387755102041,-0.3877551020408163,7.185282901431871e9,1.0781362921653847e10,3.59608002022e9,50.05
-0.3469387755102041,-0.3469387755102041,7.374638623119879e9,1.1066770965872833e10,3.69213234275e9,50.07
-0.3469387755102041,-0.30612244897959184,7.673714273576953e9,1.1306006602950977e10,3.63229232937e9,47.33
-0.3469387755102041,-0.2653061224489796,7.719597444430882e9,1.150350238980122e10,3.78390494537e9,49.02
-0.3469387755102041,-0.22448979591836735,7.924939354626364e9,1.1663473850208792e10,3.73853449558e9,47.17
-0.3469387755102041,-0.1836734693877551,8.129257605867589e9,1.1789847480138657e10,3.66058987427e9,45.03
-0.3469387755102041,-0.14285714285714285,8.116834517198713e9,1.1886169683451666e10,3.76933516625e9,46.44
-0.3469387755102041,-0.10204081632653061,8.23453208353007e9,1.1955497464225384e10,3.7209653807e9,45.19
-0.3469387755102041,-0.061224489795918366,8.181444121510516e9,1.2000277053960783e10,3.81883293245e9,46.68
-0.3469387755102041,-0.02040816326530612,8.213458979769205e9,1.2022223898585623e10,3.80876491882e9,46.37
-0.3469387755102041,0.02040816326530612,8.160065802721066e9,1.2022223898585623e10,3.86215809586e9,47.33
-0.3469387755102041,0.061224489795918366,8.257598767666901e9,1.2000277053960783e10,3.74267828629e9,45.32
-0.3469387755102041,0.10204081632653061,8.162772714227412e9,1.1955497464225384e10,3.79272475e9,46.46
-0.3469387755102041,0.14285714285714285,8.110258625076921e9,1.1886169683451666e10,3.77591105837e9,46.56
-0.3469387755102041,0.1836734693877551,8.069337452155067e9,1.1789847480138657e10,3.72051002798e9,46.11
-0.3469387755102041,0.22448979591836735,7.962516735033496e9,1.1663473850208792e10,3.70095711518e9,46.48
-0.3469387755102041,0.2653061224489796,7.734694750631376e9,1.150350238980122e10,3.76880763917e9,48.73
-0.3469387755102041,0.30612244897959184,7.63533534746121e9,1.1306006602950977e10,3.67067125549e9,48.07
-0.3469387755102041,0.3469387755102041,7.286393628078555e9,1.1066770965872833e10,3.78037733779e9,51.88
-0.3469387755102041,0.3877551020408163,7.165599280789026e9,1.0781362921653847e10,3.61576364086e9,50.46
-0.3469387755102041,0.42857142857142855,6.85259539793205e9,1.0445187888517351e10,3.59259249059e9,52.43
-0.3469387755102041,0.46938775510204084,6.582838090351411e9,1.0053530418728905e10,3.47069232838e9,52.72
-0.3469387755102041,0.5102040816326531,6.190414163196526e9,9.601584644667742e9,3.41117048147e9,55.1
-0.3469387755102041,0.5510204081632653,5.75867336134846e9,9.084476694620125e9,3.32580333327e9,57.75
-0.3469387755102041,0.5918367346938775,5.34669797156524e9,8.497281196055389e9,3.15058322449e9,58.93
-0.3469387755102041,0.6326530612244898,4.801288673162964e9,7.835033464700994e9,3.03374479154e9,63.19
-0.3469387755102041,0.673469387755102,4.307698813079886e9,7.092738555223679e9,2.78503974214e9,64.65
-0.3469387755102041,0.7142857142857143,3.693718163489028e9,6.265378026649205e9,2.57165986316e9,69.62
-0.3469387755102041,0.7551020408163265,3.1072424763161664e9,5.347915037657362e9,2.24067256134e9,72.11
-0.3469387755102041,0.7959183673469388,2.489078714523288e9,4.335298214689798e9,1.84621950017e9,74.17
-0.3469387755102041,0.8367346938775511,1.9043950142725391e9,3.2224646124283752e9,1.31806959816e9,69.21
-0.3469387755102041,0.8775510204081632,1.23894601075976e9,2.004341998133289e9,7.6539598737e8,61.78
-0.3469387755102041,0.9183673469387755,6.268772357898382e8,6.758506284592857e8,4.897339267e7,7.81
-0.30612244897959184,-0.9183673469387755,8.461569334657996e8,1.165005085427034e9,3.1884815196e8,37.68
-0.30612244897959184,-0.8775510204081632,1.45772230256671e9,2.4742542395467424e9,1.01653193698e9,69.73
-0.30612244897959184,-0.8367346938775511,2.1097492025435777e9,3.6732436436211214e9,1.56349444108e9,74.11
-0.30612244897959184,-0.7959183673469388,2.816509954223586e9,4.767067524879141e9,1.95055757066e9,69.25
-0.30612244897959184,-0.7551020408163265,3.3946561663298554e9,5.7608151631198435e9,2.36615899679e9,69.7
-0.30612244897959184,-0.7142857142857143,3.9564878556790667e9,6.659569673970743e9,2.70308181829e9,68.32
-0.30612244897959184,-0.673469387755102,4.494737859538019e9,7.46840642682481e9,2.97366856729e9,66.16
-0.30612244897959184,-0.6326530612244898,5.081848360353872e9,8.1923909680169115e9,3.11054260766e9,61.21
-0.30612244897959184,-0.5918367346938775,5.553457349017302e9,8.836576267278826e9,3.28311891826e9,59.12
-0.30612244897959184,-0.5510204081632653,6.059060947423447e9,9.40599902934543e9,3.34693808192e9,55.24
-0.30612244897959184,-0.5102040816326531,6.393263180209756e9,9.905674701454918e9,3.51241152125e9,54.94
-0.30612244897959184,-0.46938775510204084,6.756904856854746e9,1.0340590644733276e10,3.58368578788e9,53.04
-0.30612244897959184,-0.42857142857142855,7.1566027649854e9,1.0715696699100313e10,3.55909393411e9,49.73
-0.30612244897959184,-0.3877551020408163,7.42442502010647e9,1.1035892024350931e10,3.61146700424e9,48.64
-0.30612244897959184,-0.3469387755102041,7.573557848349841e9,1.130600660283199e10,3.73244875448e9,49.28
-0.30612244897959184,-0.30612244897959184,7.781713208833727e9,1.153077509922186e10,3.74906189039e9,48.18
-0.30612244897959184,-0.2653061224489796,7.97771037778435e9,1.1714799873820663e10,3.73708949604e9,46.84
-0.30612244897959184,-0.22448979591836735,8.036814158082359e9,1.1862498914987164e10,3.8256847569e9,47.6
-0.30612244897959184,-0.1836734693877551,8.198383329801007e9,1.1978033606784212e10,3.77965027698e9,46.1
-0.30612244897959184,-0.14285714285714285,8.344508353424724e9,1.2065211353705927e10,3.72070300028e9,44.59
-0.30612244897959184,-0.10204081632653061,8.367428734591596e9,1.2127360575311266e10,3.75993184072e9,44.94
-0.30612244897959184,-0.061224489795918366,8.373778866538679e9,1.2167182264026775e10,3.79340339749e9,45.3
-0.30612244897959184,-0.02040816326530612,8.48034455287052e9,1.2186593814404648e10,3.70624926153e9,43.7
-0.30612244897959184,0.02040816326530612,8.466733806172592e9,1.2186593814404648e10,3.71986000823e9,43.94
-0.30612244897959184,0.061224489795918366,8.446140304561032e9,1.2167182264026775e10,3.72104195947e9,44.06
-0.30612244897959184,0.10204081632653061,8.361567367247513e9,1.2127360575311266e10,3.76579320806e9,45.04
-0.30612244897959184,0.14285714285714285,8.235393762423393e9,1.2065211353705927e10,3.82981759128e9,46.5
-0.30612244897959184,0.1836734693877551,8.19573258488561e9,1.1978033606784212e10,3.7823010219e9,46.15
-0.30612244897959184,0.22448979591836735,8.055171723968512e9,1.1862498914987164e10,3.80732719102e9,47.27
-0.30612244897959184,0.2653061224489796,7.933590349243533e9,1.1714799873820663e10,3.78120952458e9,47.66
-0.30612244897959184,0.30612244897959184,7.787413635062605e9,1.153077509922186e10,3.74336146416e9,48.07
-0.30612244897959184,0.3469387755102041,7.702188776655118e9,1.130600660283199e10,3.60381782618e9,46.79
-0.30612244897959184,0.3877551020408163,7.342107071474124e9,1.1035892024350931e10,3.69378495288e9,50.31
-0.30612244897959184,0.42857142857142855,7.05936448511276e9,1.0715696699100313e10,3.65633221399e9,51.79
-0.30612244897959184,0.46938775510204084,6.752347975067043e9,1.0340590644733276e10,3.58824266967e9,53.14
-0.30612244897959184,0.5102040816326531,6.441914558559063e9,9.905674701454918e9,3.4637601429e9,53.77
-0.30612244897959184,0.5510204081632653,6.092031286888537e9,9.40599902934543e9,3.31396774246e9,54.4
-0.30612244897959184,0.5918367346938775,5.515659622722877e9,8.836576267278826e9,3.32091664456e9,60.21
-0.30612244897959184,0.6326530612244898,5.05840826009593e9,8.1923909680169115e9,3.13398270792e9,61.96
-0.30612244897959184,0.673469387755102,4.538043621422173e9,7.46840642682481e9,2.9303628054e9,64.57
-0.30612244897959184,0.7142857142857143,3.9369867119992843e9,6.659569673970743e9,2.72258296197e9,69.15
-0.30612244897959184,0.7551020408163265,3.356679037956537e9,5.7608151631198435e9,2.40413612516e9,71.62
-0.30612244897959184,0.7959183673469388,2.798448613927161e9,4.767067524879141e9,1.96861891095e9,70.35
-0.30612244897959184,0.8367346938775511,2.2010814018285575e9,3.6732436436211214e9,1.47216224179e9,66.88
-0.30612244897959184,0.8775510204081632,1.4709037399455783e9,2.4742542395467424e9,1.0033504996e9,68.21
-0.30612244897959184,0.9183673469387755,8.281111119742532e8,1.165005085427034e9,3.3689397345e8,40.68
-0.2653061224489796,-0.9591836734693877,4.209075128043786e8,1.7988407451784712e8,2.4102343829e8,57.26
-0.2653061224489796,-0.9183673469387755,9.969332187742256e8,1.5873516444215868e9,5.9041842565e8,59.22
-0.2653061224489796,-0.8775510204081632,1.6904666226269667e9,2.8795286959323416e9,1.18906207331e9,70.34
-0.2653061224489796,-0.8367346938775511,2.40805269054159e9,4.0615223532633142e9,1.65346966272e9,68.66
-0.2653061224489796,-0.7959183673469388,3.002166142645591e9,5.138437321007564e9,2.13627117836e9,71.16
-0.2653061224489796,-0.7551020408163265,3.540823118186227e9,6.115375294681516e9,2.5745521765e9,72.71
-0.2653061224489796,-0.7142857142857143,4.197133425806845e9,6.997434194142762e9,2.80030076834e9,66.72
-0.2653061224489796,-0.673469387755102,4.7691879986586895e9,7.789707156207618e9,3.02051915755e9,63.33
-0.2653061224489796,-0.6326530612244898,5.249968550344744e9,8.497281196073985e9,3.24731264573e9,61.85
-0.2653061224489796,-0.5918367346938775,5.696362966117078e9,9.12523540763568e9,3.42887244152e9,60.19
-0.2653061224489796,-0.5510204081632653,6.195752943132104e9,9.6786385136176e9,3.48288557049e9,56.21
-0.2653061224489796,-0.5102040816326531,6.667545512361918e9,1.016254548687996e10,3.49499997452e9,52.42
-0.2653061224489796,-0.46938775510204084,6.893774850408768e9,1.0581992827142717e10,3.68821797673e9,53.5
-0.2653061224489796,-0.42857142857142855,7.308775695993393e9,1.0941991865736973e10,3.63321616974e9,49.71
-0.2653061224489796,-0.3877551020408163,7.558364284959854e9,1.1247519142519732e10,3.68915485756e9,48.81
-0.2653061224489796,-0.3469387755102041,7.778150778897844e9,1.150350238953458e10,3.72535161064e9,47.9
-0.2653061224489796,-0.30612244897959184,7.963279564291077e9,1.1714799873674913e10,3.75152030938e9,47.11
-0.2653061224489796,-0.2653061224489796,8.19063642144737e9,1.1886169682488169e10,3.69553326104e9,45.12
-0.2653061224489796,-0.22448979591836735,8.339569101691012e9,1.2022223896337889e10,3.68265479465e9,44.16
-0.2653061224489796,-0.1836734693877551,8.362406019475859e9,1.2127360574166878e10,3.76495455469e9,45.02
-0.2653061224489796,-0.14285714285714285,8.511888607477359e9,1.220566476457232e10,3.69377615709e9,43.4
-0.2653061224489796,-0.10204081632653061,8.55852043488663e9,1.2260770295157415e10,3.70224986027e9,43.26
-0.2653061224489796,-0.061224489795918366,8.536539532296759e9,1.22956806897746e10,3.75914115748e9,44.04
-0.2653061224489796,-0.02040816326530612,8.5309269233323345e9,1.2312564359543701e10,3.78163743621e9,44.33
-0.2653061224489796,0.02040816326530612,8.563955578894605e9,1.2312564359543701e10,3.74860878065e9,43.77
-0.2653061224489796,0.061224489795918366,8.593253569731358e9,1.22956806897746e10,3.70242712004e9,43.09
-0.2653061224489796,0.10204081632653061,8.516684108342875e9,1.2260770295157415e10,3.74408618681e9,43.96
-0.2653061224489796,0.14285714285714285,8.4643330547716465e9,1.220566476457232e10,3.7413317098e9,44.2
-0.2653061224489796,0.1836734693877551,8.424979097420926e9,1.2127360574166878e10,3.70238147675e9,43.95
-0.2653061224489796,0.22448979591836735,8.218889342780504e9,1.2022223896337889e10,3.80333455356e9,46.28
-0.2653061224489796,0.2653061224489796,8.099730977283838e9,1.1886169682488169e10,3.7864387052e9,46.75
-0.2653061224489796,0.30612244897959184,8.032987623711992e9,1.1714799873674913e10,3.68181224996e9,45.83
-0.2653061224489796,0.3469387755102041,7.790916034699391e9,1.150350238953458e10,3.71258635484e9,47.65
-0.2653061224489796,0.3877551020408163,7.599514121364159e9,1.1247519142519732e10,3.64800502116e9,48.0
-0.2653061224489796,0.42857142857142855,7.405149734508578e9,1.0941991865736973e10,3.53684213123e9,47.76
-0.2653061224489796,0.46938775510204084,6.899539016283986e9,1.0581992827142717e10,3.68245381086e9,53.37
-0.2653061224489796,0.5102040816326531,6.679334597263281e9,1.016254548687996e10,3.48321088962e9,52.15
-0.2653061224489796,0.5510204081632653,6.1265176284303e9,9.6786385136176e9,3.55212088519e9,57.98
-0.2653061224489796,0.5918367346938775,5.825191813340878e9,9.12523540763568e9,3.30004359429e9,56.65
-0.2653061224489796,0.6326530612244898,5.273498036069002e9,8.497281196073985e9,3.22378316e9,61.13
-0.2653061224489796,0.673469387755102,4.834114121438162e9,7.789707156207618e9,2.95559303477e9,61.14
-0.2653061224489796,0.7142857142857143,4.1678211330658455e9,6.997434194142762e9,2.82961306108e9,67.89
-0.2653061224489796,0.7551020408163265,3.5867381591524644e9,6.115375294681516e9,2.52863713553e9,70.5
-0.2653061224489796,0.7959183673469388,2.9976346709823e9,5.138437321007564e9,2.14080265003e9,71.42
-0.2653061224489796,0.8367346938775511,2.3492791827969556e9,4.0615223532633142e9,1.71224317047e9,72.88
-0.2653061224489796,0.8775510204081632,1.719316256371912e9,2.8795286959323416e9,1.16021243956e9,67.48
-0.2653061224489796,0.9183673469387755,1.0522617034965175e9,1.5873516444215868e9,5.3508994093e8,50.85
-0.2653061224489796,0.9591836734693877,4.277175676187686e8,1.7988407451784712e8,2.478334931e8,57.94
-0.22448979591836735,-0.9591836734693877,5.734275591553543e8,5.524939533996053e8,2.093360576e7,3.65
-0.22448979591836735,-0.9183673469387755,1.2067986154751399e9,1.9451024910191514e9,7.3830387554e8,61.18
-0.22448979591836735,-0.8775510204081632,1.8358932312309678e9,3.222464612450457e9,1.38657138122e9,75.53
-0.22448979591836735,-0.8367346938775511,2.5374226438340383e9,4.38969341130071e9,1.85227076747e9,73.0
-0.22448979591836735,-0.7959183673469388,3.168321152662048e9,5.451900663245022e9,2.28357951058e9,72.08
-0.22448979591836735,-0.7551020408163265,3.852519336930253e9,6.414196495709017e9,2.56167715878e9,66.49
-0.22448979591836735,-0.7142857142857143,4.380592333021512e9,7.281688954640344e9,2.90109662162e9,66.23
-0.22448979591836735,-0.673469387755102,4.873081353827369e9,8.05948342964549e9,3.18640207582e9,65.39
-0.22448979591836735,-0.6326530612244898,5.5079801848685665e9,8.752681881553797e9,3.24470169669e9,58.91
-0.22448979591836735,-0.5918367346938775,5.884188066138239e9,9.3663817903808e9,3.48219372424e9,59.18
-0.22448979591836735,-0.5510204081632653,6.401383228507471e9,9.90567470148071e9,3.50429147297e9,54.74
-0.22448979591836735,-0.5102040816326531,6.850738114768196e9,1.03756441847568e10,3.52490606999e9,51.45
-0.22448979591836735,-0.46938775510204084,7.156647183423411e9,1.078136292159604e10,3.62471573817e9,50.65
-0.22448979591836735,-0.42857142857142855,7.407135315031484e9,1.1127888471949919e10,3.72075315692e9,50.23
-0.22448979591836735,-0.3877551020408163,7.779282583382578e9,1.1420257007174574e10,3.64097442379e9,46.8
-0.22448979591836735,-0.3469387755102041,7.921119550640462e9,1.16634738497516e10,3.74235429911e9,47.25
-0.22448979591836735,-0.30612244897959184,8.104217222742989e9,1.1862498914654501e10,3.75828169191e9,46.37
-0.22448979591836735,-0.2653061224489796,8.219786311821909e9,1.2022223896158037e10,3.80243758434e9,46.26
-0.22448979591836735,-0.22448979591836735,8.340353733585507e9,1.2147435989015423e10,3.80708225543e9,45.65
-0.22448979591836735,-0.1836734693877551,8.460488717651494e9,1.2242759743937786e10,3.78227102629e9,44.71
-0.22448979591836735,-0.14285714285714285,8.493100478944887e9,1.231256435675765e10,3.81946387781e9,44.97
-0.22448979591836735,-0.10204081632653061,8.609925363238247e9,1.2360819883850643e10,3.75089452061e9,43.56
-0.22448979591836735,-0.061224489795918366,8.65742325994189e9,1.2390888294179089e10,3.73346503424e9,43.12
-0.22448979591836735,-0.02040816326530612,8.597648879734993e9,1.2405255385145937e10,3.80760650541e9,44.29
-0.22448979591836735,0.02040816326530612,8.710855392503925e9,1.2405255385145937e10,3.69439999264e9,42.41
-0.22448979591836735,0.061224489795918366,8.666207908935078e9,1.2390888294179089e10,3.72468038524e9,42.98
-0.22448979591836735,0.10204081632653061,8.656925886043737e9,1.2360819883850643e10,3.70389399781e9,42.79
-0.22448979591836735,0.14285714285714285,8.573211297466588e9,1.231256435675765e10,3.73935305929e9,43.62
-0.22448979591836735,0.1836734693877551,8.519723218885962e9,1.2242759743937786e10,3.72303652505e9,43.7
-0.22448979591836735,0.22448979591836735,8.398122615184812e9,1.2147435989015423e10,3.74931337383e9,44.64
-0.22448979591836735,0.2653061224489796,8.281264662901291e9,1.2022223896158037e10,3.74095923326e9,45.17
-0.22448979591836735,0.30612244897959184,8.059955135069216e9,1.1862498914654501e10,3.80254377959e9,47.18
-0.22448979591836735,0.3469387755102041,7.93441715395784e9,1.16634738497516e10,3.72905669579e9,47.0
-0.22448979591836735,0.3877551020408163,7.681446716742689e9,1.1420257007174574e10,3.73881029043e9,48.67
-0.22448979591836735,0.42857142857142855,7.427264050268587e9,1.1127888471949919e10,3.70062442168e9,49.82
-0.22448979591836735,0.46938775510204084,7.119346773454516e9,1.078136292159604e10,3.66201614814e9,51.44
-0.22448979591836735,0.5102040816326531,6.741613275930052e9,1.03756441847568e10,3.63403090883e9,53.9
-0.22448979591836735,0.5510204081632653,6.423643278440906e9,9.90567470148071e9,3.48203142304e9,54.21
-0.22448979591836735,0.5918367346938775,5.92988495945527e9,9.3663817903808e9,3.43649683093e9,57.95
-0.22448979591836735,0.6326530612244898,5.4869054339636345e9,8.752681881553797e9,3.26577644759e9,59.52
-0.22448979591836735,0.673469387755102,4.91557470729461e9,8.05948342964549e9,3.14390872235e9,63.96
-0.22448979591836735,0.7142857142857143,4.402928926914909e9,7.281688954640344e9,2.87876002773e9,65.38
-0.22448979591836735,0.7551020408163265,3.7755308299086227e9,6.414196495709017e9,2.6386656658e9,69.89
-0.22448979591836735,0.7959183673469388,3.1692994063806505e9,5.451900663245022e9,2.28260125686e9,72.02
-0.22448979591836735,0.8367346938775511,2.6210121157825065e9,4.38969341130071e9,1.76868129552e9,67.48
-0.22448979591836735,0.8775510204081632,1.8665318333047454e9,3.222464612450457e9,1.35593277915e9,72.64
-0.22448979591836735,0.9183673469387755,1.1933460365980299e9,1.9451024910191514e9,7.5175645442e8,63.0
-0.22448979591836735,0.9591836734693877,5.55702095585441e8,5.524939533996053e8,3.20814219e6,0.58
-0.1836734693877551,-0.9591836734693877,6.7602777319041e8,8.600869224763607e8,1.8405914929e8,27.23
-0.1836734693877551,-0.9183673469387755,1.3510276521487813e9,2.240190661202449e9,8.8916300905e8,65.81
-0.1836734693877551,-0.8775510204081632,2.0520628291706452e9,3.505074383248232e9,1.45301155408e9,70.81
-0.1836734693877551,-0.8367346938775511,2.6387001625733576e9,4.659854838031151e9,2.02115467546e9,76.6
-0.1836734693877551,-0.7959183673469388,3.3821045587845078e9,5.709648153021884e9,2.32754359424e9,68.82
-0.1836734693877551,-0.7551020408163265,3.960872666643008e9,6.659569674028721e9,2.69869700739e9,68.13
-0.1836734693877551,-0.7142857142857143,4.556527003347751e9,7.514733754161177e9,2.95820675081e9,64.92
-0.1836734693877551,-0.673469387755102,5.107726636081697e9,8.280253471396806e9,3.17252683532e9,62.11
-0.1836734693877551,-0.6326530612244898,5.606140461165132e9,8.961240245305653e9,3.35509978414e9,59.85
-0.1836734693877551,-0.5918367346938775,6.089349077963591e9,9.562803308981918e9,3.47345423102e9,57.04
-0.1836734693877551,-0.5510204081632653,6.507088112946561e9,1.009004896933085e10,3.58296085638e9,55.06
-0.1836734693877551,-0.5102040816326531,6.966706636689375e9,1.0548079551929205e10,3.58137291524e9,51.41
-0.1836734693877551,-0.46938775510204084,7.261346748585155e9,1.094199186577138e10,3.68064511719e9,50.69
-0.1836734693877551,-0.42857142857142855,7.638686820505402e9,1.1276874920345465e10,3.63818809984e9,47.63
-0.1836734693877551,-0.3877551020408163,7.848456907207746e9,1.1557806449383389e10,3.70934954218e9,47.26
-0.1836734693877551,-0.3469387755102041,8.088319322576746e9,1.1789847479425238e10,3.70152815685e9,45.76
-0.1836734693877551,-0.30612244897959184,8.22853202527254e9,1.1978033606192307e10,3.74950158092e9,45.57
-0.1836734693877551,-0.2653061224489796,8.42818671779806e9,1.2127360573741356e10,3.69917385594e9,43.89
-0.1836734693877551,-0.22448979591836735,8.545272424006734e9,1.2242759743711897e10,3.69748731971e9,43.27
-0.1836734693877551,-0.1836734693877551,8.51547512369003e9,1.2329055292147116e10,3.81358016846e9,44.78
-0.1836734693877551,-0.14285714285714285,8.659849577549612e9,1.2390888291971315e10,3.73103871442e9,43.08
-0.1836734693877551,-0.10204081632653061,8.686735024571163e9,1.2432582572423368e10,3.74584754785e9,43.12
-0.1836734693877551,-0.061224489795918366,8.677271565408436e9,1.2457917756851387e10,3.78064619144e9,43.57
-0.1836734693877551,-0.02040816326530612,8.684888111055603e9,1.2469786696320507e10,3.78489858526e9,43.58
-0.1836734693877551,0.02040816326530612,8.65373769474239e9,1.2469786696320507e10,3.81604900158e9,44.1
-0.1836734693877551,0.061224489795918366,8.635183594211292e9,1.2457917756851387e10,3.82273416264e9,44.27
-0.1836734693877551,0.10204081632653061,8.653499643405777e9,1.2432582572423368e10,3.77908292902e9,43.67
-0.1836734693877551,0.14285714285714285,8.687387893250736e9,1.2390888291971315e10,3.70350039872e9,42.63
-0.1836734693877551,0.1836734693877551,8.591622586603659e9,1.2329055292147116e10,3.73743270554e9,43.5
-0.1836734693877551,0.22448979591836735,8.56105170699324e9,1.2242759743711897e10,3.68170803672e9,43.01
-0.1836734693877551,0.2653061224489796,8.431665770103033e9,1.2127360573741356e10,3.69569480364e9,43.83
-0.1836734693877551,0.30612244897959184,8.218864068676317e9,1.1978033606192307e10,3.75916953752e9,45.74
-0.1836734693877551,0.3469387755102041,8.065796284502339e9,1.1789847479425238e10,3.72405119492e9,46.17
-0.1836734693877551,0.3877551020408163,7.809092104013232e9,1.1557806449383389e10,3.74871434537e9,48.0
-0.1836734693877551,0.42857142857142855,7.558106561949725e9,1.1276874920345465e10,3.7187683584e9,49.2
-0.1836734693877551,0.46938775510204084,7.258155327379885e9,1.094199186577138e10,3.68383653839e9,50.75
-0.1836734693877551,0.5102040816326531,6.9735238015830965e9,1.0548079551929205e10,3.57455575035e9,51.26
-0.1836734693877551,0.5510204081632653,6.630218167517469e9,1.009004896933085e10,3.45983080181e9,52.18
-0.1836734693877551,0.5918367346938775,6.079870620400099e9,9.562803308981918e9,3.48293268858e9,57.29
-0.1836734693877551,0.6326530612244898,5.590548871206747e9,8.961240245305653e9,3.3706913741e9,60.29
-0.1836734693877551,0.673469387755102,5.063508841769778e9,8.280253471396806e9,3.21674462963e9,63.53
-0.1836734693877551,0.7142857142857143,4.571975340485413e9,7.514733754161177e9,2.94275841368e9,64.37
-0.1836734693877551,0.7551020408163265,3.9997381670195403e9,6.659569674028721e9,2.65983150701e9,66.5
-0.1836734693877551,0.7959183673469388,3.369431987051427e9,5.709648153021884e9,2.34021616597e9,69.45
-0.1836734693877551,0.8367346938775511,2.665740523837329e9,4.659854838031151e9,1.99411431419e9,74.81
-0.1836734693877551,0.8775510204081632,2.0242010145986397e9,3.505074383248232e9,1.48087336865e9,73.16
-0.1836734693877551,0.9183673469387755,1.4028438151964881e9,2.240190661202449e9,8.3734684601e8,59.69
-0.1836734693877551,0.9591836734693877,6.927236172953935e8,8.600869224763607e8,1.6736330518e8,24.16
-0.14285714285714285,-0.9591836734693877,8.175022388334651e8,1.1042365646132283e9,2.8673432578e8,35.07
-0.14285714285714285,-0.9183673469387755,1.5069482290778344e9,2.474254239574574e9,9.673060105e8,64.19
-0.14285714285714285,-0.8775510204081632,2.1315279141089616e9,3.7290658429263825e9,1.59753792882e9,74.95
-0.14285714285714285,-0.8367346938775511,2.7932042972404757e9,4.873790092408648e9,2.08058579517e9,74.49
-0.14285714285714285,-0.7959183673469388,3.4461848740237136e9,5.913545468357392e9,2.46736059433e9,71.6
-0.14285714285714285,-0.7551020408163265,4.103341044088584e9,6.853450151515098e9,2.75010910743e9,67.02
-0.14285714285714285,-0.7142857142857143,4.625107404618666e9,7.698621940347225e9,3.07351453573e9,66.45
-0.14285714285714285,-0.673469387755102,5.287244129010286e9,8.454178139590176e9,3.16693401058e9,59.9
-0.14285714285714285,-0.6326530612244898,5.7582693988509445e9,9.125235407739096e9,3.36696600889e9,58.47
-0.14285714285714285,-0.5918367346938775,6.246109488163779e9,9.716909544854961e9,3.47080005669e9,55.57
-0.14285714285714285,-0.5510204081632653,6.667290907414539e9,1.0234315191868172e10,3.56702428445e9,53.5
-0.14285714285714285,-0.5102040816326531,7.0439740502605e9,1.0682565395695185e10,3.63859134543e9,51.66
-0.14285714285714285,-0.46938775510204084,7.387110650165842e9,1.1066770965844408e10,3.67966031568e9,49.81
-0.14285714285714285,-0.42857142857142855,7.585501590838984e9,1.1392039498053362e10,3.80653790721e9,50.18
-0.14285714285714285,-0.3877551020408163,7.862773813470822e9,1.1663473849796913e10,3.80070003633e9,48.34
-0.14285714285714285,-0.3469387755102041,8.151335532719065e9,1.188616968239341e10,3.73483414967e9,45.82
-0.14285714285714285,-0.30612244897959184,8.32889654312219e9,1.2065211352733307e10,3.73631480961e9,44.86
-0.14285714285714285,-0.2653061224489796,8.413623950414456e9,1.22056647637626e10,3.79204081335e9,45.07
-0.14285714285714285,-0.22448979591836735,8.494925209565262e9,1.2312564356183733e10,3.81763914662e9,44.94
-0.14285714285714285,-0.1836734693877551,8.594308002228327e9,1.239088829167676e10,3.79658028945e9,44.18
-0.14285714285714285,-0.14285714285714285,8.702353721477451e9,1.244550886522641e10,3.74315514375e9,43.01
-0.14285714285714285,-0.10204081632653061,8.77502585896637e9,1.2481089893056572e10,3.70606403409e9,42.23
-0.14285714285714285,-0.061224489795918366,8.669941518386456e9,1.250187427292871e10,3.83193275454e9,44.2
-0.14285714285714285,-0.02040816326530612,8.799418895068598e9,1.2511277987171572e10,3.7118590921e9,42.18
-0.14285714285714285,0.02040816326530612,8.783609941702911e9,1.2511277987171572e10,3.72766804547e9,42.44
-0.14285714285714285,0.061224489795918366,8.82575930552752e9,1.250187427292871e10,3.6761149674e9,41.65
-0.14285714285714285,0.10204081632653061,8.719718242693615e9,1.2481089893056572e10,3.76137165036e9,43.14
-0.14285714285714285,0.14285714285714285,8.704669397421665e9,1.244550886522641e10,3.7408394678e9,42.98
-0.14285714285714285,0.1836734693877551,8.588352485895477e9,1.239088829167676e10,3.80253580578e9,44.28
-0.14285714285714285,0.22448979591836735,8.556073935088556e9,1.2312564356183733e10,3.7564904211e9,43.9
-0.14285714285714285,0.2653061224489796,8.403484612674861e9,1.22056647637626e10,3.80218015109e9,45.25
-0.14285714285714285,0.30612244897959184,8.26669538213957e9,1.2065211352733307e10,3.79851597059e9,45.95
-0.14285714285714285,0.3469387755102041,8.093318066394801e9,1.188616968239341e10,3.792851616e9,46.86
-0.14285714285714285,0.3877551020408163,7.994385209100756e9,1.1663473849796913e10,3.6690886407e9,45.9
-0.14285714285714285,0.42857142857142855,7.680480107612241e9,1.1392039498053362e10,3.71155939044e9,48.32
-0.14285714285714285,0.46938775510204084,7.4381507936835575e9,1.1066770965844408e10,3.62862017216e9,48.78
-0.14285714285714285,0.5102040816326531,7.0259638268101635e9,1.0682565395695185e10,3.65660156889e9,52.04
-0.14285714285714285,0.5510204081632653,6.696260836828229e9,1.0234315191868172e10,3.53805435504e9,52.84
-0.14285714285714285,0.5918367346938775,6.25875898576727e9,9.716909544854961e9,3.45815055909e9,55.25
-0.14285714285714285,0.6326530612244898,5.812616864870441e9,9.125235407739096e9,3.31261854287e9,56.99
-0.14285714285714285,0.673469387755102,5.284114834280337e9,8.454178139590176e9,3.17006330531e9,59.99
-0.14285714285714285,0.7142857142857143,4.655278839303127e9,7.698621940347225e9,3.04334310104e9,65.37
-0.14285714285714285,0.7551020408163265,4.121058128581553e9,6.853450151515098e9,2.73239202293e9,66.3
-0.14285714285714285,0.7959183673469388,3.50826024270749e9,5.913545468357392e9,2.40528522565e9,68.56
-0.14285714285714285,0.8367346938775511,2.7500460529245014e9,4.873790092408648e9,2.12374403948e9,77.23
-0.14285714285714285,0.8775510204081632,2.1397818036784496e9,3.7290658429263825e9,1.58928403925e9,74.27
-0.14285714285714285,0.9183673469387755,1.4917222667058945e9,2.474254239574574e9,9.8253197287e8,65.87
-0.14285714285714285,0.9591836734693877,8.284506803420137e8,1.1042365646132283e9,2.7578588427e8,33.29
-0.10204081632653061,-0.9591836734693877,8.479129626549122e8,1.286218123322426e9,4.3830516067e8,51.69
-0.10204081632653061,-0.9183673469387755,1.5625211504772897e9,2.6486222205146422e9,1.08610107004e9,69.51
-0.10204081632653061,-0.8775510204081632,2.2770901741947045e9,3.8958263214869437e9,1.61873614729e9,71.09
-0.10204081632653061,-0.8367346938775511,2.9470117423492117e9,5.032950014560629e9,2.08593827221e9,70.78
-0.10204081632653061,-0.7959183673469388,3.5474753460258813e9,6.065112824242678e9,2.51763747822e9,70.97
-0.10204081632653061,-0.7551020408163265,4.12982750693499e9,6.997434194253493e9,2.86760668732e9,69.44
-0.10204081632653061,-0.7142857142857143,4.792053464779126e9,7.835033464852857e9,3.04298000007e9,63.5
-0.10204081632653061,-0.673469387755102,5.257548831156487e9,8.583029842105913e9,3.32548101095e9,63.25
-0.10204081632653061,-0.6326530612244898,5.873426368758593e9,9.246542355551346e9,3.37311598679e9,57.43
-0.10204081632653061,-0.5918367346938775,6.317602383227549e9,9.830689798850206e9,3.51308741562e9,55.61
-0.10204081632653061,-0.5510204081632653,6.686701338899355e9,1.0340590644907639e10,3.65388930601e9,54.64
-0.10204081632653061,-0.5102040816326531,7.119646922817029e9,1.078136292176093e10,3.66171599894e9,51.43
-0.10204081632653061,-0.46938775510204084,7.504619535237284e9,1.115812402648951e10,3.65350449125e9,48.68
-0.10204081632653061,-0.42857142857142855,7.678926643222056e9,1.1475990438128862e10,3.79706379491e9,49.45
-0.10204081632653061,-0.3877551020408163,7.877904838148793e9,1.1740077260079922e10,3.86217242193e9,49.03
-0.10204081632653061,-0.3469387755102041,8.243452640975042e9,1.1955497462744034e10,3.71204482177e9,45.03
-0.10204081632653061,-0.30612244897959184,8.375177662735896e9,1.2127360573802076e10,3.75218291107e9,44.8
-0.10204081632653061,-0.2653061224489796,8.580800952722338e9,1.2260770293716805e10,3.67996934099e9,42.89
-0.10204081632653061,-0.22448979591836735,8.612865805251825e9,1.2360819882618017e10,3.74795407737e9,43.52
-0.10204081632653061,-0.1836734693877551,8.64902575233997e9,1.2432582571553633e10,3.78355681921e9,43.75
-0.10204081632653061,-0.14285714285714285,8.790611718971775e9,1.2481089892637255e10,3.69047817367e9,41.98
-0.10204081632653061,-0.10204081632653061,8.767564100669268e9,1.2511277981595816e10,3.74371388093e9,42.7
-0.10204081632653061,-0.061224489795918366,8.797156800649628e9,1.2527843112134647e10,3.73068631149e9,42.41
-0.10204081632653061,-0.02040816326530612,8.862828926969536e9,1.2534848623535069e10,3.67201969657e9,41.43
-0.10204081632653061,0.02040816326530612,8.737594260219187e9,1.2534848623535069e10,3.79725436332e9,43.46
-0.10204081632653061,0.061224489795918366,8.820461749083843e9,1.2527843112134647e10,3.70738136305e9,42.03
-0.10204081632653061,0.10204081632653061,8.622248618987293e9,1.2511277981595816e10,3.88902936261e9,45.1
-0.10204081632653061,0.14285714285714285,8.825888846252361e9,1.2481089892637255e10,3.65520104638e9,41.41
-0.10204081632653061,0.1836734693877551,8.687023423569103e9,1.2432582571553633e10,3.74555914798e9,43.12
-0.10204081632653061,0.22448979591836735,8.630709226086391e9,1.2360819882618017e10,3.73011065653e9,43.22
-0.10204081632653061,0.2653061224489796,8.53350230337456e9,1.2260770293716805e10,3.72726799034e9,43.68
-0.10204081632653061,0.30612244897959184,8.394746101143547e9,1.2127360573802076e10,3.73261447266e9,44.46
-0.10204081632653061,0.3469387755102041,8.301986289025358e9,1.1955497462744034e10,3.65351117372e9,44.01
-0.10204081632653061,0.3877551020408163,8.047146478247378e9,1.1740077260079922e10,3.69293078183e9,45.89
-0.10204081632653061,0.42857142857142855,7.732710475804728e9,1.1475990438128862e10,3.74327996232e9,48.41
-0.10204081632653061,0.46938775510204084,7.463889140814688e9,1.115812402648951e10,3.69423488567e9,49.49
-0.10204081632653061,0.5102040816326531,7.113412179707869e9,1.078136292176093e10,3.66795074205e9,51.56
-0.10204081632653061,0.5510204081632653,6.719732721682947e9,1.0340590644907639e10,3.62085792322e9,53.88
-0.10204081632653061,0.5918367346938775,6.284222304401109e9,9.830689798850206e9,3.54646749445e9,56.43
-0.10204081632653061,0.6326530612244898,5.892825193698064e9,9.246542355551346e9,3.35371716185e9,56.91
-0.10204081632653061,0.673469387755102,5.471266102020075e9,8.583029842105913e9,3.11176374009e9,56.87
-0.10204081632653061,0.7142857142857143,4.754138267591186e9,7.835033464852857e9,3.08089519726e9,64.8
-0.10204081632653061,0.7551020408163265,4.2365122988476853e9,6.997434194253493e9,2.76092189541e9,65.17
-0.10204081632653061,0.7959183673469388,3.5612580765372133e9,6.065112824242678e9,2.50385474771e9,70.31
-0.10204081632653061,0.8367346938775511,2.8463295750595284e9,5.032950014560629e9,2.1866204395e9,76.82
-0.10204081632653061,0.8775510204081632,2.165821184323625e9,3.8958263214869437e9,1.73000513716e9,79.88
-0.10204081632653061,0.9183673469387755,1.561791259155721e9,2.6486222205146422e9,1.08683096136e9,69.59
-0.10204081632653061,0.9591836734693877,8.883251198438953e8,1.286218123322426e9,3.9789300348e8,44.79
-0.061224489795918366,-0.9591836734693877,9.55432287065028e8,1.4069978683220143e9,4.5156558126e8,47.26
-0.061224489795918366,-0.9183673469387755,1.6119030099434423e9,2.764302506397647e9,1.15239949645e9,71.49
-0.061224489795918366,-0.8775510204081632,2.3139453108534665e9,4.0064090366897798e9,1.69246372584e9,73.14
-0.061224489795918366,-0.8367346938775511,2.9865471807202344e9,5.13843732110454e9,2.15189014038e9,72.05
-0.061224489795918366,-0.7959183673469388,3.5770673008262167e9,6.165507213096821e9,2.58843991227e9,72.36
-0.061224489795918366,-0.7551020408163265,4.343932463112954e9,7.092738555399381e9,2.74880609229e9,63.28
-0.061224489795918366,-0.7142857142857143,4.850538397860888e9,7.925251176979104e9,3.07471277912e9,63.39
-0.061224489795918366,-0.673469387755102,5.41138001045503e9,8.668164888895498e9,3.25678487844e9,60.18
-0.061224489795918366,-0.6326530612244898,5.930274481567833e9,9.326599478570742e9,3.396324997e9,57.27
-0.061224489795918366,-0.5918367346938775,6.337305531776979e9,9.905674701713367e9,3.56836916994e9,56.31
-0.061224489795918366,-0.5510204081632653,6.743578998170337e9,1.0410510270694948e10,3.66693127252e9,54.38
-0.061224489795918366,-0.5102040816326531,7.178937788359871e9,1.0846225837423563e10,3.66728804906e9,51.08
-0.061224489795918366,-0.46938775510204084,7.527505081775304e9,1.1217940967423061e10,3.69043588565e9,49.03
-0.061224489795918366,-0.42857142857142855,7.697040377325602e9,1.1530775099376345e10,3.83373472205e9,49.81
-0.061224489795918366,-0.3877551020408163,8.135330286547609e9,1.1789847479685322e10,3.65451719314e9,44.92
-0.061224489795918366,-0.3469387755102041,8.273421084891955e9,1.2000277052086416e10,3.72685596719e9,45.05
-0.061224489795918366,-0.30612244897959184,8.35232989253199e9,1.2167182261921694e10,3.81485236939e9,45.67
-0.061224489795918366,-0.2653061224489796,8.539693022490889e9,1.2295680687466715e10,3.75598766498e9,43.98
-0.061224489795918366,-0.22448979591836735,8.7393056132263e9,1.239088829176563e10,3.65158267854e9,41.78
-0.061224489795918366,-0.1836734693877551,8.668160233109554e9,1.2457917754564455e10,3.78975752145e9,43.72
-0.061224489795918366,-0.14285714285714285,8.810479810226143e9,1.2501874271189709e10,3.69139446096e9,41.9
-0.061224489795918366,-0.10204081632653061,8.82941240072003e9,1.2527843111355776e10,3.69843071064e9,41.89
-0.061224489795918366,-0.061224489795918366,8.859426051081259e9,1.2540843914596205e10,3.68141786351e9,41.55
-0.061224489795918366,-0.02040816326530612,8.767627251032051e9,1.2545616602975355e10,3.77798935194e9,43.09
-0.061224489795918366,0.02040816326530612,8.68818611753207e9,1.2545616602975355e10,3.85743048544e9,44.4
-0.061224489795918366,0.061224489795918366,8.748890027170147e9,1.2540843914596205e10,3.79195388743e9,43.34
-0.061224489795918366,0.10204081632653061,8.743471544834293e9,1.2527843111355776e10,3.78437156652e9,43.28
-0.061224489795918366,0.14285714285714285,8.770567379402039e9,1.2501874271189709e10,3.73130689179e9,42.54
-0.061224489795918366,0.1836734693877551,8.730224048479963e9,1.2457917754564455e10,3.72769370608e9,42.7
-0.061224489795918366,0.22448979591836735,8.66743585944881e9,1.239088829176563e10,3.72345243232e9,42.96
-0.061224489795918366,0.2653061224489796,8.571359741545009e9,1.2295680687466715e10,3.72432094592e9,43.45
-0.061224489795918366,0.30612244897959184,8.505034487740766e9,1.2167182261921694e10,3.66214777418e9,43.06
-0.061224489795918366,0.3469387755102041,8.195862187587549e9,1.2000277052086416e10,3.8044148645e9,46.42
-0.061224489795918366,0.3877551020408163,8.131744351655245e9,1.1789847479685322e10,3.65810312803e9,44.99
-0.061224489795918366,0.42857142857142855,7.718099127629109e9,1.1530775099376345e10,3.81267597175e9,49.4
-0.061224489795918366,0.46938775510204084,7.537076747367084e9,1.1217940967423061e10,3.68086422006e9,48.84
-0.061224489795918366,0.5102040816326531,7.177804713956899e9,1.0846225837423563e10,3.66842112347e9,51.11
-0.061224489795918366,0.5510204081632653,6.774144412497296e9,1.0410510270694948e10,3.6363658582e9,53.68
-0.061224489795918366,0.5918367346938775,6.41619902728734e9,9.905674701713367e9,3.48947567443e9,54.39
-0.061224489795918366,0.6326530612244898,5.932022820737707e9,9.326599478570742e9,3.39457665783e9,57.22
-0.061224489795918366,0.673469387755102,5.386500349127157e9,8.668164888895498e9,3.28166453977e9,60.92
-0.061224489795918366,0.7142857142857143,4.836355623901449e9,7.925251176979104e9,3.08889555308e9,63.87
-0.061224489795918366,0.7551020408163265,4.320058048070932e9,7.092738555399381e9,2.77268050733e9,64.18
-0.061224489795918366,0.7959183673469388,3.5973018547328453e9,6.165507213096821e9,2.56820535836e9,71.39
-0.061224489795918366,0.8367346938775511,3.015254038048862e9,5.13843732110454e9,2.12318328306e9,70.41
-0.061224489795918366,0.8775510204081632,2.3136798179159327e9,4.0064090366897798e9,1.69272921877e9,73.16
-0.061224489795918366,0.9183673469387755,1.6169666679651093e9,2.764302506397647e9,1.14733583843e9,70.96
-0.061224489795918366,0.9591836734693877,9.754547975515869e8,1.4069978683220143e9,4.3154307077e8,44.24
-0.02040816326530612,-0.9591836734693877,9.707501140154635e8,1.4672247691414635e9,4.9647465513e8,51.14
-0.02040816326530612,-0.9183673469387755,1.651612887535661e9,2.8219724750285153e9,1.17035958749e9,70.86
-0.02040816326530612,-0.8775510204081632,2.3399444037204876e9,4.061522353352865e9,1.72157794963e9,73.57
-0.02040816326530612,-0.8367346938775511,2.9931023117700458e9,5.1909943068908825e9,2.19789199512e9,73.43
-0.02040816326530612,-0.7959183673469388,3.6640571000504885e9,6.215508238313462e9,2.55145113826e9,69.63
-0.02040816326530612,-0.7551020408163265,4.2521250547658553e9,7.140184050157495e9,2.88805899539e9,67.92
-0.02040816326530612,-0.7142857142857143,4.901727729656097e9,7.970141644787637e9,3.06841391513e9,62.6
-0.02040816326530612,-0.673469387755102,5.479111749610715e9,8.710500924344154e9,3.23138917473e9,58.98
-0.02040816326530612,-0.6326530612244898,5.839816789299659e9,9.36638179067059e9,3.52656500137e9,60.39
-0.02040816326530612,-0.5918367346938775,6.382022644734487e9,9.94290414521157e9,3.56088150048e9,55.8
-0.02040816326530612,-0.5510204081632653,6.80713965431093e9,1.0445187888865217e10,3.63804823455e9,53.44
-0.02040816326530612,-0.5102040816326531,7.235310738684868e9,1.0878352921764853e10,3.64304218308e9,50.35
-0.02040816326530612,-0.46938775510204084,7.525501164740573e9,1.1247519142946993e10,3.72201797821e9,49.46
-0.02040816326530612,-0.42857142857142855,7.83030702890495e9,1.1557806449830055e10,3.72749942093e9,47.6
-0.02040816326530612,-0.3877551020408163,8.143840745585363e9,1.1814334737364628e10,3.67049399178e9,45.07
-0.02040816326530612,-0.3469387755102041,8.243482995668735e9,1.202222389658581e10,3.77874090092e9,45.84
-0.02040816326530612,-0.30612244897959184,8.353485438078672e9,1.2186593812011913e10,3.83310837393e9,45.89
-0.02040816326530612,-0.2653061224489796,8.630008440694756e9,1.2312564356653849e10,3.68255591596e9,42.67
-0.02040816326530612,-0.22448979591836735,8.771672366643055e9,1.2405255381616272e10,3.63358301497e9,41.42
-0.02040816326530612,-0.1836734693877551,8.694247655582806e9,1.2469786691962685e10,3.77553903638e9,43.43
-0.02040816326530612,-0.14285714285714285,8.773400196312624e9,1.2511277981791012e10,3.73787778548e9,42.6
-0.02040816326530612,-0.10204081632653061,8.754132241960733e9,1.2534848617280907e10,3.78071637532e9,43.19
-0.02040816326530612,-0.061224489795918366,8.756110981341507e9,1.2545616598321898e10,3.78950561698e9,43.28
-0.02040816326530612,-0.02040816326530612,8.850271524407925e9,1.2548687937561832e10,3.69841641315e9,41.79
-0.02040816326530612,0.02040816326530612,8.752289660168993e9,1.2548687937561832e10,3.79639827739e9,43.38
-0.02040816326530612,0.061224489795918366,8.81372581351232e9,1.2545616598321898e10,3.73189078481e9,42.34
-0.02040816326530612,0.10204081632653061,8.753644571414928e9,1.2534848617280907e10,3.78120404587e9,43.2
-0.02040816326530612,0.14285714285714285,8.748381496238285e9,1.2511277981791012e10,3.76289648555e9,43.01
-0.02040816326530612,0.1836734693877551,8.815495203583517e9,1.2469786691962685e10,3.65429148838e9,41.45
-0.02040816326530612,0.22448979591836735,8.654286163530384e9,1.2405255381616272e10,3.75096921809e9,43.34
-0.02040816326530612,0.2653061224489796,8.559429176351463e9,1.2312564356653849e10,3.7531351803e9,43.85
-0.02040816326530612,0.30612244897959184,8.426426531598605e9,1.2186593812011913e10,3.76016728041e9,44.62
-0.02040816326530612,0.3469387755102041,8.292202285385916e9,1.202222389658581e10,3.7300216112e9,44.98
-0.02040816326530612,0.3877551020408163,8.056105729749532e9,1.1814334737364628e10,3.75822900762e9,46.65
-0.02040816326530612,0.42857142857142855,7.771318175543141e9,1.1557806449830055e10,3.78648827429e9,48.72
-0.02040816326530612,0.46938775510204084,7.558390524138933e9,1.1247519142946993e10,3.68912861881e9,48.81
-0.02040816326530612,0.5102040816326531,7.269002434028456e9,1.0878352921764853e10,3.60935048774e9,49.65
-0.02040816326530612,0.5510204081632653,6.914410763486987e9,1.0445187888865217e10,3.53077712538e9,51.06
-0.02040816326530612,0.5918367346938775,6.408851298644005e9,9.94290414521157e9,3.53405284657e9,55.14
-0.02040816326530612,0.6326530612244898,6.02363767250171e9,9.36638179067059e9,3.34274411817e9,55.49
-0.02040816326530612,0.673469387755102,5.447109127630576e9,8.710500924344154e9,3.26339179671e9,59.91
-0.02040816326530612,0.7142857142857143,4.790567699459422e9,7.970141644787637e9,3.17957394533e9,66.37
-0.02040816326530612,0.7551020408163265,4.272318195634982e9,7.140184050157495e9,2.86786585452e9,67.13
-0.02040816326530612,0.7959183673469388,3.6384410560906777e9,6.215508238313462e9,2.57706718222e9,70.83
-0.02040816326530612,0.8367346938775511,3.0098101861994257e9,5.1909943068908825e9,2.18118412069e9,72.47
-0.02040816326530612,0.8775510204081632,2.335966373581333e9,4.061522353352865e9,1.72555597977e9,73.87
-0.02040816326530612,0.9183673469387755,1.6238994540014744e9,2.8219724750285153e9,1.19807302103e9,73.78
-0.02040816326530612,0.9591836734693877,9.677504762000698e8,1.4672247691414635e9,4.9947429294e8,51.61
0.02040816326530612,-0.9591836734693877,9.599829751270859e8,1.4672247691467502e9,5.0724179402e8,52.84
0.02040816326530612,-0.9183673469387755,1.6707957146016648e9,2.8219724750398264e9,1.15117676044e9,68.9
0.02040816326530612,-0.8775510204081632,2.328477234977265e9,4.061522353371036e9,1.73304511839e9,74.43
0.02040816326530612,-0.8367346938775511,3.045399216832005e9,5.190994306916896e9,2.14559509008e9,70.45
0.02040816326530612,-0.7959183673469388,3.684609828034776e9,6.215508238348488e9,2.53089841031e9,68.69
0.02040816326530612,-0.7551020408163265,4.312957492453803e9,7.14018405020293e9,2.82722655775e9,65.55
0.02040816326530612,-0.7142857142857143,4.804452503149809e9,7.97014164484517e9,3.1656891417e9,65.89
0.02040816326530612,-0.673469387755102,5.4221695901749935e9,8.71050092441584e9,3.28833133424e9,60.65
0.02040816326530612,-0.6326530612244898,5.950689153936537e9,9.366381790758963e9,3.41569263682e9,57.4
0.02040816326530612,-0.5918367346938775,6.358840227014002e9,9.942904145319786e9,3.58406391831e9,56.36
0.02040816326530612,-0.5510204081632653,6.827021139651668e9,1.0445187888997269e10,3.61816674935e9,53.0
0.02040816326530612,-0.5102040816326531,7.184783073909947e9,1.0878352921925869e10,3.69356984802e9,51.41
0.02040816326530612,-0.46938775510204084,7.559064236177485e9,1.1247519143143684e10,3.68845490697e9,48.8
0.02040816326530612,-0.42857142857142855,7.830833027710016e9,1.1557806450071398e10,3.72697342236e9,47.59
0.02040816326530612,-0.3877551020408163,8.188412003292303e9,1.1814334737662947e10,3.62592273437e9,44.28
0.02040816326530612,-0.3469387755102041,8.240461643636152e9,1.2022223896958595e10,3.78176225332e9,45.89
0.02040816326530612,-0.30612244897959184,8.479058128879255e9,1.218659381248501e10,3.70753568361e9,43.73
0.02040816326530612,-0.2653061224489796,8.570742300864901e9,1.2312564357267557e10,3.7418220564e9,43.66
0.02040816326530612,-0.22448979591836735,8.627163032908642e9,1.2405255382438253e10,3.77809234953e9,43.79
0.02040816326530612,-0.1836734693877551,8.627432710263885e9,1.246978669311964e10,3.84235398286e9,44.54
0.02040816326530612,-0.14285714285714285,8.749069391218822e9,1.25112779835656e10,3.76220859235e9,43.0
0.02040816326530612,-0.10204081632653061,8.77334296134748e9,1.2534848620534218e10,3.76150565919e9,42.87
0.02040816326530612,-0.061224489795918366,8.820345735500809e9,1.254561660773537e10,3.72527087223e9,42.23
0.02040816326530612,-0.02040816326530612,8.747048854243498e9,1.254868794974676e10,3.8016390955e9,43.46
0.02040816326530612,0.02040816326530612,8.810900112934036e9,1.254868794974676e10,3.73778783681e9,42.42
0.02040816326530612,0.061224489795918366,8.828807651251862e9,1.254561660773537e10,3.71680895648e9,42.1
0.02040816326530612,0.10204081632653061,8.682517774971125e9,1.2534848620534218e10,3.85233084556e9,44.37
0.02040816326530612,0.14285714285714285,8.854509329670788e9,1.25112779835656e10,3.65676865389e9,41.3
0.02040816326530612,0.1836734693877551,8.657408476806627e9,1.246978669311964e10,3.81237821631e9,44.04
0.02040816326530612,0.22448979591836735,8.657504045355255e9,1.2405255382438253e10,3.74775133708e9,43.29
0.02040816326530612,0.2653061224489796,8.547014488712015e9,1.2312564357267557e10,3.76554986856e9,44.06
0.02040816326530612,0.30612244897959184,8.4012396385644865e9,1.218659381248501e10,3.78535417392e9,45.06
0.02040816326530612,0.3469387755102041,8.263660186092722e9,1.2022223896958595e10,3.75856371087e9,45.48
0.02040816326530612,0.3877551020408163,8.150373116789465e9,1.1814334737662947e10,3.66396162087e9,44.95
0.02040816326530612,0.42857142857142855,7.810068219288488e9,1.1557806450071398e10,3.74773823078e9,47.99
0.02040816326530612,0.46938775510204084,7.568105207719668e9,1.1247519143143684e10,3.67941393542e9,48.62
0.02040816326530612,0.5102040816326531,7.153544764828918e9,1.0878352921925869e10,3.7248081571e9,52.07
0.02040816326530612,0.5510204081632653,6.887489897651347e9,1.0445187888997269e10,3.55769799135e9,51.65
0.02040816326530612,0.5918367346938775,6.438364578971542e9,9.942904145319786e9,3.50453956635e9,54.43
0.02040816326530612,0.6326530612244898,5.952000013385589e9,9.366381790758963e9,3.41438177737e9,57.37
0.02040816326530612,0.673469387755102,5.435310117386343e9,8.71050092441584e9,3.27519080703e9,60.26
0.02040816326530612,0.7142857142857143,4.864514658846356e9,7.97014164484517e9,3.105626986e9,63.84
0.02040816326530612,0.7551020408163265,4.295059146225809e9,7.14018405020293e9,2.84512490398e9,66.24
0.02040816326530612,0.7959183673469388,3.7301734340320144e9,6.215508238348488e9,2.48533480432e9,66.63
0.02040816326530612,0.8367346938775511,3.02684901180346e9,5.190994306916896e9,2.16414529511e9,71.5
0.02040816326530612,0.8775510204081632,2.362555315767882e9,4.061522353371036e9,1.6989670376e9,71.91
0.02040816326530612,0.9183673469387755,1.6997242827137501e9,2.8219724750398264e9,1.12224819233e9,66.03
0.02040816326530612,0.9591836734693877,9.565130791291761e8,1.4672247691467502e9,5.1071169002e8,53.39
0.061224489795918366,-0.9591836734693877,9.524244836907701e8,1.4069978683370829e9,4.5457338465e8,47.73
0.061224489795918366,-0.9183673469387755,1.656200360817922e9,2.764302506430556e9,1.10810214561e9,66.91
0.061224489795918366,-0.8775510204081632,2.2995224229563804e9,4.0064090367429724e9,1.70688661379e9,74.23
0.061224489795918366,-0.8367346938775511,2.96173489620504e9,5.13843732118089e9,2.17670242498e9,73.49
0.061224489795918366,-0.7959183673469388,3.7285949442383294e9,6.165507213199736e9,2.43691226896e9,65.36
0.061224489795918366,-0.7551020408163265,4.25445218941633e9,7.0927385555329275e9,2.83828636612e9,66.71
0.061224489795918366,-0.7142857142857143,4.786601225702573e9,7.925251177148182e9,3.13864995145e9,65.57
0.061224489795918366,-0.673469387755102,5.393277720140945e9,8.668164889106068e9,3.27488716897e9,60.72
0.061224489795918366,-0.6326530612244898,5.858326496870932e9,9.326599478830133e9,3.46827298196e9,59.2
0.061224489795918366,-0.5918367346938775,6.455408566142202e9,9.905674702030712e9,3.45026613589e9,53.45
0.061224489795918366,-0.5510204081632653,6.76064458755265e9,1.0410510271081793e10,3.64986568353e9,53.99
0.061224489795918366,-0.5102040816326531,7.156923188561772e9,1.0846225837894768e10,3.68930264933e9,51.55
0.061224489795918366,-0.46938775510204084,7.573001442400495e9,1.121794096799815e10,3.6449395256e9,48.13
0.061224489795918366,-0.42857142857142855,7.75302433919961e9,1.1530775100081642e10,3.77775076088e9,48.73
0.061224489795918366,-0.3877551020408163,8.088692598742331e9,1.178984748055747e10,3.70115488182e9,45.76
0.061224489795918366,-0.3469387755102041,8.189423782116472e9,1.200027705317851e10,3.81085327106e9,46.53
0.061224489795918366,-0.30612244897959184,8.48594114221456e9,1.2167182263314718e10,3.6812411211e9,43.38
0.061224489795918366,-0.2653061224489796,8.598400923499887e9,1.2295680689292492e10,3.69727976579e9,43.0
0.061224489795918366,-0.22448979591836735,8.57087888742059e9,1.2390888294256311e10,3.82000940684e9,44.57
0.061224489795918366,-0.1836734693877551,8.746690986403864e9,1.2457917758162516e10,3.71122677176e9,42.43
0.061224489795918366,-0.14285714285714285,8.758928860922724e9,1.2501874276739756e10,3.74294541582e9,42.73
0.061224489795918366,-0.10204081632653061,8.847103385781582e9,1.2527843119617146e10,3.68073973384e9,41.6
0.061224489795918366,-0.061224489795918366,8.913237948644726e9,1.254084392005976e10,3.62760597142e9,40.7
0.061224489795918366,-0.02040816326530612,8.8567408500041e9,1.2545616598426989e10,3.68887574842e9,41.65
0.061224489795918366,0.02040816326530612,8.787229369634499e9,1.2545616598426989e10,3.75838722879e9,42.77
0.061224489795918366,0.061224489795918366,8.64520328914819e9,1.254084392005976e10,3.89564063091e9,45.06
0.061224489795918366,0.10204081632653061,8.667019674904663e9,1.2527843119617146e10,3.86082344471e9,44.55
0.061224489795918366,0.14285714285714285,8.77589261525301e9,1.2501874276739756e10,3.72598166149e9,42.46
0.061224489795918366,0.1836734693877551,8.665992044940548e9,1.2457917758162516e10,3.79192571322e9,43.76
0.061224489795918366,0.22448979591836735,8.660387166192114e9,1.2390888294256311e10,3.73050112806e9,43.08
0.061224489795918366,0.2653061224489796,8.529808202153959e9,1.2295680689292492e10,3.76587248714e9,44.15
0.061224489795918366,0.30612244897959184,8.390472516202448e9,1.2167182263314718e10,3.77670974711e9,45.01
0.061224489795918366,0.3469387755102041,8.221757968837451e9,1.200027705317851e10,3.77851908434e9,45.96
0.061224489795918366,0.3877551020408163,8.051378042731657e9,1.178984748055747e10,3.73846943783e9,46.43
0.061224489795918366,0.42857142857142855,7.7040942284609165e9,1.1530775100081642e10,3.82668087162e9,49.67
0.061224489795918366,0.46938775510204084,7.409750453247032e9,1.121794096799815e10,3.80819051475e9,51.39
0.061224489795918366,0.5102040816326531,7.129132086085576e9,1.0846225837894768e10,3.71709375181e9,52.14
0.061224489795918366,0.5510204081632653,6.868321337026297e9,1.0410510271081793e10,3.54218893406e9,51.57
0.061224489795918366,0.5918367346938775,6.460378014276434e9,9.905674702030712e9,3.44529668775e9,53.33
0.061224489795918366,0.6326530612244898,5.872232536941433e9,9.326599478830133e9,3.45436694189e9,58.83
0.061224489795918366,0.673469387755102,5.343083139951403e9,8.668164889106068e9,3.32508174915e9,62.23
0.061224489795918366,0.7142857142857143,4.84674835061981e9,7.925251177148182e9,3.07850282653e9,63.52
0.061224489795918366,0.7551020408163265,4.2492275156033974e9,7.0927385555329275e9,2.84351103993e9,66.92
0.061224489795918366,0.7959183673469388,3.693144386049053e9,6.165507213199736e9,2.47236282715e9,66.94
0.061224489795918366,0.8367346938775511,3.008356818889298e9,5.13843732118089e9,2.13008050229e9,70.81
0.061224489795918366,0.8775510204081632,2.3115068929610195e9,4.0064090367429724e9,1.69490214378e9,73.32
0.061224489795918366,0.9183673469387755,1.6200714402437294e9,2.764302506430556e9,1.14423106619e9,70.63
0.061224489795918366,0.9591836734693877,9.53918383872884e8,1.4069978683370829e9,4.5307948446e8,47.5
0.10204081632653061,-0.9591836734693877,8.815274772757813e8,1.286218123344964e9,4.0469064607e8,45.91
0.10204081632653061,-0.9183673469387755,1.5450441575123544e9,2.6486222205661564e9,1.10357806305e9,71.43
0.10204081632653061,-0.8775510204081632,2.2494784427778864e9,3.8958263215713086e9,1.64634787879e9,73.19
0.10204081632653061,-0.8367346938775511,2.9353254218388405e9,5.0329500146823845e9,2.09762459284e9,71.46
0.10204081632653061,-0.7959183673469388,3.5864940160875254e9,6.065112824407181e9,2.47861880832e9,69.11
0.10204081632653061,-0.7551020408163265,4.241985691821952e9,6.997434194467111e9,2.75544850265e9,64.96
0.10204081632653061,-0.7142857142857143,4.778164036515625e9,7.835033465123223e9,3.05686942861e9,63.98
0.10204081632653061,-0.673469387755102,5.284793500825629e9,8.583029842442271e9,3.29823634162e9,62.41
0.10204081632653061,-0.6326530612244898,5.88153838662117e9,9.246542355965012e9,3.36500396934e9,57.21
0.10204081632653061,-0.5918367346938775,6.377596325749983e9,9.830689799355207e9,3.45309347361e9,54.14
0.10204081632653061,-0.5510204081632653,6.802009029553065e9,1.0340590645521639e10,3.53858161597e9,52.02
0.10204081632653061,-0.5102040816326531,7.083869217162557e9,1.0781362922506554e10,3.69749370534e9,52.2
0.10204081632653061,-0.46938775510204084,7.551703336839861e9,1.1158124027396355e10,3.60642069056e9,47.76
0.10204081632653061,-0.42857142857142855,7.834247146672073e9,1.1475990439236567e10,3.64174329256e9,46.48
0.10204081632653061,-0.3877551020408163,7.972675318304088e9,1.1740077261443033e10,3.76740194314e9,47.25
0.10204081632653061,-0.3469387755102041,8.277199234656061e9,1.195549746443972e10,3.67829822978e9,44.44
0.10204081632653061,-0.30612244897959184,8.274454853620804e9,1.2127360575941954e10,3.85290572232e9,46.56
0.10204081632653061,-0.2653061224489796,8.512678116713011e9,1.2260770296461857e10,3.74809217975e9,44.03
0.10204081632653061,-0.22448979591836735,8.575112917967529e9,1.2360819886180079e10,3.78570696821e9,44.15
0.10204081632653061,-0.1836734693877551,8.601437600115318e9,1.243258257609333e10,3.83114497598e9,44.54
0.10204081632653061,-0.14285714285714285,8.773299404593296e9,1.2481089897745602e10,3.70779049315e9,42.26
0.10204081632653061,-0.10204081632653061,8.72658402227542e9,1.2511277985272133e10,3.784693963e9,43.37
0.10204081632653061,-0.061224489795918366,8.740142760220114e9,1.25278431123498e10,3.78770035213e9,43.34
0.10204081632653061,-0.02040816326530612,8.688244178342773e9,1.2534848617151087e10,3.84660443881e9,44.27
0.10204081632653061,0.02040816326530612,8.851512324346407e9,1.2534848617151087e10,3.6833362928e9,41.61
0.10204081632653061,0.061224489795918366,8.834269402395105e9,1.25278431123498e10,3.69357370995e9,41.81
0.10204081632653061,0.10204081632653061,8.777957697555481e9,1.2511277985272133e10,3.73332028772e9,42.53
0.10204081632653061,0.14285714285714285,8.701387075418642e9,1.2481089897745602e10,3.77970282233e9,43.44
0.10204081632653061,0.1836734693877551,8.615562429462864e9,1.243258257609333e10,3.81702014663e9,44.3
0.10204081632653061,0.22448979591836735,8.662848765525448e9,1.2360819886180079e10,3.69797112065e9,42.69
0.10204081632653061,0.2653061224489796,8.615812973380945e9,1.2260770296461857e10,3.64495732308e9,42.31
0.10204081632653061,0.30612244897959184,8.350642707522467e9,1.2127360575941954e10,3.77671786842e9,45.23
0.10204081632653061,0.3469387755102041,8.37643197972596e9,1.195549746443972e10,3.57906548471e9,42.73
0.10204081632653061,0.3877551020408163,8.108449886282082e9,1.1740077261443033e10,3.63162737516e9,44.79
0.10204081632653061,0.42857142857142855,7.809057296417445e9,1.1475990439236567e10,3.66693314282e9,46.96
0.10204081632653061,0.46938775510204084,7.509248984418739e9,1.1158124027396355e10,3.64887504298e9,48.59
0.10204081632653061,0.5102040816326531,7.103087539095159e9,1.0781362922506554e10,3.67827538341e9,51.78
0.10204081632653061,0.5510204081632653,6.710840064895296e9,1.0340590645521639e10,3.62975058063e9,54.09
0.10204081632653061,0.5918367346938775,6.339430779842386e9,9.830689799355207e9,3.49125901951e9,55.07
0.10204081632653061,0.6326530612244898,5.871366155675419e9,9.246542355965012e9,3.37517620029e9,57.49
0.10204081632653061,0.673469387755102,5.387602103798338e9,8.583029842442271e9,3.19542773864e9,59.31
0.10204081632653061,0.7142857142857143,4.741474098629114e9,7.835033465123223e9,3.09355936649e9,65.24
0.10204081632653061,0.7551020408163265,4.2254366228176193e9,6.997434194467111e9,2.77199757165e9,65.6
0.10204081632653061,0.7959183673469388,3.623124475798745e9,6.065112824407181e9,2.44198834861e9,67.4
0.10204081632653061,0.8367346938775511,2.927269073779567e9,5.0329500146823845e9,2.1056809409e9,71.93
0.10204081632653061,0.8775510204081632,2.235387123209887e9,3.8958263215713086e9,1.66043919836e9,74.28
0.10204081632653061,0.9183673469387755,1.5696935668135061e9,2.6486222205661564e9,1.07892865375e9,68.73
0.10204081632653061,0.9591836734693877,8.506218542516488e8,1.286218123344964e9,4.3559626909e8,51.21
0.14285714285714285,-0.9591836734693877,7.958986303839729e8,1.1042365646395812e9,3.0833793426e8,38.74
0.14285714285714285,-0.9183673469387755,1.457334990068175e9,2.47425423963997e9,1.01691924957e9,69.78
0.14285714285714285,-0.8775510204081632,2.1213211097694068e9,3.729065843035854e9,1.60774473327e9,75.79
0.14285714285714285,-0.8367346938775511,2.818318144769778e9,4.87379009256805e9,2.0554719478e9,72.93
0.14285714285714285,-0.7959183673469388,3.481429705042836e9,5.913545468573587e9,2.43211576353e9,69.86
0.14285714285714285,-0.7551020408163265,4.073020571120627e9,6.853450151796176e9,2.78042958068e9,68.26
0.14285714285714285,-0.7142857142857143,4.692246134100581e9,7.698621940702803e9,3.0063758066e9,64.07
0.14285714285714285,-0.673469387755102,5.1578029780156e9,8.45417814003178e9,3.29637516202e9,63.91
0.14285714285714285,-0.6326530612244898,5.795991205541528e9,9.125235408280687e9,3.32924420274e9,57.44
0.14285714285714285,-0.5918367346938775,6.199193746000305e9,9.716909545513624e9,3.51771579951e9,56.74
0.14285714285714285,-0.5510204081632653,6.759018153240744e9,1.023431519266507e10,3.47529703942e9,51.42
0.14285714285714285,-0.5102040816326531,7.089100453842242e9,1.0682565396656857e10,3.59346494281e9,50.69
0.14285714285714285,-0.46938775510204084,7.390537235438024e9,1.1066770967004524e10,3.67623373157e9,49.74
0.14285714285714285,-0.42857142857142855,7.678984589967369e9,1.1392039499454977e10,3.71305490949e9,48.35
0.14285714285714285,-0.3877551020408163,7.880014244605326e9,1.1663473851494957e10,3.78345960689e9,48.01
0.14285714285714285,-0.3469387755102041,8.140216499837461e9,1.1886169684455927e10,3.74595318462e9,46.02
0.14285714285714285,-0.30612244897959184,8.366083257770508e9,1.2065211355236292e10,3.69912809747e9,44.22
0.14285714285714285,-0.2653061224489796,8.465081223866152e9,1.2205664766762835e10,3.7405835429e9,44.19
0.14285714285714285,-0.22448979591836735,8.554398377943723e9,1.2312564359631449e10,3.75816598169e9,43.93
0.14285714285714285,-0.1836734693877551,8.599051586860682e9,1.2390888295217058e10,3.79183670836e9,44.1
0.14285714285714285,-0.14285714285714285,8.66408872600076e9,1.2445508868002117e10,3.781420142e9,43.64
0.14285714285714285,-0.10204081632653061,8.768733303181293e9,1.248108989409294e10,3.71235659091e9,42.34
0.14285714285714285,-0.061224489795918366,8.702531954243382e9,1.250187427153758e10,3.79934231729e9,43.66
0.14285714285714285,-0.02040816326530612,8.752157572949429e9,1.2511277981512932e10,3.75912040856e9,42.95
0.14285714285714285,0.02040816326530612,8.734947427757183e9,1.2511277981512932e10,3.77633055376e9,43.23
0.14285714285714285,0.061224489795918366,8.787109278048319e9,1.250187427153758e10,3.71476499349e9,42.28
0.14285714285714285,0.10204081632653061,8.712864469827765e9,1.248108989409294e10,3.76822542427e9,43.25
0.14285714285714285,0.14285714285714285,8.68419034130699e9,1.2445508868002117e10,3.7613185267e9,43.31
0.14285714285714285,0.1836734693877551,8.713861342730333e9,1.2390888295217058e10,3.67702695249e9,42.2
0.14285714285714285,0.22448979591836735,8.504166021642011e9,1.2312564359631449e10,3.80839833799e9,44.78
0.14285714285714285,0.2653061224489796,8.422582942873114e9,1.2205664766762835e10,3.78308182389e9,44.92
0.14285714285714285,0.30612244897959184,8.290220994556773e9,1.2065211355236292e10,3.77499036068e9,45.54
0.14285714285714285,0.3469387755102041,8.1958813971639e9,1.1886169684455927e10,3.69028828729e9,45.03
0.14285714285714285,0.3877551020408163,7.999603973087713e9,1.1663473851494957e10,3.66386987841e9,45.8
0.14285714285714285,0.42857142857142855,7.700368591755587e9,1.1392039499454977e10,3.6916709077e9,47.94
0.14285714285714285,0.46938775510204084,7.399186366627806e9,1.1066770967004524e10,3.66758460038e9,49.57
0.14285714285714285,0.5102040816326531,6.98545164115343e9,1.0682565396656857e10,3.6971137555e9,52.93
0.14285714285714285,0.5510204081632653,6.66219977186794e9,1.023431519266507e10,3.5721154208e9,53.62
0.14285714285714285,0.5918367346938775,6.235343452131095e9,9.716909545513624e9,3.48156609338e9,55.84
0.14285714285714285,0.6326530612244898,5.701445898795851e9,9.125235408280687e9,3.42378950948e9,60.05
0.14285714285714285,0.673469387755102,5.279527917987032e9,8.45417814003178e9,3.17465022204e9,60.13
0.14285714285714285,0.7142857142857143,4.647117927361436e9,7.698621940702803e9,3.05150401334e9,65.66
0.14285714285714285,0.7551020408163265,4.041016021955039e9,6.853450151796176e9,2.81243412984e9,69.6
0.14285714285714285,0.7959183673469388,3.4689873831540804e9,5.913545468573587e9,2.44455808542e9,70.47
0.14285714285714285,0.8367346938775511,2.8314454682884846e9,4.87379009256805e9,2.04234462428e9,72.13
0.14285714285714285,0.8775510204081632,2.1766303428337545e9,3.729065843035854e9,1.5524355002e9,71.32
0.14285714285714285,0.9183673469387755,1.4873059495867414e9,2.47425423963997e9,9.8694829005e8,66.36
0.14285714285714285,0.9591836734693877,7.836152014157139e8,1.1042365646395812e9,3.2062136322e8,40.92
0.1836734693877551,-0.9591836734693877,6.706379220763382e8,8.600869225018083e8,1.8944900043e8,28.25
0.1836734693877551,-0.9183673469387755,1.347034436292503e9,2.2401906612756395e9,8.9315622498e8,66.31
0.1836734693877551,-0.8775510204081632,1.9849497170745335e9,3.505074383375012e9,1.5201246663e9,76.58
0.1836734693877551,-0.8367346938775511,2.6739530342514544e9,4.659854838218259e9,1.98590180397e9,74.27
0.1836734693877551,-0.7959183673469388,3.2765447571332293e9,5.709648153277126e9,2.43310339614e9,74.26
0.1836734693877551,-0.7551020408163265,3.9492764510081587e9,6.65956967436119e9,2.71029322335e9,68.63
0.1836734693877551,-0.7142857142857143,4.560091789108934e9,7.514733754581526e9,2.95464196547e9,64.79
0.1836734693877551,-0.673469387755102,5.026833976223149e9,8.280253471917589e9,3.25341949569e9,64.72
0.1836734693877551,-0.6326530612244898,5.681099060826309e9,8.961240245941753e9,3.28014118512e9,57.74
0.1836734693877551,-0.5918367346938775,6.081261891902209e9,9.562803309751076e9,3.48154141785e9,57.25
0.1836734693877551,-0.5510204081632653,6.550246846014281e9,1.009004897025426e10,3.53980212424e9,54.04
0.1836734693877551,-0.5102040816326531,6.841149886393129e9,1.054807955303214e10,3.70692966664e9,54.19
0.1836734693877551,-0.46938775510204084,7.214430985252283e9,1.0941991867083601e10,3.72756088183e9,51.67
0.1836734693877551,-0.42857142857142855,7.53833016019426e9,1.127687492190075e10,3.73854476171e9,49.59
0.1836734693877551,-0.3877551020408163,7.748222136683797e9,1.1557806451216625e10,3.80958431453e9,49.17
0.1836734693877551,-0.3469387755102041,8.040900838404071e9,1.1789847481563457e10,3.74894664316e9,46.62
0.1836734693877551,-0.30612244897959184,8.179686483863866e9,1.1978033608632315e10,3.79834712477e9,46.44
0.1836734693877551,-0.2653061224489796,8.373586857521505e9,1.2127360576402925e10,3.75377371888e9,44.83
0.1836734693877551,-0.22448979591836735,8.597216056067448e9,1.22427597463637e10,3.6455436903e9,42.4
0.1836734693877551,-0.1836734693877551,8.521502333573486e9,1.2329055294355595e10,3.80755296078e9,44.68
0.1836734693877551,-0.14285714285714285,8.71811932872553e9,1.2390888293207582e10,3.67276896448e9,42.13
0.1836734693877551,-0.10204081632653061,8.705594641696358e9,1.2432582572268826e10,3.72698793057e9,42.81
0.1836734693877551,-0.061224489795918366,8.659590992084782e9,1.2457917754697952e10,3.79832676261e9,43.86
0.1836734693877551,-0.02040816326530612,8.733637424417997e9,1.2469786691588549e10,3.73614926717e9,42.78
0.1836734693877551,0.02040816326530612,8.757617286918467e9,1.2469786691588549e10,3.71216940467e9,42.39
0.1836734693877551,0.061224489795918366,8.682401434015419e9,1.2457917754697952e10,3.77551632068e9,43.48
0.1836734693877551,0.10204081632653061,8.766144950640915e9,1.2432582572268826e10,3.66643762163e9,41.82
0.1836734693877551,0.14285714285714285,8.724340756915056e9,1.2390888293207582e10,3.66654753629e9,42.03
0.1836734693877551,0.1836734693877551,8.539268106483507e9,1.2329055294355595e10,3.78978718787e9,44.38
0.1836734693877551,0.22448979591836735,8.4779002277252655e9,1.22427597463637e10,3.76485951864e9,44.41
0.1836734693877551,0.2653061224489796,8.371197452077128e9,1.2127360576402925e10,3.75616312433e9,44.87
0.1836734693877551,0.30612244897959184,8.261647580826836e9,1.1978033608632315e10,3.71638602781e9,44.98
0.1836734693877551,0.3469387755102041,8.038245942316704e9,1.1789847481563457e10,3.75160153925e9,46.67
0.1836734693877551,0.3877551020408163,7.916676197130794e9,1.1557806451216625e10,3.64113025409e9,45.99
0.1836734693877551,0.42857142857142855,7.603688777847371e9,1.127687492190075e10,3.67318614405e9,48.31
0.1836734693877551,0.46938775510204084,7.383770144654503e9,1.0941991867083601e10,3.55822172243e9,48.19
0.1836734693877551,0.5102040816326531,7.006749884719571e9,1.054807955303214e10,3.54132966831e9,50.54
0.1836734693877551,0.5510204081632653,6.500541300526814e9,1.009004897025426e10,3.58950766973e9,55.22
0.1836734693877551,0.5918367346938775,6.117746684803982e9,9.562803309751076e9,3.44505662495e9,56.31
0.1836734693877551,0.6326530612244898,5.651093361643696e9,8.961240245941753e9,3.3101468843e9,58.58
0.1836734693877551,0.673469387755102,5.118420280223745e9,8.280253471917589e9,3.16183319169e9,61.77
0.1836734693877551,0.7142857142857143,4.533081393705548e9,7.514733754581526e9,2.98165236088e9,65.78
0.1836734693877551,0.7551020408163265,3.989384569404354e9,6.65956967436119e9,2.67018510496e9,66.93
0.1836734693877551,0.7959183673469388,3.2934245338989797e9,5.709648153277126e9,2.41622361938e9,73.37
0.1836734693877551,0.8367346938775511,2.658555430285952e9,4.659854838218259e9,2.00129940793e9,75.28
0.1836734693877551,0.8775510204081632,2.0112751754167228e9,3.505074383375012e9,1.49379920796e9,74.27
0.1836734693877551,0.9183673469387755,1.4068923988527884e9,2.2401906612756395e9,8.3329826242e8,59.23
0.1836734693877551,0.9591836734693877,7.006913406042e8,8.600869225018083e8,1.593955819e8,22.75
0.22448979591836735,-0.9591836734693877,5.732106769375939e8,5.524939534187058e8,2.071672352e7,3.61
0.22448979591836735,-0.9183673469387755,1.21831761438559e9,1.945102491093139e9,7.2678487671e8,59.65
0.22448979591836735,-0.8775510204081632,1.8968202763754036e9,3.2224646125856156e9,1.32564433621e9,69.89
0.22448979591836735,-0.8367346938775511,2.481717214698621e9,4.389693411504186e9,1.90797619681e9,76.88
0.22448979591836735,-0.7959183673469388,3.1803190414835167e9,5.451900663524965e9,2.27158162204e9,71.43
0.22448979591836735,-0.7551020408163265,3.78950379834258e9,6.414196496074746e9,2.62469269773e9,69.26
0.22448979591836735,-0.7142857142857143,4.388048876457648e9,7.281688955102538e9,2.89364007864e9,65.94
0.22448979591836735,-0.673469387755102,4.980648151038251e9,8.059483430216391e9,3.07883527918e9,61.82
0.22448979591836735,-0.6326530612244898,5.491572096863281e9,8.752681882247414e9,3.26110978538e9,59.38
0.22448979591836735,-0.5918367346938775,6.013646934862141e9,9.366381791213049e9,3.35273485635e9,55.75
0.22448979591836735,-0.5510204081632653,6.392473323650544e9,9.905674702469372e9,3.51320137882e9,54.96
0.22448979591836735,-0.5102040816326531,6.789282022039042e9,1.0375644185921047e10,3.58636216388e9,52.82
0.22448979591836735,-0.46938775510204084,7.221850683673227e9,1.078136292295496e10,3.55951223928e9,49.29
0.22448979591836735,-0.42857142857142855,7.397812486387571e9,1.1127888473519026e10,3.73007598713e9,50.42
0.22448979591836735,-0.3877551020408163,7.692269732503805e9,1.1420257008958397e10,3.72798727645e9,48.46
0.22448979591836735,-0.3469387755102041,7.9932117964335985e9,1.1663473851729494e10,3.6702620553e9,45.92
0.22448979591836735,-0.30612244897959184,8.163575430049741e9,1.186249891675695e10,3.69892348671e9,45.31
0.22448979591836735,-0.2653061224489796,8.236704376092863e9,1.2022223898236013e10,3.78551952214e9,45.96
0.22448979591836735,-0.22448979591836735,8.436620442952472e9,1.2147435990821974e10,3.71081554787e9,43.98
0.22448979591836735,-0.1836734693877551,8.376900029011172e9,1.2242759745160511e10,3.86585971615e9,46.15
0.22448979591836735,-0.14285714285714285,8.56466428308918e9,1.2312564357100967e10,3.74790007401e9,43.76
0.22448979591836735,-0.10204081632653061,8.577687660811559e9,1.2360819883025757e10,3.78313222221e9,44.1
0.22448979591836735,-0.061224489795918366,8.674830026812351e9,1.2390888291775455e10,3.71605826496e9,42.84
0.22448979591836735,-0.02040816326530612,8.626070814088232e9,1.2405255381184204e10,3.7791845671e9,43.81
0.22448979591836735,0.02040816326530612,8.628611396881462e9,1.2405255381184204e10,3.7766439843e9,43.77
0.22448979591836735,0.061224489795918366,8.605997351616959e9,1.2390888291775455e10,3.78489094016e9,43.98
0.22448979591836735,0.10204081632653061,8.588518201140889e9,1.2360819883025757e10,3.77230168188e9,43.92
0.22448979591836735,0.14285714285714285,8.553423492050713e9,1.2312564357100967e10,3.75914086505e9,43.95
0.22448979591836735,0.1836734693877551,8.500446077941648e9,1.2242759745160511e10,3.74231366722e9,44.02
0.22448979591836735,0.22448979591836735,8.413629414400574e9,1.2147435990821974e10,3.73380657642e9,44.38
0.22448979591836735,0.2653061224489796,8.235810258614801e9,1.2022223898236013e10,3.78641363962e9,45.97
0.22448979591836735,0.30612244897959184,8.2105918303124485e9,1.186249891675695e10,3.65190708644e9,44.48
0.22448979591836735,0.3469387755102041,7.909119351575397e9,1.1663473851729494e10,3.75435450015e9,47.47
0.22448979591836735,0.3877551020408163,7.637471958314143e9,1.1420257008958397e10,3.78278505064e9,49.53
0.22448979591836735,0.42857142857142855,7.367449824855199e9,1.1127888473519026e10,3.76043864866e9,51.04
0.22448979591836735,0.46938775510204084,7.165413577772505e9,1.078136292295496e10,3.61594934518e9,50.46
0.22448979591836735,0.5102040816326531,6.802129534519579e9,1.0375644185921047e10,3.5735146514e9,52.54
0.22448979591836735,0.5510204081632653,6.427910386744015e9,9.905674702469372e9,3.47776431573e9,54.1
0.22448979591836735,0.5918367346938775,5.993647824964649e9,9.366381791213049e9,3.37273396625e9,56.27
0.22448979591836735,0.6326530612244898,5.439042273616184e9,8.752681882247414e9,3.31363960863e9,60.92
0.22448979591836735,0.673469387755102,4.954883535783691e9,8.059483430216391e9,3.10459989443e9,62.66
0.22448979591836735,0.7142857142857143,4.39579212905588e9,7.281688955102538e9,2.88589682605e9,65.65
0.22448979591836735,0.7551020408163265,3.7806750624633965e9,6.414196496074746e9,2.63352143361e9,69.66
0.22448979591836735,0.7959183673469388,3.2036921703277655e9,5.451900663524965e9,2.2482084932e9,70.18
0.22448979591836735,0.8367346938775511,2.525756107184186e9,4.389693411504186e9,1.86393730432e9,73.8
0.22448979591836735,0.8775510204081632,1.9096969311721625e9,3.2224646125856156e9,1.31276768141e9,68.74
0.22448979591836735,0.9183673469387755,1.207589835889476e9,1.945102491093139e9,7.375126552e8,61.07
0.22448979591836735,0.9591836734693877,5.595197487281272e8,5.524939534187058e8,7.02579531e6,1.26
0.2653061224489796,-0.9591836734693877,4.303951763273034e8,1.7988407452481577e8,2.505111018e8,58.2
0.2653061224489796,-0.9183673469387755,1.0429174649763762e9,1.5873516444889576e9,5.4443417951e8,52.2
0.2653061224489796,-0.8775510204081632,1.6852920307390988e9,2.879528696066465e9,1.19423666533e9,70.86
0.2653061224489796,-0.8367346938775511,2.349687719371264e9,4.0615223534712796e9,1.7118346341e9,72.85
0.2653061224489796,-0.7959183673469388,2.968084446314603e9,5.138437321297286e9,2.17035287498e9,73.12
0.2653061224489796,-0.7551020408163265,3.5968456303906946e9,6.1153752950618105e9,2.51852966467e9,70.02
0.2653061224489796,-0.7142857142857143,4.13717966680112e9,6.997434194623404e9,2.86025452782e9,69.14
0.2653061224489796,-0.673469387755102,4.754585329887781e9,7.789707156799345e9,3.03512182691e9,63.84
0.2653061224489796,-0.6326530612244898,5.289797110078413e9,8.497281196788394e9,3.20748408671e9,60.64
0.2653061224489796,-0.5918367346938775,5.789834833127442e9,9.125235408484894e9,3.33540057536e9,57.61
0.2653061224489796,-0.5510204081632653,6.146109392502986e9,9.67863851461351e9,3.53252912211e9,57.48
0.2653061224489796,-0.5102040816326531,6.611545698188511e9,1.0162545488032679e10,3.55099978984e9,53.71
0.2653061224489796,-0.46938775510204084,6.928862389068665e9,1.058199282845766e10,3.65313043939e9,52.72
0.2653061224489796,-0.42857142857142855,7.324645850936437e9,1.094199186720966e10,3.61734601627e9,49.39
0.2653061224489796,-0.3877551020408163,7.544075285790052e9,1.1247519144127249e10,3.70344385834e9,49.09
0.2653061224489796,-0.3469387755102041,7.793323710606009e9,1.1503502391223186e10,3.71017868062e9,47.61
0.2653061224489796,-0.30612244897959184,8.044652293512163e9,1.1714799875345678e10,3.67014758183e9,45.62
0.2653061224489796,-0.2653061224489796,8.097103041044492e9,1.1886169683988237e10,3.78906664294e9,46.8
0.2653061224489796,-0.22448979591836735,8.231035056421468e9,1.2022223897470518e10,3.79118884105e9,46.06
0.2653061224489796,-0.1836734693877551,8.3800826021404085e9,1.2127360574724401e10,3.74727797258e9,44.72
0.2653061224489796,-0.14285714285714285,8.437360858617006e9,1.220566476435874e10,3.76830390574e9,44.66
0.2653061224489796,-0.10204081632653061,8.524824511899681e9,1.2260770293957314e10,3.73594578206e9,43.82
0.2653061224489796,-0.061224489795918366,8.530862300233543e9,1.2295680687389353e10,3.76481838716e9,44.13
0.2653061224489796,-0.02040816326530612,8.539694001122737e9,1.2312564356190239e10,3.77287035507e9,44.18
0.2653061224489796,0.02040816326530612,8.514930611555835e9,1.2312564356190239e10,3.79763374463e9,44.6
0.2653061224489796,0.061224489795918366,8.538460720049724e9,1.2295680687389353e10,3.75721996734e9,44.0
0.2653061224489796,0.10204081632653061,8.533700201068787e9,1.2260770293957314e10,3.72707009289e9,43.67
0.2653061224489796,0.14285714285714285,8.459422471062536e9,1.220566476435874e10,3.7462422933e9,44.28
0.2653061224489796,0.1836734693877551,8.368114630594368e9,1.2127360574724401e10,3.75924594413e9,44.92
0.2653061224489796,0.22448979591836735,8.284554030068762e9,1.2022223897470518e10,3.7376698674e9,45.12
0.2653061224489796,0.2653061224489796,8.160101848349861e9,1.1886169683988237e10,3.72606783564e9,45.66
0.2653061224489796,0.30612244897959184,7.947106298678523e9,1.1714799875345678e10,3.76769357667e9,47.41
0.2653061224489796,0.3469387755102041,7.786137400600403e9,1.1503502391223186e10,3.71736499062e9,47.74
0.2653061224489796,0.3877551020408163,7.553878300060732e9,1.1247519144127249e10,3.69364084407e9,48.9
0.2653061224489796,0.42857142857142855,7.330566699819034e9,1.094199186720966e10,3.61142516739e9,49.27
0.2653061224489796,0.46938775510204084,7.020623611275476e9,1.058199282845766e10,3.56136921718e9,50.73
0.2653061224489796,0.5102040816326531,6.666352934273413e9,1.0162545488032679e10,3.49619255376e9,52.45
0.2653061224489796,0.5510204081632653,6.178960206326525e9,9.67863851461351e9,3.49967830829e9,56.64
0.2653061224489796,0.5918367346938775,5.696887854655465e9,9.125235408484894e9,3.42834755383e9,60.18
0.2653061224489796,0.6326530612244898,5.282483888229599e9,8.497281196788394e9,3.21479730856e9,60.86
0.2653061224489796,0.673469387755102,4.769455461623328e9,7.789707156799345e9,3.02025169518e9,63.32
0.2653061224489796,0.7142857142857143,4.2280129585219893e9,6.997434194623404e9,2.7694212361e9,65.5
0.2653061224489796,0.7551020408163265,3.653765994718669e9,6.1153752950618105e9,2.46160930034e9,67.37
0.2653061224489796,0.7959183673469388,2.9455843898078485e9,5.138437321297286e9,2.19285293149e9,74.45
0.2653061224489796,0.8367346938775511,2.30528182463236e9,4.0615223534712796e9,1.75624052884e9,76.18
0.2653061224489796,0.8775510204081632,1.7401251505397289e9,2.879528696066465e9,1.13940354553e9,65.48
0.2653061224489796,0.9183673469387755,1.0171553330654738e9,1.5873516444889576e9,5.7019631142e8,56.06
0.2653061224489796,0.9591836734693877,4.076910628656622e8,1.7988407452481577e8,2.2780698834e8,55.88
0.30612244897959184,-0.9183673469387755,7.972172196811328e8,1.1650050854804456e9,3.677878658e8,46.13
0.30612244897959184,-0.8775510204081632,1.4580398774629016e9,2.474254239670562e9,1.01621436221e9,69.7
0.30612244897959184,-0.8367346938775511,2.120305340447495e9,3.673243643821977e9,1.55293830337e9,73.24
0.30612244897959184,-0.7959183673469388,2.750509900418011e9,4.767067525164218e9,2.01655762475e9,73.32
0.30612244897959184,-0.7551020408163265,3.4205676984287457e9,5.760815163496855e9,2.34024746507e9,68.42
0.30612244897959184,-0.7142857142857143,3.947131731833665e9,6.659569674447835e9,2.71243794261e9,68.72
0.30612244897959184,-0.673469387755102,4.552743029614992e9,7.468406427410349e9,2.9156633978e9,64.04
0.30612244897959184,-0.6326530612244898,5.072699016435696e9,8.192390968719071e9,3.11969195228e9,61.5
0.30612244897959184,-0.5918367346938775,5.525821531956527e9,8.836576268104837e9,3.31075473615e9,59.91
0.30612244897959184,-0.5510204081632653,5.932464517307076e9,9.405999030300266e9,3.47353451299e9,58.55
0.30612244897959184,-0.5102040816326531,6.4178965739672e9,9.905674702539104e9,3.48777812857e9,54.34
0.30612244897959184,-0.46938775510204084,6.821975181324008e9,1.0340590645939417e10,3.51861546462e9,51.58
0.30612244897959184,-0.42857142857142855,7.053916516072203e9,1.0715696700407923e10,3.66178018434e9,51.91
0.30612244897959184,-0.3877551020408163,7.380602009258591e9,1.103589202571955e10,3.65529001646e9,49.53
0.30612244897959184,-0.3469387755102041,7.563027893610684e9,1.1306006604193672e10,3.74297871058e9,49.49
0.30612244897959184,-0.30612244897959184,7.876772912198316e9,1.1530775100476212e10,3.65400218828e9,46.39
0.30612244897959184,-0.2653061224489796,7.926401011163844e9,1.1714799874837564e10,3.78839886367e9,47.79
0.30612244897959184,-0.22448979591836735,8.123171219992693e9,1.1862498915620354e10,3.73932769563e9,46.03
0.30612244897959184,-0.1836734693877551,8.225006020456815e9,1.197803360688817e10,3.75302758643e9,45.63
0.30612244897959184,-0.14285714285714285,8.362313431788191e9,1.2065211353138668e10,3.70289792135e9,44.28
0.30612244897959184,-0.10204081632653061,8.324530657185847e9,1.212736057393279e10,3.80282991675e9,45.68
0.30612244897959184,-0.061224489795918366,8.410747572256416e9,1.2167182261780176e10,3.75643468952e9,44.66
0.30612244897959184,-0.02040816326530612,8.369979616055918e9,1.2186593811534958e10,3.81661419548e9,45.6
0.30612244897959184,0.02040816326530612,8.478407408804459e9,1.2186593811534958e10,3.70818640273e9,43.74
0.30612244897959184,0.061224489795918366,8.480228986633591e9,1.2167182261780176e10,3.68695327515e9,43.48
0.30612244897959184,0.10204081632653061,8.295793215685321e9,1.212736057393279e10,3.83156735825e9,46.19
0.30612244897959184,0.14285714285714285,8.306762890042308e9,1.2065211353138668e10,3.7584484631e9,45.25
0.30612244897959184,0.1836734693877551,8.2840328738528595e9,1.197803360688817e10,3.69400073304e9,44.59
0.30612244897959184,0.22448979591836735,8.1713111860466795e9,1.1862498915620354e10,3.69118772957e9,45.17
0.30612244897959184,0.2653061224489796,8.023223370973477e9,1.1714799874837564e10,3.69157650386e9,46.01
0.30612244897959184,0.30612244897959184,7.825067041168486e9,1.1530775100476212e10,3.70570805931e9,47.36
0.30612244897959184,0.3469387755102041,7.666097534127421e9,1.1306006604193672e10,3.63990907007e9,47.48
0.30612244897959184,0.3877551020408163,7.404887499812981e9,1.103589202571955e10,3.63100452591e9,49.04
0.30612244897959184,0.42857142857142855,7.114799327632916e9,1.0715696700407923e10,3.60089737278e9,50.61
0.30612244897959184,0.46938775510204084,6.761622013536468e9,1.0340590645939417e10,3.5789686324e9,52.93
0.30612244897959184,0.5102040816326531,6.363458275669209e9,9.905674702539104e9,3.54221642687e9,55.66
0.30612244897959184,0.5510204081632653,5.931788013322874e9,9.405999030300266e9,3.47421101698e9,58.57
0.30612244897959184,0.5918367346938775,5.509241872564985e9,8.836576268104837e9,3.32733439554e9,60.4
0.30612244897959184,0.6326530612244898,5.057724054497416e9,8.192390968719071e9,3.13466691422e9,61.98
0.30612244897959184,0.673469387755102,4.512513349440892e9,7.468406427410349e9,2.95589307797e9,65.5
0.30612244897959184,0.7142857142857143,3.9971881613664694e9,6.659569674447835e9,2.66238151308e9,66.61
0.30612244897959184,0.7551020408163265,3.344862542966651e9,5.760815163496855e9,2.41595262053e9,72.23
0.30612244897959184,0.7959183673469388,2.786105462544935e9,4.767067525164218e9,1.98096206262e9,71.1
0.30612244897959184,0.8367346938775511,2.1096160119571583e9,3.673243643821977e9,1.56362763186e9,74.12
0.30612244897959184,0.8775510204081632,1.5053039746236706e9,2.474254239670562e9,9.6895026505e8,64.37
0.30612244897959184,0.9183673469387755,8.639324630534277e8,1.1650050854804456e9,3.0107262243e8,34.85
0.3469387755102041,-0.9183673469387755,6.280198253741066e8,6.758506284919008e8,4.783080312e7,7.62
0.3469387755102041,-0.8775510204081632,1.240512890307908e9,2.004341998238236e9,7.6382910793e8,61.57
0.3469387755102041,-0.8367346938775511,1.861604664048191e9,3.2224646126115026e9,1.36085994856e9,73.1
0.3469387755102041,-0.7959183673469388,2.444286260755376e9,4.335298214957197e9,1.8910119542e9,77.36
0.3469387755102041,-0.7551020408163265,3.133657683502596e9,5.347915038015228e9,2.21425735451e9,70.66
0.3469387755102041,-0.7142857142857143,3.6965271251873574e9,6.265378027103605e9,2.56885090192e9,69.49
0.3469387755102041,-0.673469387755102,4.160953473585205e9,7.092738555780148e9,2.93178508219e9,70.46
0.3469387755102041,-0.6326530612244898,4.82475823342087e9,7.835033465363889e9,3.01027523194e9,62.39
0.3469387755102041,-0.5918367346938775,5.254578445499248e9,8.497281196826862e9,3.24270275133e9,61.71
0.3469387755102041,-0.5510204081632653,5.67862667416445e9,9.084476695498545e9,3.40585002133e9,59.98
0.3469387755102041,-0.5102040816326531,6.14115062984605e9,9.601584645645378e9,3.4604340158e9,56.35
0.3469387755102041,-0.46938775510204084,6.433056339656535e9,1.0053530419788712e10,3.62047408013e9,56.28
0.3469387755102041,-0.42857142857142855,6.859560248157122e9,1.044518788962892e10,3.58562764147e9,52.27
0.3469387755102041,-0.3877551020408163,7.055666116835968e9,1.0781362922769098e10,3.72569680593e9,52.8
0.3469387755102041,-0.3469387755102041,7.369164435903241e9,1.1066770966922886e10,3.69760653102e9,50.18
0.3469387755102041,-0.30612244897959184,7.623727190378908e9,1.1306006603846468e10,3.68227941347e9,48.3
0.3469387755102041,-0.2653061224489796,7.756685416816946e9,1.1503502390437939e10,3.74681697362e9,48.3
0.3469387755102041,-0.22448979591836735,7.882453355699265e9,1.1663473850477423e10,3.78102049478e9,47.97
0.3469387755102041,-0.1836734693877551,8.037922616229599e9,1.178984747993281e10,3.7519248637e9,46.68
0.3469387755102041,-0.14285714285714285,8.119153084438032e9,1.1886169682671482e10,3.76701659823e9,46.4
0.3469387755102041,-0.10204081632653061,8.235031225983309e9,1.195549746279509e10,3.72046623681e9,45.18
0.3469387755102041,-0.061224489795918366,8.252638337282133e9,1.2000277051898329e10,3.74763871462e9,45.41
0.3469387755102041,-0.02040816326530612,8.208290093573253e9,1.2022223896108257e10,3.81393380254e9,46.46
0.3469387755102041,0.02040816326530612,8.262993538756595e9,1.2022223896108257e10,3.75923035735e9,45.49
0.3469387755102041,0.061224489795918366,8.201018015040825e9,1.2000277051898329e10,3.79925903686e9,46.33
0.3469387755102041,0.10204081632653061,8.170364554551729e9,1.195549746279509e10,3.78513290824e9,46.33
0.3469387755102041,0.14285714285714285,8.179607404151996e9,1.1886169682671482e10,3.70656227852e9,45.31
0.3469387755102041,0.1836734693877551,8.076167349117018e9,1.178984747993281e10,3.71368013082e9,45.98
0.3469387755102041,0.22448979591836735,7.885293038494148e9,1.1663473850477423e10,3.77818081198e9,47.91
0.3469387755102041,0.2653061224489796,7.802436865278976e9,1.1503502390437939e10,3.70106552516e9,47.43
0.3469387755102041,0.30612244897959184,7.6571764486720295e9,1.1306006603846468e10,3.64883015517e9,47.65
0.3469387755102041,0.3469387755102041,7.348928540817886e9,1.1066770966922886e10,3.7178424261e9,50.59
0.3469387755102041,0.3877551020408163,7.129082899153297e9,1.0781362922769098e10,3.65228002362e9,51.23
0.3469387755102041,0.42857142857142855,6.859414797264776e9,1.044518788962892e10,3.58577309236e9,52.28
0.3469387755102041,0.46938775510204084,6.4379371550424595e9,1.0053530419788712e10,3.61559326475e9,56.16
0.3469387755102041,0.5102040816326531,6.164134762619119e9,9.601584645645378e9,3.43744988303e9,55.77
0.3469387755102041,0.5510204081632653,5.749466970486949e9,9.084476695498545e9,3.33500972501e9,58.01
0.3469387755102041,0.5918367346938775,5.2919460431229515e9,8.497281196826862e9,3.2053351537e9,60.57
0.3469387755102041,0.6326530612244898,4.836077949295521e9,7.835033465363889e9,2.99895551607e9,62.01
0.3469387755102041,0.673469387755102,4.313592951972793e9,7.092738555780148e9,2.77914560381e9,64.43
0.3469387755102041,0.7142857142857143,3.6792417878337417e9,6.265378027103605e9,2.58613623927e9,70.29
0.3469387755102041,0.7551020408163265,3.1544459188140297e9,5.347915038015228e9,2.1934691192e9,69.54
0.3469387755102041,0.7959183673469388,2.4706748321670146e9,4.335298214957197e9,1.86462338279e9,75.47
0.3469387755102041,0.8367346938775511,1.8877891664439628e9,3.2224646126115026e9,1.33467544617e9,70.7
0.3469387755102041,0.8775510204081632,1.2294466712035778e9,2.004341998238236e9,7.7489532703e8,63.03
0.3469387755102041,0.9183673469387755,6.118035299101088e8,6.758506284919008e8,6.404709858e7,10.47
0.3877551020408163,-0.9183673469387755,3.975453511205727e8,1.1741391802328809e8,2.801314331e8,70.47
0.3877551020408163,-0.8775510204081632,9.749372715475162e8,1.4672247691841943e9,4.9228749764e8,50.49
0.3877551020408163,-0.8367346938775511,1.6010519629799664e9,2.7065190141315837e9,1.10546705115e9,69.05
0.3877551020408163,-0.7959183673469388,2.2058834745916243e9,3.840357431262612e9,1.63447395667e9,74.1
0.3877551020408163,-0.7551020408163265,2.818527376830558e9,4.873790092661159e9,2.05526271583e9,72.92
0.3877551020408163,-0.7142857142857143,3.403020323521867e9,5.81185393521295e9,2.40883361169e9,70.79
0.3877551020408163,-0.673469387755102,3.9954415637184906e9,6.659569674468034e9,2.66412811075e9,66.68
0.3877551020408163,-0.6326530612244898,4.488403627498576e9,7.421937857750472e9,2.93353423025e9,65.36
0.3877551020408163,-0.5918367346938775,4.983852847489046e9,8.103933784012932e9,3.12008093652e9,62.6
0.3877551020408163,-0.5510204081632653,5.470189677053641e9,8.710500924842623e9,3.24031124779e9,59.24
0.3877551020408163,-0.5102040816326531,5.914936822221158e9,9.24654235624903e9,3.33160553403e9,56.33
0.3877551020408163,-0.46938775510204084,6.269494830504904e9,9.716909545676939e9,3.44741471517e9,54.99
0.3877551020408163,-0.42857142857142855,6.541302562467423e9,1.0126387624648533e10,3.58508506218e9,54.81
0.3877551020408163,-0.3877551020408163,6.863300338453387e9,1.047967600997276e10,3.61637567152e9,52.69
0.3877551020408163,-0.3469387755102041,7.151275327056439e9,1.0781362922527369e10,3.63008759547e9,50.76
0.3877551020408163,-0.30612244897959184,7.387321791574417e9,1.1035892025168749e10,3.64857023359e9,49.39
0.3877551020408163,-0.2653061224489796,7.557627947083792e9,1.1247519143227877e10,3.68989119614e9,48.82
0.3877551020408163,-0.22448979591836735,7.65787479830719e9,1.1420257007729408e10,3.76238220942e9,49.13
0.3877551020408163,-0.1836734693877551,7.901361280031262e9,1.1557806449758808e10,3.65644516973e9,46.28
0.3877551020408163,-0.14285714285714285,7.890675987563207e9,1.1663473849982798e10,3.77279786242e9,47.81
0.3877551020408163,-0.10204081632653061,8.003581873784854e9,1.1740077260070827e10,3.73649538629e9,46.69
0.3877551020408163,-0.061224489795918366,8.099950127814137e9,1.1789847479464863e10,3.68989735165e9,45.55
0.3877551020408163,-0.02040816326530612,8.129327694607259e9,1.1814334736895603e10,3.68500704229e9,45.33
0.3877551020408163,0.02040816326530612,8.112490446076838e9,1.1814334736895603e10,3.70184429082e9,45.63
0.3877551020408163,0.061224489795918366,8.002603298058044e9,1.1789847479464863e10,3.78724418141e9,47.33
0.3877551020408163,0.10204081632653061,7.997776548780531e9,1.1740077260070827e10,3.74230071129e9,46.79
0.3877551020408163,0.14285714285714285,7.967203590143626e9,1.1663473849982798e10,3.69627025984e9,46.39
0.3877551020408163,0.1836734693877551,7.866618648117426e9,1.1557806449758808e10,3.69118780164e9,46.92
0.3877551020408163,0.22448979591836735,7.756870757844238e9,1.1420257007729408e10,3.66338624989e9,47.23
0.3877551020408163,0.2653061224489796,7.550999959783017e9,1.1247519143227877e10,3.69651918344e9,48.95
0.3877551020408163,0.30612244897959184,7.346380775102911e9,1.1035892025168749e10,3.68951125007e9,50.22
0.3877551020408163,0.3469387755102041,7.121109167714607e9,1.0781362922527369e10,3.66025375481e9,51.4
0.3877551020408163,0.3877551020408163,6.8765758416868925e9,1.047967600997276e10,3.60310016829e9,52.4
0.3877551020408163,0.42857142857142855,6.649947045383631e9,1.0126387624648533e10,3.47644057926e9,52.28
0.3877551020408163,0.46938775510204084,6.254891827948161e9,9.716909545676939e9,3.46201771773e9,55.35
0.3877551020408163,0.5102040816326531,5.879344327815871e9,9.24654235624903e9,3.36719802843e9,57.27
0.3877551020408163,0.5510204081632653,5.430644540255839e9,8.710500924842623e9,3.27985638459e9,60.4
0.3877551020408163,0.5918367346938775,4.950787175512102e9,8.103933784012932e9,3.1531466085e9,63.69
0.3877551020408163,0.6326530612244898,4.508851996104151e9,7.421937857750472e9,2.91308586165e9,64.61
0.3877551020408163,0.673469387755102,3.973034114126311e9,6.659569674468034e9,2.68653556034e9,67.62
0.3877551020408163,0.7142857142857143,3.366528410481596e9,5.81185393521295e9,2.44532552473e9,72.64
0.3877551020408163,0.7551020408163265,2.773953414116046e9,4.873790092661159e9,2.09983667855e9,75.7
0.3877551020408163,0.7959183673469388,2.246418610294404e9,3.840357431262612e9,1.59393882097e9,70.95
0.3877551020408163,0.8367346938775511,1.6064437794292758e9,2.7065190141315837e9,1.1000752347e9,68.48
0.3877551020408163,0.8775510204081632,9.850449697005469e8,1.4672247691841943e9,4.8217979948e8,48.95
0.3877551020408163,0.9183673469387755,3.88554751024908e8,1.1741391802328809e8,2.71140833e8,69.78
0.42857142857142855,-0.8775510204081632,7.01131588065504e8,8.600869225124309e8,1.5895533445e8,22.67
0.42857142857142855,-0.8367346938775511,1.2909979684979453e9,2.1224886201228871e9,8.3149065162e8,64.41
0.42857142857142855,-0.7959183673469388,1.9115697217886703e9,3.279218216972198e9,1.36764849518e9,71.55
0.42857142857142855,-0.7551020408163265,2.5242076898721e9,4.335298214966307e9,1.81109052509e9,71.75
0.42857142857142855,-0.7142857142857143,3.0265858992391725e9,5.2957334644615965e9,2.26914756522e9,74.97
0.42857142857142855,-0.673469387755102,3.648976396651979e9,6.165507213397307e9,2.51653081675e9,68.97
0.42857142857142855,-0.6326530612244898,4.0953043538350983e9,6.949576122078986e9,2.85427176824e9,69.7
0.42857142857142855,-0.5918367346938775,4.71151999330728e9,7.652863942746103e9,2.94134394944e9,62.43
0.42857142857142855,-0.5510204081632653,5.158202573336172e9,8.280253472013868e9,3.12205089868e9,60.53
0.42857142857142855,-0.5102040816326531,5.589925650229853e9,8.836576268030775e9,3.2466506178e9,58.08
0.42857142857142855,-0.46938775510204084,5.9426927542398815e9,9.32659947912683e9,3.38390672489e9,56.94
0.42857142857142855,-0.42857142857142855,6.3171941890651455e9,9.755008956274422e9,3.43781476721e9,54.42
0.42857142857142855,-0.3877551020408163,6.662965470622519e9,1.0126387624478579e10,3.46342215386e9,51.98
0.42857142857142855,-0.3469387755102041,6.774822643981225e9,1.0445187889239042e10,3.67036524526e9,54.18
0.42857142857142855,-0.30612244897959184,7.1020482397577305e9,1.071569669976055e10,3.61364846e9,50.88
0.42857142857142855,-0.2653061224489796,7.32263689445443e9,1.0941991866296516e10,3.61935497184e9,49.43
0.42857142857142855,-0.22448979591836735,7.428257501557077e9,1.1127888472378042e10,3.69963097082e9,49.8
0.42857142857142855,-0.1836734693877551,7.601103177243864e9,1.127687492062276e10,3.67577174338e9,48.36
0.42857142857142855,-0.14285714285714285,7.663198250753369e9,1.139203949816921e10,3.72884124742e9,48.66
0.42857142857142855,-0.10204081632653061,7.840165621052107e9,1.147599043807414e10,3.63582481702e9,46.37
0.42857142857142855,-0.061224489795918366,7.795208920174654e9,1.1530775099135143e10,3.73556617896e9,47.92
0.42857142857142855,-0.02040816326530612,7.807876826337812e9,1.1557806449376238e10,3.74992962304e9,48.03
0.42857142857142855,0.02040816326530612,7.761154604229459e9,1.1557806449376238e10,3.79665184515e9,48.92
0.42857142857142855,0.061224489795918366,7.885522126902857e9,1.1530775099135143e10,3.64525297223e9,46.23
0.42857142857142855,0.10204081632653061,7.694760155752853e9,1.147599043807414e10,3.78123028232e9,49.14
0.42857142857142855,0.14285714285714285,7.630033170305143e9,1.139203949816921e10,3.76200632786e9,49.31
0.42857142857142855,0.1836734693877551,7.553697572509071e9,1.127687492062276e10,3.72317734811e9,49.29
0.42857142857142855,0.22448979591836735,7.375870077058466e9,1.1127888472378042e10,3.75201839532e9,50.87
0.42857142857142855,0.2653061224489796,7.288765842619761e9,1.0941991866296516e10,3.65322602368e9,50.12
0.42857142857142855,0.30612244897959184,7.076274834689354e9,1.071569669976055e10,3.63942186507e9,51.43
0.42857142857142855,0.3469387755102041,6.891481373082889e9,1.0445187889239042e10,3.55370651616e9,51.57
0.42857142857142855,0.3877551020408163,6.511935638986946e9,1.0126387624478579e10,3.61445198549e9,55.51
0.42857142857142855,0.42857142857142855,6.306849592747074e9,9.755008956274422e9,3.44815936353e9,54.67
0.42857142857142855,0.46938775510204084,5.936024846458888e9,9.32659947912683e9,3.39057463267e9,57.12
0.42857142857142855,0.5102040816326531,5.575758811669596e9,8.836576268030775e9,3.26081745636e9,58.48
0.42857142857142855,0.5510204081632653,5.109037858404776e9,8.280253472013868e9,3.17121561361e9,62.07
0.42857142857142855,0.5918367346938775,4.6912786739500675e9,7.652863942746103e9,2.9615852688e9,63.13
0.42857142857142855,0.6326530612244898,4.23777318281546e9,6.949576122078986e9,2.71180293926e9,63.99
0.42857142857142855,0.673469387755102,3.6096998285722656e9,6.165507213397307e9,2.55580738483e9,70.8
0.42857142857142855,0.7142857142857143,3.0820641783640757e9,5.2957334644615965e9,2.2136692861e9,71.82
0.42857142857142855,0.7551020408163265,2.502840927366788e9,4.335298214966307e9,1.8324572876e9,73.22
0.42857142857142855,0.7959183673469388,1.9110186065538838e9,3.279218216972198e9,1.36819961042e9,71.6
0.42857142857142855,0.8367346938775511,1.3117771685254855e9,2.1224886201228871e9,8.107114516e8,61.8
0.42857142857142855,0.8775510204081632,6.933944003585817e8,8.600869225124309e8,1.6669252215e8,24.04
0.46938775510204084,-0.8775510204081632,4.2125987786449945e8,1.7988407452612686e8,2.4137580334e8,57.3
0.46938775510204084,-0.8367346938775511,9.935141247594073e8,1.4672247691863883e9,4.7371064443e8,47.68
0.46938775510204084,-0.7959183673469388,1.5775184560021675e9,2.648622220622264e9,1.07110376462e9,67.9
0.46938775510204084,-0.7551020408163265,2.15272264822431e9,3.72906584310372e9,1.57634319488e9,73.23
0.46938775510204084,-0.7142857142857143,2.727551110244414e9,4.713522306544606e9,1.9859711963e9,72.81
0.46938775510204084,-0.673469387755102,3.285597129061693e9,5.60693069768497e9,2.32133356862e9,70.65
0.46938775510204084,-0.6326530612244898,3.8122745074053926e9,6.414196496127073e9,2.60192198872e9,68.25
0.46938775510204084,-0.5918367346938775,4.2381164033379946e9,7.140184050468772e9,2.90206764713e9,68.48
0.46938775510204084,-0.5510204081632653,4.712022278716883e9,7.789707156778754e9,3.07768487806e9,65.32
0.46938775510204084,-0.5102040816326531,5.199264071768637e9,8.367517241311344e9,3.16825316954e9,60.94
0.46938775510204084,-0.46938775510204084,5.516388439041608e9,8.878288532478857e9,3.36190009344e9,60.94
0.46938775510204084,-0.42857142857142855,5.95116134808693e9,9.326599479007196e9,3.37543813092e9,56.72
0.46938775510204084,-0.3877551020408163,6.265062974259612e9,9.716909545400335e9,3.45184657114e9,55.1
0.46938775510204084,-0.3469387755102041,6.448979400083799e9,1.0053530419322987e10,3.60455101924e9,55.89
0.46938775510204084,-0.30612244897959184,6.742081485764091e9,1.0340590645267054e10,3.5985091595e9,53.37
0.46938775510204084,-0.2653061224489796,6.903455665804944e9,1.0581992827586609e10,3.67853716178e9,53.29
0.46938775510204084,-0.22448979591836735,7.200058900469647e9,1.0781362921926765e10,3.58130402146e9,49.74
0.46938775510204084,-0.1836734693877551,7.268251553370987e9,1.0941991865972933e10,3.6737403126e9,50.55
0.46938775510204084,-0.14285714285714285,7.361740909663775e9,1.1066770965905914e10,3.70503005624e9,50.33
0.46938775510204084,-0.10204081632653061,7.501917255394322e9,1.1158124026400837e10,3.65620677101e9,48.74
0.46938775510204084,-0.061224489795918366,7.507412677350435e9,1.1217940967170668e10,3.71052828982e9,49.42
0.46938775510204084,-0.02040816326530612,7.550624735785334e9,1.1247519142513367e10,3.69689440673e9,48.96
0.46938775510204084,0.02040816326530612,7.506300879440245e9,1.1247519142513367e10,3.74121826307e9,49.84
0.46938775510204084,0.061224489795918366,7.53568630139117e9,1.1217940967170668e10,3.68225466578e9,48.86
0.46938775510204084,0.10204081632653061,7.405420062015297e9,1.1158124026400837e10,3.75270396439e9,50.68
0.46938775510204084,0.14285714285714285,7.393590663344406e9,1.1066770965905914e10,3.67318030256e9,49.68
0.46938775510204084,0.1836734693877551,7.325648816834081e9,1.0941991865972933e10,3.61634304914e9,49.37
0.46938775510204084,0.22448979591836735,7.150753585337366e9,1.0781362921926765e10,3.63060933659e9,50.77
0.46938775510204084,0.2653061224489796,6.913110730419748e9,1.0581992827586609e10,3.66888209717e9,53.07
0.46938775510204084,0.30612244897959184,6.742181202841815e9,1.0340590645267054e10,3.59840944243e9,53.37
0.46938775510204084,0.3469387755102041,6.483853448247256e9,1.0053530419322987e10,3.56967697108e9,55.05
0.46938775510204084,0.3877551020408163,6.281964289569787e9,9.716909545400335e9,3.43494525583e9,54.68
0.46938775510204084,0.42857142857142855,5.828806998292764e9,9.326599479007196e9,3.49779248071e9,60.01
0.46938775510204084,0.46938775510204084,5.526431872198576e9,8.878288532478857e9,3.35185666028e9,60.65
0.46938775510204084,0.5102040816326531,5.207367866209465e9,8.367517241311344e9,3.1601493751e9,60.69
0.46938775510204084,0.5510204081632653,4.747444881777487e9,7.789707156778754e9,3.042262275e9,64.08
0.46938775510204084,0.5918367346938775,4.294853677857386e9,7.140184050468772e9,2.84533037261e9,66.25
0.46938775510204084,0.6326530612244898,3.843190525878295e9,6.414196496127073e9,2.57100597025e9,66.9
0.46938775510204084,0.673469387755102,3.2347219344688387e9,5.60693069768497e9,2.37220876322e9,73.34
0.46938775510204084,0.7142857142857143,2.703577276940928e9,4.713522306544606e9,2.0099450296e9,74.34
0.46938775510204084,0.7551020408163265,2.2005034848117533e9,3.72906584310372e9,1.52856235829e9,69.46
0.46938775510204084,0.7959183673469388,1.5415948726629474e9,2.648622220622264e9,1.10702734796e9,71.81
0.46938775510204084,0.8367346938775511,9.810010658228194e8,1.4672247691863883e9,4.8622370336e8,49.56
0.46938775510204084,0.8775510204081632,4.1253096204672986e8,1.7988407452612686e8,2.3264688752e8,56.4
0.5102040816326531,-0.8367346938775511,6.531163076614112e8,7.37369406775142e8,8.425309911e7,12.9
0.5102040816326531,-0.7959183673469388,1.239773903081948e9,1.9451024911126359e9,7.0532858803e8,56.89
0.5102040816326531,-0.7551020408163265,1.7803712749332786e9,3.0515126138677225e9,1.27114133893e9,71.4
0.5102040816326531,-0.7142857142857143,2.340095603329773e9,4.0615223534949546e9,1.72142675017e9,73.56
0.5102040816326531,-0.673469387755102,2.9281014694512043e9,4.980020279431051e9,2.05191880998e9,70.08
0.5102040816326531,-0.6326530612244898,3.391978251579997e9,5.811853935186929e9,2.41987568361e9,71.34
0.5102040816326531,-0.5918367346938775,3.8963455904685493e9,6.561821201961992e9,2.66547561149e9,68.41
0.5102040816326531,-0.5510204081632653,4.372129972112886e9,7.234659657568282e9,2.86252968546e9,65.47
0.5102040816326531,-0.5102040816326531,4.835880878682581e9,7.835033465238524e9,2.99915258656e9,62.02
0.5102040816326531,-0.46938775510204084,5.224179338649202e9,8.36751724122786e9,3.14333790258e9,60.17
0.5102040816326531,-0.42857142857142855,5.594430318924733e9,8.836576267835648e9,3.24214594891e9,57.95
0.5102040816326531,-0.3877551020408163,5.883212385619303e9,9.246542355915895e9,3.3633299703e9,57.17
0.5102040816326531,-0.3469387755102041,6.150528214365129e9,9.601584645155003e9,3.45105643079e9,56.11
0.5102040816326531,-0.30612244897959184,6.320332039623252e9,9.905674701886065e9,3.58534266226e9,56.73
0.5102040816326531,-0.2653061224489796,6.526098636869735e9,1.0162545487231758e10,3.63644685036e9,55.72
0.5102040816326531,-0.22448979591836735,6.804674210565115e9,1.0375644185010542e10,3.57096997445e9,52.48
0.5102040816326531,-0.1836734693877551,6.942333662533234e9,1.054807955207099e10,3.60574588954e9,51.94
0.5102040816326531,-0.14285714285714285,7.010107596609236e9,1.0682565395714466e10,3.67245779911e9,52.39
0.5102040816326531,-0.10204081632653061,7.180221094832018e9,1.078136292164804e10,3.60114182682e9,50.15
0.5102040816326531,-0.061224489795918366,7.224025915993297e9,1.0846225837167843e10,3.62219992117e9,50.14
0.5102040816326531,-0.02040816326530612,7.222870226659871e9,1.087835292135521e10,3.6554826947e9,50.61
0.5102040816326531,0.02040816326530612,7.225771494895518e9,1.087835292135521e10,3.65258142646e9,50.55
0.5102040816326531,0.061224489795918366,7.266770931254099e9,1.0846225837167843e10,3.57945490591e9,49.26
0.5102040816326531,0.10204081632653061,7.09246273700781e9,1.078136292164804e10,3.68890018464e9,52.01
0.5102040816326531,0.14285714285714285,7.093496593964038e9,1.0682565395714466e10,3.58906880175e9,50.6
0.5102040816326531,0.1836734693877551,6.886450894786e9,1.054807955207099e10,3.66162865728e9,53.17
0.5102040816326531,0.22448979591836735,6.850986371827298e9,1.0375644185010542e10,3.52465781318e9,51.45
0.5102040816326531,0.2653061224489796,6.508677627816877e9,1.0162545487231758e10,3.65386785941e9,56.14
0.5102040816326531,0.30612244897959184,6.427758907057058e9,9.905674701886065e9,3.47791579483e9,54.11
0.5102040816326531,0.3469387755102041,6.176832349046331e9,9.601584645155003e9,3.42475229611e9,55.45
0.5102040816326531,0.3877551020408163,5.790286700783534e9,9.246542355915895e9,3.45625565513e9,59.69
0.5102040816326531,0.42857142857142855,5.581903305048415e9,8.836576267835648e9,3.25467296279e9,58.31
0.5102040816326531,0.46938775510204084,5.1833798847189045e9,8.36751724122786e9,3.18413735651e9,61.43
0.5102040816326531,0.5102040816326531,4.697921874235203e9,7.835033465238524e9,3.137111591e9,66.78
0.5102040816326531,0.5510204081632653,4.312501449646181e9,7.234659657568282e9,2.92215820792e9,67.76
0.5102040816326531,0.5918367346938775,3.900469149461896e9,6.561821201961992e9,2.6613520525e9,68.23
0.5102040816326531,0.6326530612244898,3.390563418319286e9,5.811853935186929e9,2.42129051687e9,71.41
0.5102040816326531,0.673469387755102,2.855804416823122e9,4.980020279431051e9,2.12421586261e9,74.38
0.5102040816326531,0.7142857142857143,2.381816468309911e9,4.0615223534949546e9,1.67970588519e9,70.52
0.5102040816326531,0.7551020408163265,1.7717699773066304e9,3.0515126138677225e9,1.27974263656e9,72.23
0.5102040816326531,0.7959183673469388,1.1712846711308312e9,1.9451024911126359e9,7.7381781998e8,66.07
0.5102040816326531,0.8367346938775511,6.684250128596323e8,7.37369406775142e8,6.894439392e7,10.31
0.5510204081632653,-0.7959183673469388,8.529855164289315e8,1.16500508548539e9,3.1201956906e8,36.58
0.5510204081632653,-0.7551020408163265,1.3772261582106407e9,2.298874438118869e9,9.2164827991e8,66.92
0.5510204081632653,-0.7142857142857143,1.9363547501965632e9,3.335856233327675e9,1.39950148313e9,72.28
0.5510204081632653,-0.673469387755102,2.461209123087886e9,4.2807826747623e9,1.81957355167e9,73.93
0.5510204081632653,-0.6326530612244898,2.9968774196062307e9,5.138437321300318e9,2.14155990169e9,71.46
0.5510204081632653,-0.5918367346938775,3.4899290928420057e9,5.913545468639514e9,2.4236163758e9,69.45
0.5510204081632653,-0.5510204081632653,3.9101215585040026e9,6.610762481206852e9,2.7006409227e9,69.07
0.5510204081632653,-0.5102040816326531,4.301218898625658e9,7.234659657511281e9,2.93344075889e9,68.2
0.5510204081632653,-0.46938775510204084,4.730851584371106e9,7.789707156643324e9,3.05885557227e9,64.66
0.5510204081632653,-0.42857142857142855,5.070375392551086e9,8.280253471778788e9,3.20987807923e9,63.31
0.5510204081632653,-0.3877551020408163,5.465861745288679e9,8.710500924489923e9,3.2446391792e9,59.36
0.5510204081632653,-0.3469387755102041,5.785638476661932e9,9.08447669501758e9,3.29883821836e9,57.02
0.5510204081632653,-0.30612244897959184,5.959545270779943e9,9.405999029692154e9,3.44645375891e9,57.83
0.5510204081632653,-0.2653061224489796,6.2350653607194195e9,9.67863851389469e9,3.44357315318e9,55.23
0.5510204081632653,-0.22448979591836735,6.404151709431734e9,9.905674701672518e9,3.50152299224e9,54.68
0.5510204081632653,-0.1836734693877551,6.546152431757132e9,1.009004896942511e10,3.54389653767e9,54.14
0.5510204081632653,-0.14285714285714285,6.657010609804457e9,1.0234315191855131e10,3.57730458205e9,53.74
0.5510204081632653,-0.10204081632653061,6.779279004174174e9,1.0340590644778805e10,3.5613116406e9,52.53
0.5510204081632653,-0.061224489795918366,6.90708776170768e9,1.0410510270442394e10,3.50342250873e9,50.72
0.5510204081632653,-0.02040816326530612,6.85954074090658e9,1.044518788848249e10,3.58564714758e9,52.27
0.5510204081632653,0.02040816326530612,6.865310596635806e9,1.044518788848249e10,3.57987729185e9,52.14
0.5510204081632653,0.061224489795918366,6.749751222115321e9,1.0410510270442394e10,3.66075904833e9,54.24
0.5510204081632653,0.10204081632653061,6.689950323393331e9,1.0340590644778805e10,3.65064032139e9,54.57
0.5510204081632653,0.14285714285714285,6.592947958288195e9,1.0234315191855131e10,3.64136723357e9,55.23
0.5510204081632653,0.1836734693877551,6.621815766334809e9,1.009004896942511e10,3.46823320309e9,52.38
0.5510204081632653,0.22448979591836735,6.40620767631045e9,9.905674701672518e9,3.49946702536e9,54.63
0.5510204081632653,0.2653061224489796,6.215430973274552e9,9.67863851389469e9,3.46320754062e9,55.72
0.5510204081632653,0.30612244897959184,5.96256690664934e9,9.405999029692154e9,3.44343212304e9,57.75
0.5510204081632653,0.3469387755102041,5.780334239453285e9,9.08447669501758e9,3.30414245556e9,57.16
0.5510204081632653,0.3877551020408163,5.486579395107998e9,8.710500924489923e9,3.22392152938e9,58.76
0.5510204081632653,0.42857142857142855,5.117034373709935e9,8.280253471778788e9,3.16321909807e9,61.82
0.5510204081632653,0.46938775510204084,4.761600226814649e9,7.789707156643324e9,3.02810692983e9,63.59
0.5510204081632653,0.5102040816326531,4.365785940750825e9,7.234659657511281e9,2.86887371676e9,65.71
0.5510204081632653,0.5510204081632653,4.006860117203425e9,6.610762481206852e9,2.603902364e9,64.99
0.5510204081632653,0.5918367346938775,3.4489196959123917e9,5.913545468639514e9,2.46462577273e9,71.46
0.5510204081632653,0.6326530612244898,3.0146926565037856e9,5.138437321300318e9,2.1237446648e9,70.45
0.5510204081632653,0.673469387755102,2.4309048463617773e9,4.2807826747623e9,1.8498778284e9,76.1
0.5510204081632653,0.7142857142857143,1.9281156672102768e9,3.335856233327675e9,1.40774056612e9,73.01
0.5510204081632653,0.7551020408163265,1.3921597672805414e9,2.298874438118869e9,9.0671467084e8,65.13
0.5510204081632653,0.7959183673469388,8.369883232430109e8,1.16500508548539e9,3.2801676224e8,39.19
0.5918367346938775,-0.7959183673469388,4.629443451217945e8,3.045092345280746e8,1.5843511059e8,34.22
0.5918367346938775,-0.7551020408163265,9.753336115903451e8,1.4672247691826105e9,4.9189115759e8,50.43
0.5918367346938775,-0.7142857142857143,1.5216051588513768e9,2.5324896140249915e9,1.01088445517e9,66.44
0.5918367346938775,-0.673469387755102,2.041272894758564e9,3.505074383404441e9,1.46380148865e9,71.71
0.5918367346938775,-0.6326530612244898,2.517823713652419e9,4.389693411514779e9,1.87186969786e9,74.34
0.5918367346938775,-0.5918367346938775,3.00900955205668e9,5.190994307037897e9,2.18198475498e9,72.52
0.5918367346938775,-0.5510204081632653,3.44245656871964e9,5.913545468602232e9,2.47108889988e9,71.78
0.5918367346938775,-0.5102040816326531,3.8909916269330964e9,6.561821201870986e9,2.67082957494e9,68.64
0.5918367346938775,-0.46938775510204084,4.339153017650051e9,7.140184050307098e9,2.80103103266e9,64.55
0.5918367346938775,-0.42857142857142855,4.677849572535494e9,7.65286394249807e9,2.97501436996e9,63.6
0.5918367346938775,-0.3877551020408163,5.0151537528034725e9,8.103933783666556e9,3.08878003086e9,61.59
0.5918367346938775,-0.3469387755102041,5.244196391597298e9,8.497281196376817e9,3.25308480478e9,62.03
0.5918367346938775,-0.30612244897959184,5.549947810225733e9,8.836576267555294e9,3.28662845733e9,59.22
0.5918367346938775,-0.2653061224489796,5.721534251349527e9,9.125235407851398e9,3.4037011565e9,59.49
0.5918367346938775,-0.22448979591836735,5.86079820079328e9,9.366381790522392e9,3.50558358973e9,59.81
0.5918367346938775,-0.1836734693877551,6.0754205062336645e9,9.56280330903856e9,3.4873828028e9,57.4
0.5918367346938775,-0.14285714285714285,6.227301569290106e9,9.716909544817972e9,3.48960797553e9,56.04
0.5918367346938775,-0.10204081632653061,6.378310705550789e9,9.830689798712503e9,3.45237909316e9,54.13
0.5918367346938775,-0.061224489795918366,6.354974387336959e9,9.90567470146936e9,3.55070031413e9,55.87
0.5918367346938775,-0.02040816326530612,6.460305635054781e9,9.942904144858063e9,3.4825985098e9,53.91
0.5918367346938775,0.02040816326530612,6.485055845554439e9,9.942904144858063e9,3.4578482993e9,53.32
0.5918367346938775,0.061224489795918366,6.414134819463545e9,9.90567470146936e9,3.49153988201e9,54.44
0.5918367346938775,0.10204081632653061,6.383874155466898e9,9.830689798712503e9,3.44681564325e9,53.99
0.5918367346938775,0.14285714285714285,6.2575313070944805e9,9.716909544817972e9,3.45937823772e9,55.28
0.5918367346938775,0.1836734693877551,6.11258523128284e9,9.56280330903856e9,3.45021807776e9,56.44
0.5918367346938775,0.22448979591836735,6.047399305634138e9,9.366381790522392e9,3.31898248489e9,54.88
0.5918367346938775,0.2653061224489796,5.755507470384095e9,9.125235407851398e9,3.36972793747e9,58.55
0.5918367346938775,0.30612244897959184,5.535256206832382e9,8.836576267555294e9,3.30132006072e9,59.64
0.5918367346938775,0.3469387755102041,5.237473712340704e9,8.497281196376817e9,3.25980748404e9,62.24
0.5918367346938775,0.3877551020408163,5.015912456948872e9,8.103933783666556e9,3.08802132672e9,61.56
0.5918367346938775,0.42857142857142855,4.717444335449312e9,7.65286394249807e9,2.93541960705e9,62.22
0.5918367346938775,0.46938775510204084,4.332884138460787e9,7.140184050307098e9,2.80729991185e9,64.79
0.5918367346938775,0.5102040816326531,3.933383516304162e9,6.561821201870986e9,2.62843768557e9,66.82
0.5918367346938775,0.5510204081632653,3.4378529706400414e9,5.913545468602232e9,2.47569249796e9,72.01
0.5918367346938775,0.5918367346938775,3.046335959755566e9,5.190994307037897e9,2.14465834728e9,70.4
0.5918367346938775,0.6326530612244898,2.554558138934224e9,4.389693411514779e9,1.83513527258e9,71.84
0.5918367346938775,0.673469387755102,2.0656429392005947e9,3.505074383404441e9,1.4394314442e9,69.68
0.5918367346938775,0.7142857142857143,1.529732623885015e9,2.5324896140249915e9,1.00275699014e9,65.55
0.5918367346938775,0.7551020408163265,9.85374009133776e8,1.4672247691826105e9,4.8185076005e8,48.9
0.5918367346938775,0.7959183673469388,4.7889996589398146e8,3.045092345280746e8,1.7439073137e8,36.41
0.6326530612244898,-0.7551020408163265,5.47583624493995e8,5.524939534222094e8,4.91032893e6,0.9
0.6326530612244898,-0.7142857142857143,1.0818826494320035e9,1.6472512225923712e9,5.6536857316e8,52.26
0.6326530612244898,-0.673469387755102,1.6173398715948527e9,2.6486222206028194e9,1.03128234901e9,63.76
0.6326530612244898,-0.6326530612244898,2.072306505373761e9,3.5612476693861675e9,1.48894116401e9,71.85
0.6326530612244898,-0.5918367346938775,2.581627651184043e9,4.389693411492375e9,1.80806576031e9,70.04
0.6326530612244898,-0.5510204081632653,3.0135720235390816e9,5.138437321242803e9,2.1248652977e9,70.51
0.6326530612244898,-0.5102040816326531,3.372917998851163e9,5.811853935080818e9,2.43893593623e9,72.31
0.6326530612244898,-0.46938775510204084,3.8073949957785354e9,6.414196495959113e9,2.60680150018e9,68.47
0.6326530612244898,-0.42857142857142855,4.224703994058416e9,6.949576121837641e9,2.72487212778e9,64.5
0.6326530612244898,-0.3877551020408163,4.456509802110162e9,7.421937857427813e9,2.96542805532e9,66.54
0.6326530612244898,-0.3469387755102041,4.796868417323618e9,7.835033464957654e9,3.03816504763e9,63.34
0.6326530612244898,-0.30612244897959184,5.100192878023266e9,8.19239096823446e9,3.09219809021e9,60.63
0.6326530612244898,-0.2653061224489796,5.294293772660772e9,8.497281196238995e9,3.20298742358e9,60.5
0.6326530612244898,-0.22448979591836735,5.461759419812701e9,8.75268188165472e9,3.29092246184e9,60.25
0.6326530612244898,-0.1836734693877551,5.583965560331416e9,8.961240245333012e9,3.377274685e9,60.48
0.6326530612244898,-0.14285714285714285,5.753826973635922e9,9.125235407685377e9,3.37140843405e9,58.59
0.6326530612244898,-0.10204081632653061,5.897434464778494e9,9.246542355410854e9,3.34910789063e9,56.79
0.6326530612244898,-0.061224489795918366,5.871481911995969e9,9.326599478339764e9,3.45511756634e9,58.85
0.6326530612244898,-0.02040816326530612,6.06292198058476e9,9.366381790348137e9,3.30345980976e9,54.49
0.6326530612244898,0.02040816326530612,5.992286758684199e9,9.366381790348137e9,3.37409503166e9,56.31
0.6326530612244898,0.061224489795918366,5.926022117005632e9,9.326599478339764e9,3.40057736133e9,57.38
0.6326530612244898,0.10204081632653061,5.894853667497139e9,9.246542355410854e9,3.35168868791e9,56.86
0.6326530612244898,0.14285714285714285,5.812265842746628e9,9.125235407685377e9,3.31296956494e9,57.0
0.6326530612244898,0.1836734693877551,5.670237344897668e9,8.961240245333012e9,3.29100290044e9,58.04
0.6326530612244898,0.22448979591836735,5.44681728073986e9,8.75268188165472e9,3.30586460091e9,60.69
0.6326530612244898,0.2653061224489796,5.277119737706697e9,8.497281196238995e9,3.22016145853e9,61.02
0.6326530612244898,0.30612244897959184,5.052295115173914e9,8.19239096823446e9,3.14009585306e9,62.15
0.6326530612244898,0.3469387755102041,4.763319827668398e9,7.835033464957654e9,3.07171363729e9,64.49
0.6326530612244898,0.3877551020408163,4.529618857407678e9,7.421937857427813e9,2.89231900002e9,63.85
0.6326530612244898,0.42857142857142855,4.1286140448939486e9,6.949576121837641e9,2.82096207694e9,68.33
0.6326530612244898,0.46938775510204084,3.8113978702599993e9,6.414196495959113e9,2.6027986257e9,68.29
0.6326530612244898,0.5102040816326531,3.4149684739587827e9,5.811853935080818e9,2.39688546112e9,70.19
0.6326530612244898,0.5510204081632653,3.0114532043781214e9,5.138437321242803e9,2.12698411686e9,70.63
0.6326530612244898,0.5918367346938775,2.544067990318561e9,4.389693411492375e9,1.84562542117e9,72.55
0.6326530612244898,0.6326530612244898,2.114016796741586e9,3.5612476693861675e9,1.44723087264e9,68.46
0.6326530612244898,0.673469387755102,1.590814419843223e9,2.6486222206028194e9,1.05780780076e9,66.49
0.6326530612244898,0.7142857142857143,1.0402342955834188e9,1.6472512225923712e9,6.0701692701e8,58.35
0.6326530612244898,0.7551020408163265,5.746582487409874e8,5.524939534222094e8,2.216429532e7,3.86
0.673469387755102,-0.7142857142857143,6.23505703693162e8,6.758506284897127e8,5.23449248e7,8.4
0.673469387755102,-0.673469387755102,1.086167245605348e9,1.7070412949065032e9,6.208740493e8,57.16
0.673469387755102,-0.6326530612244898,1.5664180188615286e9,2.6486222205917625e9,1.08220420173e9,69.09
0.673469387755102,-0.5918367346938775,2.0123917044892757e9,3.5050743833724465e9,1.49268267888e9,74.17
0.673469387755102,-0.5510204081632653,2.518619840894662e9,4.280782674698646e9,1.7621628338e9,69.97
0.673469387755102,-0.5102040816326531,2.8612320366058035e9,4.980020279324751e9,2.11878824272e9,74.05
0.673469387755102,-0.46938775510204084,3.209319504539874e9,5.606930697525662e9,2.39761119299e9,74.71
0.673469387755102,-0.42857142857142855,3.6554775393743734e9,6.165507213176454e9,2.5100296738e9,68.66
0.673469387755102,-0.3877551020408163,4.0021123108806343e9,6.659569674180328e9,2.6574573633e9,66.4
0.673469387755102,-0.3469387755102041,4.2149159673712707e9,7.092738555424947e9,2.87782258805e9,68.28
0.673469387755102,-0.30612244897959184,4.522386236638599e9,7.468406426992784e9,2.94602019035e9,65.14
0.673469387755102,-0.2653061224489796,4.852514185365183e9,7.789707156330763e9,2.93719297097e9,60.53
0.673469387755102,-0.22448979591836735,4.998657724851373e9,8.059483429713807e9,3.06082570486e9,61.23
0.673469387755102,-0.1836734693877551,5.120640171531982e9,8.280253471402072e9,3.15961329987e9,61.7
0.673469387755102,-0.14285714285714285,5.219179198073966e9,8.454178139526018e9,3.23499894145e9,61.98
0.673469387755102,-0.10204081632653061,5.3346102225003605e9,8.583029841967877e9,3.24841961947e9,60.89
0.673469387755102,-0.061224489795918366,5.487435454773227e9,8.668164888681297e9,3.18072943391e9,57.96
0.673469387755102,-0.02040816326530612,5.453975925901068e9,8.710500924054232e9,3.25652499815e9,59.71
0.673469387755102,0.02040816326530612,5.503277546173532e9,8.710500924054232e9,3.20722337788e9,58.28
0.673469387755102,0.061224489795918366,5.323287622445611e9,8.668164888681297e9,3.34487726624e9,62.83
0.673469387755102,0.10204081632653061,5.343841311445963e9,8.583029841967877e9,3.23918853052e9,60.62
0.673469387755102,0.14285714285714285,5.226628452074515e9,8.454178139526018e9,3.22754968745e9,61.75
0.673469387755102,0.1836734693877551,5.13910539531398e9,8.280253471402072e9,3.14114807609e9,61.12
0.673469387755102,0.22448979591836735,4.89739532871608e9,8.059483429713807e9,3.162088101e9,64.57
0.673469387755102,0.2653061224489796,4.731537286144428e9,7.789707156330763e9,3.05816987019e9,64.63
0.673469387755102,0.30612244897959184,4.539526799970985e9,7.468406426992784e9,2.92887962702e9,64.52
0.673469387755102,0.3469387755102041,4.2600242454434114e9,7.092738555424947e9,2.83271430998e9,66.5
0.673469387755102,0.3877551020408163,3.950387497850766e9,6.659569674180328e9,2.70918217633e9,68.58
0.673469387755102,0.42857142857142855,3.6458542437794814e9,6.165507213176454e9,2.5196529694e9,69.11
0.673469387755102,0.46938775510204084,3.305922661971721e9,5.606930697525662e9,2.30100803555e9,69.6
0.673469387755102,0.5102040816326531,2.901208460816144e9,4.980020279324751e9,2.07881181851e9,71.65
0.673469387755102,0.5510204081632653,2.453245239800231e9,4.280782674698646e9,1.8275374349e9,74.49
0.673469387755102,0.5918367346938775,2.032750030956932e9,3.5050743833724465e9,1.47232435242e9,72.43
0.673469387755102,0.6326530612244898,1.5666449294645057e9,2.6486222205917625e9,1.08197729113e9,69.06
0.673469387755102,0.673469387755102,1.0801216442165332e9,1.7070412949065032e9,6.2691965069e8,58.04
0.673469387755102,0.7142857142857143,6.34770773662571e8,6.758506284897127e8,4.107985483e7,6.47
0.7142857142857143,-0.673469387755102,6.123426951994673e8,6.758506284873835e8,6.350793329e7,10.37
0.7142857142857143,-0.6326530612244898,1.0752350466950052e9,1.6472512225799937e9,5.7201617588e8,53.2
0.7142857142857143,-0.5918367346938775,1.508252790333241e9,2.5324896139940414e9,1.02423682366e9,67.91
0.7142857142857143,-0.5510204081632653,1.9429300191176941e9,3.335856233269144e9,1.39292621415e9,71.69
0.7142857142857143,-0.5102040816326531,2.3232968003812933e9,4.0615223533998804e9,1.73822555302e9,74.82
0.7142857142857143,-0.46938775510204084,2.6788979198159647e9,4.713522306404816e9,2.03462438659e9,75.95
0.7142857142857143,-0.42857142857142855,3.1425042043395658e9,5.295733464270645e9,2.15322925993e9,68.52
0.7142857142857143,-0.3877551020408163,3.4197167083878655e9,5.811853934967164e9,2.39213722658e9,69.95
0.7142857142857143,-0.3469387755102041,3.6940107809243445e9,6.265378026803062e9,2.57136724588e9,69.61
0.7142857142857143,-0.30612244897959184,3.9625144653732247e9,6.659569674097071e9,2.69705520872e9,68.06
0.7142857142857143,-0.2653061224489796,4.1832694320931654e9,6.997434194231601e9,2.81416476214e9,67.27
0.7142857142857143,-0.22448979591836735,4.337355029677462e9,7.281688954683038e9,2.94433392501e9,67.88
0.7142857142857143,-0.1836734693877551,4.5694695614891615e9,7.514733754150648e9,2.94526419266e9,64.46
0.7142857142857143,-0.14285714285714285,4.70873087316849e9,7.698621940278146e9,2.98989106711e9,63.5
0.7142857142857143,-0.10204081632653061,4.823235988345727e9,7.835033464721807e9,3.01179747638e9,62.44
0.7142857142857143,-0.061224489795918366,4.806520094808687e9,7.92525117678483e9,3.11873108198e9,64.89
0.7142857142857143,-0.02040816326530612,4.838905806411127e9,7.970141644531448e9,3.13123583812e9,64.71
0.7142857142857143,0.02040816326530612,4.773402953563468e9,7.970141644531448e9,3.19673869097e9,66.97
0.7142857142857143,0.061224489795918366,4.819613561998037e9,7.92525117678483e9,3.10563761479e9,64.44
0.7142857142857143,0.10204081632653061,4.84854402703036e9,7.835033464721807e9,2.98648943769e9,61.6
0.7142857142857143,0.14285714285714285,4.638270990961087e9,7.698621940278146e9,3.06035094932e9,65.98
0.7142857142857143,0.1836734693877551,4.628861972568396e9,7.514733754150648e9,2.88587178158e9,62.35
0.7142857142857143,0.22448979591836735,4.418297875922809e9,7.281688954683038e9,2.86339107876e9,64.81
0.7142857142857143,0.2653061224489796,4.2052519180269394e9,6.997434194231601e9,2.7921822762e9,66.4
0.7142857142857143,0.30612244897959184,3.9564293221338415e9,6.659569674097071e9,2.70314035196e9,68.32
0.7142857142857143,0.3469387755102041,3.673851985747715e9,6.265378026803062e9,2.59152604106e9,70.54
0.7142857142857143,0.3877551020408163,3.4551454470877542e9,5.811853934967164e9,2.35670848788e9,68.21
0.7142857142857143,0.42857142857142855,3.0768946888414364e9,5.295733464270645e9,2.21883877543e9,72.11
0.7142857142857143,0.46938775510204084,2.809702811158705e9,4.713522306404816e9,1.90381949525e9,67.76
0.7142857142857143,0.5102040816326531,2.3870872051532e9,4.0615223533998804e9,1.67443514825e9,70.15
0.7142857142857143,0.5510204081632653,1.9002157620391681e9,3.335856233269144e9,1.43564047123e9,75.55
0.7142857142857143,0.5918367346938775,1.5160737365106537e9,2.5324896139940414e9,1.01641587748e9,67.04
0.7142857142857143,0.6326530612244898,1.0611901963181353e9,1.6472512225799937e9,5.8606102626e8,55.23
0.7142857142857143,0.673469387755102,6.271055894426258e8,6.758506284873835e8,4.874503904e7,7.77
0.7551020408163265,-0.6326530612244898,5.705931328984387e8,5.524939534166133e8,1.809917948e7,3.17
0.7551020408163265,-0.5918367346938775,9.924907774689041e8,1.4672247691612828e9,4.7473399169e8,47.83
0.7551020408163265,-0.5510204081632653,1.3672295291360433e9,2.298874438074229e9,9.3164490894e8,68.14
0.7551020408163265,-0.5102040816326531,1.7918306013709743e9,3.0515126137923975e9,1.25968201242e9,70.3
0.7551020408163265,-0.46938775510204084,2.1667781731006923e9,3.7290658429911532e9,1.56228766989e9,72.1
0.7551020408163265,-0.42857142857142855,2.524544719363703e9,4.335298214811482e9,1.81075349545e9,71.73
0.7551020408163265,-0.3877551020408163,2.8637067404853125e9,4.873790092461369e9,2.01008335198e9,70.19
0.7551020408163265,-0.3469387755102041,3.100748371896388e9,5.347915037770753e9,2.24716666587e9,72.47
0.7551020408163265,-0.30612244897959184,3.4311663596029496e9,5.760815163211418e9,2.32964880361e9,67.9
0.7551020408163265,-0.2653061224489796,3.591181111097844e9,6.115375294742655e9,2.52419418364e9,70.29
0.7551020408163265,-0.22448979591836735,3.8070748275577292e9,6.414196495732241e9,2.60712166817e9,68.48
0.7551020408163265,-0.1836734693877551,4.016536718094692e9,6.65956967400797e9,2.64303295591e9,65.8
0.7551020408163265,-0.14285714285714285,4.115506702971254e9,6.8534501514459505e9,2.73794344847e9,66.53
0.7551020408163265,-0.10204081632653061,4.157040166904508e9,6.997434194133353e9,2.84039402723e9,68.33
0.7551020408163265,-0.061224489795918366,4.2655826884634223e9,7.092738555227697e9,2.82715586676e9,66.28
0.7551020408163265,-0.02040816326530612,4.316817547798376e9,7.1401840499360285e9,2.82336650214e9,65.4
0.7551020408163265,0.02040816326530612,4.28343490958187e9,7.1401840499360285e9,2.85674914035e9,66.69
0.7551020408163265,0.061224489795918366,4.249909952262368e9,7.092738555227697e9,2.84282860297e9,66.89
0.7551020408163265,0.10204081632653061,4.188506514656825e9,6.997434194133353e9,2.80892767948e9,67.06
0.7551020408163265,0.14285714285714285,4.1945349541785192e9,6.8534501514459505e9,2.65891519727e9,63.39
0.7551020408163265,0.1836734693877551,3.955035076826341e9,6.65956967400797e9,2.70453459718e9,68.38
0.7551020408163265,0.22448979591836735,3.788145062420352e9,6.414196495732241e9,2.62605143331e9,69.32
0.7551020408163265,0.2653061224489796,3.6039680127541647e9,6.115375294742655e9,2.51140728199e9,69.68
0.7551020408163265,0.30612244897959184,3.3847656383276114e9,5.760815163211418e9,2.37604952488e9,70.2
0.7551020408163265,0.3469387755102041,3.101479297088662e9,5.347915037770753e9,2.24643574068e9,72.43
0.7551020408163265,0.3877551020408163,2.821231664653542e9,4.873790092461369e9,2.05255842781e9,72.75
0.7551020408163265,0.42857142857142855,2.4704713616544085e9,4.335298214811482e9,1.86482685316e9,75.48
0.7551020408163265,0.46938775510204084,2.168593000983879e9,3.7290658429911532e9,1.56047284201e9,71.96
0.7551020408163265,0.5102040816326531,1.7866775526815255e9,3.0515126137923975e9,1.26483506111e9,70.79
0.7551020408163265,0.5510204081632653,1.3707996373862114e9,2.298874438074229e9,9.2807480069e8,67.7
0.7551020408163265,0.5918367346938775,9.511554545125237e8,1.4672247691612828e9,5.1606931465e8,54.26
0.7551020408163265,0.6326530612244898,5.653647094368137e8,5.524939534166133e8,1.287075602e7,2.28
0.7959183673469388,-0.5918367346938775,4.5543142219053876e8,3.0450923452313703e8,1.5092218767e8,33.14
0.7959183673469388,-0.5510204081632653,8.374516273596265e8,1.1650050854613228e9,3.275534581e8,39.11
0.7959183673469388,-0.5102040816326531,1.1825343519506116e9,1.9451024910632923e9,7.6256813911e8,64.49
0.7959183673469388,-0.46938775510204084,1.5572014406799102e9,2.6486222205422616e9,1.09142077986e9,70.09
0.7959183673469388,-0.42857142857142855,1.900621568387218e9,3.279218216857476e9,1.37859664847e9,72.53
0.7959183673469388,-0.3877551020408163,2.242294034648869e9,3.8403574311109953e9,1.59806339646e9,71.27
0.7959183673469388,-0.3469387755102041,2.5495947633423777e9,4.335298214768883e9,1.78570345143e9,70.04
0.7959183673469388,-0.30612244897959184,2.8137063178252745e9,4.767067524942073e9,1.95336120712e9,69.42
0.7959183673469388,-0.2653061224489796,3.011673819559522e9,5.138437321046878e9,2.12676350149e9,70.62
0.7959183673469388,-0.22448979591836735,3.175502640643544e9,5.45190066325426e9,2.27639802261e9,71.69
0.7959183673469388,-0.1836734693877551,3.3797125889937525e9,5.7096481529958725e9,2.329935564e9,68.94
0.7959183673469388,-0.14285714285714285,3.4585782451362557e9,5.913545468292462e9,2.45496722316e9,70.98
0.7959183673469388,-0.10204081632653061,3.6008218799664245e9,6.065112824136852e9,2.46429094417e9,68.44
0.7959183673469388,-0.061224489795918366,3.6575062535124483e9,6.165507212949988e9,2.50800095944e9,68.57
0.7959183673469388,-0.02040816326530612,3.7019569011781235e9,6.215508238127539e9,2.51355133695e9,67.9
0.7959183673469388,0.02040816326530612,3.676473485062953e9,6.215508238127539e9,2.53903475306e9,69.06
0.7959183673469388,0.061224489795918366,3.6437385139474993e9,6.165507212949988e9,2.521768699e9,69.21
0.7959183673469388,0.10204081632653061,3.5361027631572647e9,6.065112824136852e9,2.52901006098e9,71.52
0.7959183673469388,0.14285714285714285,3.4919359590709267e9,5.913545468292462e9,2.42160950922e9,69.35
0.7959183673469388,0.1836734693877551,3.3181425490941224e9,5.7096481529958725e9,2.3915056039e9,72.07
0.7959183673469388,0.22448979591836735,3.1742032741587005e9,5.45190066325426e9,2.2776973891e9,71.76
0.7959183673469388,0.2653061224489796,3.0216518147739363e9,5.138437321046878e9,2.11678550627e9,70.05
0.7959183673469388,0.30612244897959184,2.8018649222657824e9,4.767067524942073e9,1.96520260268e9,70.14
0.7959183673469388,0.3469387755102041,2.5198626735997224e9,4.335298214768883e9,1.81543554117e9,72.05
0.7959183673469388,0.3877551020408163,2.226794405564748e9,3.8403574311109953e9,1.61356302555e9,72.46
0.7959183673469388,0.42857142857142855,1.938432881111546e9,3.279218216857476e9,1.34078533575e9,69.17
0.7959183673469388,0.46938775510204084,1.5965429692103534e9,2.6486222205422616e9,1.05207925133e9,65.9
0.7959183673469388,0.5102040816326531,1.190765231288192e9,1.9451024910632923e9,7.5433725978e8,63.35
0.7959183673469388,0.5510204081632653,8.105480470293839e8,1.1650050854613228e9,3.5445703843e8,43.73
0.7959183673469388,0.5918367346938775,5.0131990037887037e8,3.0450923452313703e8,1.9681066586e8,39.26
0.8367346938775511,-0.5102040816326531,6.411084380281739e8,7.373694067562555e8,9.626096873e7,15.01
0.8367346938775511,-0.46938775510204084,9.793883449997909e8,1.4672247691425643e9,4.8783642414e8,49.81
0.8367346938775511,-0.42857142857142855,1.3028578539213333e9,2.1224886200506902e9,8.1963076613e8,62.91
0.8367346938775511,-0.3877551020408163,1.5862569823010292e9,2.7065190140291023e9,1.12026203173e9,70.62
0.8367346938775511,-0.3469387755102041,1.8679638423833542e9,3.2224646124787006e9,1.3545007701e9,72.51
0.8367346938775511,-0.30612244897959184,2.1216900296016717e9,3.673243643660905e9,1.55155361406e9,73.13
0.8367346938775511,-0.2653061224489796,2.3253748910420513e9,4.061522353286083e9,1.73614746224e9,74.66
0.8367346938775511,-0.22448979591836735,2.5300425448158064e9,4.389693411300886e9,1.85965086649e9,73.5
0.8367346938775511,-0.1836734693877551,2.6209806580672665e9,4.659854838004309e9,2.03887417994e9,77.79
0.8367346938775511,-0.14285714285714285,2.856024599694048e9,4.873790092351722e9,2.01776549266e9,70.65
0.8367346938775511,-0.10204081632653061,2.89453648627775e9,5.032950014472082e9,2.13841352819e9,73.88
0.8367346938775511,-0.061224489795918366,3.0174375734042153e9,5.1384373209844885e9,2.12099974758e9,70.29
0.8367346938775511,-0.02040816326530612,2.9702174370486536e9,5.190994306741187e9,2.22077686969e9,74.77
0.8367346938775511,0.02040816326530612,3.026746725268308e9,5.190994306741187e9,2.16424758147e9,71.5
0.8367346938775511,0.061224489795918366,2.9211606959773517e9,5.1384373209844885e9,2.21727662501e9,75.9
0.8367346938775511,0.10204081632653061,2.9216820142214437e9,5.032950014472082e9,2.11126800025e9,72.26
0.8367346938775511,0.14285714285714285,2.821232404110447e9,4.873790092351722e9,2.05255768824e9,72.75
0.8367346938775511,0.1836734693877551,2.696798743277602e9,4.659854838004309e9,1.96305609473e9,72.79
0.8367346938775511,0.22448979591836735,2.576113028127075e9,4.389693411300886e9,1.81358038317e9,70.4
0.8367346938775511,0.2653061224489796,2.3873702322683344e9,4.061522353286083e9,1.67415212102e9,70.13
0.8367346938775511,0.30612244897959184,2.1635294865233774e9,3.673243643660905e9,1.50971415714e9,69.78
0.8367346938775511,0.3469387755102041,1.8552076289623284e9,3.2224646124787006e9,1.36725698352e9,73.7
0.8367346938775511,0.3877551020408163,1.581385616125727e9,2.7065190140291023e9,1.1251333979e9,71.15
0.8367346938775511,0.42857142857142855,1.3236841349970777e9,2.1224886200506902e9,7.9880448505e8,60.35
0.8367346938775511,0.46938775510204084,9.562374975869099e8,1.4672247691425643e9,5.1098727156e8,53.44
0.8367346938775511,0.5102040816326531,6.387604213710711e8,7.373694067562555e8,9.860898539e7,15.44
0.8775510204081632,-0.46938775510204084,4.363036820124997e8,1.7988407452085793e8,2.5641960749e8,58.77
0.8775510204081632,-0.42857142857142855,7.094569589737622e8,8.600869224841307e8,1.5062996351e8,21.23
0.8775510204081632,-0.3877551020408163,9.667739615589478e8,1.4672247691310492e9,5.0045080757e8,51.77
0.8775510204081632,-0.3469387755102041,1.2264221221318016e9,2.004341998159914e9,7.7791987603e8,63.43
0.8775510204081632,-0.30612244897959184,1.4970217842962124e9,2.4742542395683684e9,9.7723245527e8,65.28
0.8775510204081632,-0.2653061224489796,1.6599480602584748e9,2.879528695943349e9,1.21958063568e9,73.47
0.8775510204081632,-0.22448979591836735,1.8550704212487736e9,3.222464612446014e9,1.3673941912e9,73.71
0.8775510204081632,-0.1836734693877551,2.0684530657048268e9,3.5050743832245274e9,1.43662131752e9,69.45
0.8775510204081632,-0.14285714285714285,2.1365163657919488e9,3.7290658428808155e9,1.59254947709e9,74.54
0.8775510204081632,-0.10204081632653061,2.2692968980519853e9,3.8958263214182596e9,1.62652942337e9,71.68
0.8775510204081632,-0.061224489795918366,2.3190786973469763e9,4.006409036598163e9,1.68733033925e9,72.76
0.8775510204081632,-0.02040816326530612,2.3486700361171403e9,4.061522353239976e9,1.71285231712e9,72.93
0.8775510204081632,0.02040816326530612,2.3693116678356133e9,4.061522353239976e9,1.6922106854e9,71.42
0.8775510204081632,0.061224489795918366,2.290459562072567e9,4.006409036598163e9,1.71594947453e9,74.92
0.8775510204081632,0.10204081632653061,2.2535604097242994e9,3.8958263214182596e9,1.64226591169e9,72.87
0.8775510204081632,0.14285714285714285,2.200937978943824e9,3.7290658428808155e9,1.52812786394e9,69.43
0.8775510204081632,0.1836734693877551,2.0523265098045497e9,3.5050743832245274e9,1.45274787342e9,70.79
0.8775510204081632,0.22448979591836735,1.8823021402543068e9,3.222464612446014e9,1.34016247219e9,71.2
0.8775510204081632,0.2653061224489796,1.7118614335085006e9,2.879528695943349e9,1.16766726243e9,68.21
0.8775510204081632,0.30612244897959184,1.4303976316515346e9,2.4742542395683684e9,1.04385660792e9,72.98
0.8775510204081632,0.3469387755102041,1.2214599626452515e9,2.004341998159914e9,7.8288203551e8,64.09
0.8775510204081632,0.3877551020408163,1.0144783223082054e9,1.4672247691310492e9,4.5274644682e8,44.63
0.8775510204081632,0.42857142857142855,7.121740595278237e8,8.600869224841307e8,1.4791286296e8,20.77
0.8775510204081632,0.46938775510204084,4.417599205249203e8,1.7988407452085793e8,2.61875846e8,59.28
0.9183673469387755,-0.3877551020408163,4.2942365353319836e8,1.174139180192259e8,3.1200973551e8,72.66
0.9183673469387755,-0.3469387755102041,6.113411566229789e8,6.758506284668585e8,6.450947184e7,10.55
0.9183673469387755,-0.30612244897959184,8.44718670515371e8,1.1650050854350665e9,3.2028641492e8,37.92
0.9183673469387755,-0.2653061224489796,1.0259352605680803e9,1.587351644425185e9,5.6141638386e8,54.72
0.9183673469387755,-0.22448979591836735,1.1943619171585617e9,1.9451024910141058e9,7.5074057386e8,62.86
0.9183673469387755,-0.1836734693877551,1.4110879057417164e9,2.240190661185441e9,8.2910275544e8,58.76
0.9183673469387755,-0.14285714285714285,1.488985650246562e9,2.4742542395433393e9,9.852685893e8,66.17
0.9183673469387755,-0.10204081632653061,1.5634358473782601e9,2.648622220468082e9,1.08518637309e9,69.41
0.9183673469387755,-0.061224489795918366,1.6467228915791872e9,2.764302506335891e9,1.11757961476e9,67.87
0.9183673469387755,-0.02040816326530612,1.6872463639120946e9,2.8219724749529223e9,1.13472611104e9,67.25
0.9183673469387755,0.02040816326530612,1.64416614553463e9,2.8219724749529223e9,1.17780632942e9,71.64
0.9183673469387755,0.061224489795918366,1.580506373281316e9,2.764302506335891e9,1.18379613305e9,74.9
0.9183673469387755,0.10204081632653061,1.5837435836109214e9,2.648622220468082e9,1.06487863686e9,67.24
0.9183673469387755,0.14285714285714285,1.45235160341642e9,2.4742542395433393e9,1.02190263613e9,70.36
0.9183673469387755,0.1836734693877551,1.3500601297332299e9,2.240190661185441e9,8.9013053145e8,65.93
0.9183673469387755,0.22448979591836735,1.205791916034722e9,1.9451024910141058e9,7.3931057498e8,61.31
0.9183673469387755,0.2653061224489796,1.0333190642197644e9,1.587351644425185e9,5.5403258021e8,53.62
0.9183673469387755,0.30612244897959184,7.777866770861174e8,1.1650050854350665e9,3.8721840835e8,49.78
0.9183673469387755,0.3469387755102041,6.246585794513309e8,6.758506284668585e8,5.119204902e7,8.2
0.9183673469387755,0.3877551020408163,4.055272975129866e8,1.174139180192259e8,2.8811337949e8,71.05
0.9591836734693877,-0.2653061224489796,4.2545212807324517e8,1.798840745180109e8,2.4556805356e8,57.72
0.9591836734693877,-0.22448979591836735,5.770774123238682e8,5.524939533975987e8,2.458345893e7,4.26
0.9591836734693877,-0.1836734693877551,7.129538399204905e8,8.600869224692457e8,1.4713308255e8,20.64
0.9591836734693877,-0.14285714285714285,8.059603942395383e8,1.104236564598967e9,2.9827617036e8,37.01
0.9591836734693877,-0.10204081632653061,9.274269985289972e8,1.286218123299972e9,3.5879112477e8,38.69
0.9591836734693877,-0.061224489795918366,9.065572110246851e8,1.4069978682913506e9,5.0044065727e8,55.2
0.9591836734693877,-0.02040816326530612,9.860952521502187e8,1.467224769103585e9,4.8112951695e8,48.79
0.9591836734693877,0.02040816326530612,9.645651631586244e8,1.467224769103585e9,5.0265960594e8,52.11
0.9591836734693877,0.061224489795918366,9.420152482412144e8,1.4069978682913506e9,4.6498262005e8,49.36
0.9591836734693877,0.10204081632653061,8.874372692020191e8,1.286218123299972e9,3.987808541e8,44.94
0.9591836734693877,0.14285714285714285,7.848659564080156e8,1.104236564598967e9,3.1937060819e8,40.69
0.9591836734693877,0.1836734693877551,6.960481281710796e8,8.600869224692457e8,1.640387943e8,23.57
0.9591836734693877,0.22448979591836735,5.67219248005454e8,5.524939533975987e8,1.472529461e7,2.6
0.9591836734693877,0.2653061224489796,4.423730443707892e8,1.798840745180109e8,2.6248896985e8,59.34
